item_id,article,condition,len_ratio,app_no_recall,date_recall,date_set_recall,salient_num_recall,salient_num_set_recall,all_num_recall,name_set_recall,salient_lost,salient_added,n_salient_added,verdict_terms_src,verdict_terms_dst,preamble_or_refusal,truncated_source,max_input_chunk_chars,n_input_chunks,chunk_tail_recall,output_tokens_o200k,tail_lost,end_cut
001-108433,10,light,0.9677,1.0,1.0,1.0,1.0,1.0,1.0,1.0,,,0,2,2,False,False,5101,5,,,False,False
001-108433,10,medium,0.9636,1.0,1.0,1.0,1.0,1.0,0.9830508474576272,0.9896907216494846,,,0,2,1,False,False,5101,5,,,False,False
001-108433,10,heavy,0.9521,1.0,1.0,1.0,1.0,1.0,0.9830508474576272,1.0,,,0,2,1,False,False,5101,5,,,False,False
001-108580,34,light,1.0039,1.0,1.0,1.0,0.9166666666666666,0.9090909090909091,0.4854368932038835,0.9344262295081968,73.28,,0,2,2,False,False,16832,1,1.0,3625,False,False
001-108580,34,medium,1.0291,1.0,1.0,1.0,0.9166666666666666,0.9090909090909091,0.4854368932038835,0.8360655737704918,73.28,2002-02-28,1,2,0,False,False,16832,1,1.0,3667,False,False
001-108580,34,heavy,0.9986,1.0,1.0,1.0,0.9166666666666666,0.9090909090909091,0.4854368932038835,0.8360655737704918,73.28,2002-02-28,1,2,1,False,False,16832,1,1.0,3584,False,False
001-108599,3,light,0.9397,1.0,0.9387755102040817,0.9361702127659575,0.875,0.8666666666666667,0.9202127659574468,0.9586206896551724,1984 1991 469 692 1994-01-07 1997-08-11 2002-07-11,,0,8,7,False,True,4810,19,,,False,False
001-108599,3,medium,0.9393,1.0,0.8979591836734694,0.8936170212765957,0.875,0.8666666666666667,0.9095744680851063,0.9379310344827586,1984 1991 469 692 1994-01-07 1997-08-11 2002-07-11 2009-03-25 2009-09-07,,0,8,6,False,True,4810,19,,,False,False
001-108599,3,heavy,0.947,1.0,0.9387755102040817,0.9361702127659575,0.85,0.8333333333333334,0.9148936170212766,0.9310344827586207,161 1984 1991 469 692 1994-01-07 1997-08-11 2002-07-11,,0,8,7,False,True,4810,19,,,False,False
001-108607,5,light,0.9953,1.0,1.0,1.0,0.9230769230769231,0.9090909090909091,0.9487179487179487,0.9827586206896551,2009,2009-09-08,1,4,3,False,False,4226,5,,,False,False
001-108607,5,medium,1.004,1.0,1.0,1.0,0.9230769230769231,0.9090909090909091,0.8974358974358975,0.9655172413793104,2009,2009-09-08,1,4,4,False,False,4226,5,,,False,False
001-108607,5,heavy,1.0079,1.0,1.0,1.0,0.9230769230769231,0.9090909090909091,0.9230769230769231,0.9655172413793104,2009,2009-09-08,1,4,4,False,False,4226,5,,,False,False
001-108680,8,light,0.9867,1.0,1.0,1.0,1.0,1.0,1.0,1.0,,,0,7,6,False,False,3345,9,,,False,False
001-108680,8,medium,0.9708,1.0,1.0,1.0,1.0,1.0,0.9591836734693877,0.96875,,,0,7,5,False,False,3345,9,,,False,False
001-108680,8,heavy,0.9769,1.0,1.0,1.0,1.0,1.0,0.9387755102040817,1.0,,,0,7,6,False,False,3345,9,,,False,False
001-108859,6,light,1.0027,1.0,1.0,1.0,1.0,1.0,1.0,0.98,,,0,0,0,False,False,2617,1,,670,False,False
001-108859,6,medium,1.0134,1.0,1.0,1.0,1.0,1.0,1.0,0.96,,,0,0,0,False,False,2617,1,,671,False,False
001-108859,6,heavy,0.9916,1.0,1.0,1.0,1.0,1.0,1.0,1.0,,,0,0,0,False,False,2617,1,,656,False,False
001-109062,P4-2,light,0.9825,1.0,1.0,1.0,1.0,1.0,1.0,1.0,,,0,0,0,False,False,2938,2,,,False,False
001-109062,P4-2,medium,0.9763,1.0,1.0,1.0,1.0,1.0,1.0,1.0,,,0,0,0,False,False,2938,2,,,False,False
001-109062,P4-2,heavy,1.0159,1.0,1.0,1.0,1.0,1.0,1.0,1.0,,,0,0,0,False,False,2938,2,,,False,False
001-109072,8,light,0.9889,1.0,1.0,1.0,1.0,1.0,0.9875,0.9655172413793104,,,0,0,0,False,True,4722,19,,,False,False
001-109072,8,medium,0.9864,1.0,0.9827586206896551,1.0,0.9375,0.95,0.9375,0.9396551724137931,000,200000,1,0,0,False,True,4722,19,,,False,False
001-109072,8,heavy,1.0007,1.0,1.0,1.0,1.0,1.0,0.9375,0.9568965517241379,,,0,0,0,False,True,4722,19,,,False,False
001-109565,8,light,0.9908,1.0,1.0,1.0,1.0,1.0,0.5348837209302325,1.0,,,0,2,2,False,False,9732,1,,2023,False,False
001-109565,8,medium,0.995,1.0,1.0,1.0,1.0,1.0,0.5116279069767442,0.8955223880597015,,,0,2,2,False,False,9732,1,,1986,False,False
001-109565,8,heavy,1.0005,1.0,1.0,1.0,1.0,1.0,0.5116279069767442,0.9104477611940298,,,0,2,1,False,False,9732,1,,2033,False,False
001-109572,14,light,0.9894,1.0,1.0,1.0,1.0,1.0,1.0,0.9727272727272728,,,0,4,3,False,False,3946,10,,,False,False
001-109572,14,medium,0.9685,1.0,1.0,1.0,1.0,1.0,0.974025974025974,0.9454545454545454,,,0,4,2,False,False,3946,10,,,False,False
001-109572,14,heavy,0.9671,1.0,1.0,1.0,1.0,1.0,1.0,0.9454545454545454,,,0,4,2,False,False,3946,10,,,False,False
001-109575,8,light,0.9742,1.0,1.0,1.0,1.0,1.0,1.0,1.0,,,0,1,1,False,False,12337,4,,,False,False
001-109575,8,medium,0.9902,1.0,1.0,1.0,0.9696969696969697,1.0,0.9777777777777777,0.9692307692307692,,,0,1,1,False,False,12337,4,,,False,False
001-109575,8,heavy,0.9795,1.0,1.0,1.0,0.9696969696969697,1.0,0.9777777777777777,0.9692307692307692,,,0,1,1,False,False,12337,4,,,False,False
001-109581,5,light,0.9792,1.0,1.0,1.0,1.0,1.0,0.9934640522875817,1.0,,,0,8,8,False,False,10951,8,,,False,False
001-109581,5,medium,0.9701,1.0,0.9629629629629629,1.0,1.0,1.0,0.9673202614379085,0.9928571428571429,,,0,8,7,False,False,10951,8,,,False,False
001-109581,5,heavy,0.9771,1.0,0.9629629629629629,1.0,1.0,1.0,0.9673202614379085,0.9857142857142858,,,0,8,7,False,False,10951,8,,,False,False
001-110164,6,light,0.9924,1.0,1.0,1.0,1.0,1.0,0.9917355371900827,1.0,,,0,1,1,False,False,3040,12,,,False,False
001-110164,6,medium,1.0016,1.0,1.0,1.0,0.96875,1.0,0.9752066115702479,1.0,,,0,1,1,False,False,3040,12,,,False,False
001-110164,6,heavy,1.0008,1.0,1.0,1.0,1.0,1.0,0.9917355371900827,1.0,,,0,1,1,False,False,3040,12,,,False,False
001-110171,10,light,0.9832,1.0,1.0,1.0,1.0,1.0,1.0,1.0,,,0,3,2,False,False,5816,7,,,False,False
001-110171,10,medium,0.9669,1.0,1.0,1.0,1.0,1.0,0.9876543209876543,0.9803921568627451,,,0,3,4,False,False,5816,7,,,False,False
001-110171,10,heavy,0.9628,1.0,1.0,1.0,1.0,1.0,1.0,0.9803921568627451,,,0,3,5,False,False,5816,7,,,False,False
001-110249,3,light,0.9893,1.0,1.0,1.0,1.0,1.0,0.991869918699187,0.9855072463768116,,,0,2,1,False,False,3315,7,,,False,False
001-110249,3,medium,0.9835,1.0,1.0,1.0,1.0,1.0,1.0,0.9855072463768116,,,0,2,1,False,False,3315,7,,,False,False
001-110249,3,heavy,0.9915,1.0,1.0,1.0,1.0,1.0,0.983739837398374,0.9855072463768116,,,0,2,0,False,False,3315,7,,,False,False
001-110271,8,light,0.9637,1.0,1.0,1.0,1.0,1.0,1.0,1.0,,,0,4,3,False,False,8609,4,,,False,False
001-110271,8,medium,0.9547,1.0,0.9666666666666667,0.9629629629629629,1.0,1.0,0.9523809523809523,0.9571428571428572,2009-11-12,,0,4,2,False,False,8609,4,,,False,False
001-110271,8,heavy,0.9533,1.0,1.0,1.0,1.0,1.0,0.9523809523809523,0.9571428571428572,,,0,4,1,False,False,8609,4,,,False,False
001-110486,P4-2,light,0.9794,1.0,1.0,1.0,1.0,1.0,0.9923076923076923,1.0,,,0,4,3,False,False,6822,7,,,False,False
001-110486,P4-2,medium,0.972,1.0,1.0,1.0,1.0,1.0,0.9769230769230769,0.9861111111111112,,,0,4,0,False,False,6822,7,,,False,False
001-110486,P4-2,heavy,0.9701,1.0,1.0,1.0,1.0,1.0,0.9846153846153847,1.0,,,0,4,0,False,False,6822,7,,,False,False
001-110702,6,light,0.9867,1.0,1.0,1.0,1.0,1.0,1.0,1.0,,,0,0,0,False,False,2704,1,,631,False,False
001-110702,6,medium,0.9852,1.0,1.0,1.0,1.0,1.0,1.0,0.975,,,0,0,0,False,False,2704,1,,620,False,False
001-110702,6,heavy,0.9959,1.0,1.0,1.0,1.0,1.0,1.0,1.0,,,0,0,0,False,False,2704,1,,626,False,False
001-110810,6,light,0.9925,1.0,1.0,1.0,1.0,1.0,1.0,0.9649122807017544,,,0,0,0,False,False,2537,3,,,False,False
001-110810,6,medium,0.992,1.0,1.0,1.0,1.0,1.0,0.9767441860465116,0.9649122807017544,,,0,0,0,False,False,2537,3,,,False,False
001-110810,6,heavy,0.992,1.0,1.0,1.0,1.0,1.0,0.9767441860465116,0.9649122807017544,,,0,0,0,False,False,2537,3,,,False,False
001-110812,13,light,0.9854,1.0,1.0,1.0,1.0,1.0,1.0,1.0,,,0,0,0,False,False,2797,4,,,False,False
001-110812,13,medium,0.9894,1.0,1.0,1.0,1.0,1.0,1.0,1.0,,,0,0,0,False,False,2797,4,,,False,False
001-110812,13,heavy,0.9927,1.0,1.0,1.0,1.0,1.0,1.0,1.0,,,0,0,0,False,False,2797,4,,,False,False
001-110936,5,light,0.9752,1.0,1.0,1.0,1.0,1.0,1.0,1.0,,,0,0,0,False,False,2584,2,,,False,False
001-110936,5,medium,0.9591,1.0,1.0,1.0,1.0,1.0,1.0,1.0,,,0,0,0,False,False,2584,2,,,False,False
001-110936,5,heavy,0.9936,1.0,1.0,1.0,1.0,1.0,1.0,0.9512195121951219,,,0,0,0,False,False,2584,2,,,False,False
001-110942,8,light,0.9865,1.0,1.0,1.0,1.0,1.0,1.0,1.0,,,0,1,1,False,False,2975,5,,,False,False
001-110942,8,medium,0.9672,1.0,1.0,1.0,1.0,1.0,0.9818181818181818,0.974025974025974,,,0,1,1,False,False,2975,5,,,False,False
001-110942,8,heavy,0.972,1.0,1.0,1.0,1.0,1.0,0.9818181818181818,0.987012987012987,,,0,1,1,False,False,2975,5,,,False,False
001-110949,3,light,0.9835,1.0,1.0,1.0,1.0,1.0,0.9934426229508196,0.9863013698630136,,,0,7,7,False,True,5151,20,,,False,False
001-110949,3,medium,0.9587,1.0,0.944,0.987012987012987,1.0,1.0,0.9934426229508196,0.9726027397260274,2007-03-29,,0,7,2,False,True,5151,20,,,False,False
001-110949,3,heavy,0.9724,1.0,0.96,0.987012987012987,1.0,1.0,0.9868852459016394,0.9863013698630136,2007-03-29,,0,7,2,False,True,5151,20,,,False,False
001-110950,6,light,0.9863,1.0,1.0,1.0,1.0,1.0,1.0,0.9875,,,0,20,20,False,False,6820,14,,,False,False
001-110950,6,medium,0.9689,1.0,0.9811320754716981,1.0,1.0,1.0,0.9929577464788732,0.9625,,,0,20,9,False,False,6820,14,,,False,False
001-110950,6,heavy,0.9746,1.0,1.0,1.0,1.0,1.0,1.0,0.9625,,,0,20,11,False,False,6820,14,,,False,False
001-111044,P1-3,light,0.9961,1.0,1.0,1.0,1.0,1.0,1.0,1.0,,,0,3,3,False,False,3187,8,,,False,False
001-111044,P1-3,medium,1.0129,1.0,1.0,1.0,1.0,1.0,1.0,0.9906542056074766,,,0,3,5,False,False,3187,8,,,False,False
001-111044,P1-3,heavy,1.0162,1.0,1.0,1.0,1.0,1.0,1.0,0.9906542056074766,,,0,3,5,False,False,3187,8,,,False,False
001-111175,6,light,0.9784,1.0,1.0,1.0,1.0,1.0,1.0,1.0,,,0,2,1,False,False,5570,2,,,False,False
001-111175,6,medium,0.9831,1.0,1.0,1.0,1.0,1.0,1.0,1.0,,,0,2,0,False,False,5570,2,,,False,False
001-111175,6,heavy,1.0042,1.0,1.0,1.0,1.0,1.0,1.0,1.0,,,0,2,0,False,False,5570,2,,,False,False
001-111369,7,light,0.9938,1.0,1.0,1.0,1.0,1.0,1.0,0.9764705882352941,,,0,8,6,False,False,5299,11,,,False,False
001-111369,7,medium,0.9729,1.0,1.0,1.0,1.0,1.0,1.0,0.9882352941176471,,,0,8,4,False,False,5299,11,,,False,False
001-111369,7,heavy,0.9778,1.0,1.0,1.0,1.0,1.0,0.9950248756218906,0.9882352941176471,,,0,8,3,False,False,5299,11,,,False,False
001-111394,14,light,0.9802,1.0,1.0,1.0,1.0,1.0,1.0,0.9818181818181818,,,0,1,1,False,False,2999,4,,,False,False
001-111394,14,medium,0.9716,1.0,1.0,1.0,1.0,1.0,1.0,0.9818181818181818,,,0,1,1,False,False,2999,4,,,False,False
001-111394,14,heavy,0.9755,1.0,1.0,1.0,1.0,1.0,1.0,0.9818181818181818,,,0,1,1,False,False,2999,4,,,False,False
001-111419,6,light,0.9976,1.0,1.0,1.0,1.0,1.0,1.0,1.0,,,0,2,2,False,False,2789,3,,,False,False
001-111419,6,medium,0.9826,1.0,1.0,1.0,1.0,1.0,0.9459459459459459,0.9710144927536232,,,0,2,2,False,False,2789,3,,,False,False
001-111419,6,heavy,0.987,1.0,1.0,1.0,1.0,1.0,0.9459459459459459,0.9710144927536232,,,0,2,1,False,False,2789,3,,,False,False
001-111429,3,light,0.9812,1.0,1.0,1.0,1.0,1.0,1.0,0.9739130434782609,,,0,2,1,False,False,7661,11,,,False,False
001-111429,3,medium,0.9884,1.0,1.0,1.0,0.9777777777777777,1.0,0.984375,0.9565217391304348,,,0,2,1,False,False,7661,11,,,False,False
001-111429,3,heavy,0.9997,1.0,1.0,1.0,1.0,1.0,0.9921875,0.9652173913043478,,,0,2,1,False,False,7661,11,,,False,False
001-111518,6,light,0.9799,1.0,1.0,1.0,0.92,0.8947368421052632,0.9565217391304348,0.9864864864864865,100 290,,0,2,2,False,False,4085,5,,,False,False
001-111518,6,medium,0.9655,1.0,1.0,1.0,0.92,0.8947368421052632,0.9130434782608695,0.972972972972973,100 290,,0,2,2,False,False,4085,5,,,False,False
001-111518,6,heavy,0.9667,1.0,1.0,1.0,0.96,0.9473684210526315,0.9565217391304348,0.972972972972973,290,,0,2,1,False,False,4085,5,,,False,False
001-111521,P1-1,light,0.9848,1.0,1.0,1.0,1.0,1.0,1.0,0.9875,,,0,1,1,False,False,4386,8,,,False,False
001-111521,P1-1,medium,0.9777,1.0,0.9859154929577465,1.0,1.0,1.0,0.9829059829059829,0.9375,,,0,1,1,False,False,4386,8,,,False,False
001-111521,P1-1,heavy,0.977,1.0,0.9859154929577465,1.0,1.0,1.0,0.9743589743589743,0.9625,,,0,1,1,False,False,4386,8,,,False,False
001-111628,5,light,0.9762,1.0,1.0,1.0,1.0,1.0,1.0,0.9818181818181818,,,0,3,1,False,False,6916,6,,,False,False
001-111628,5,medium,0.957,1.0,1.0,1.0,1.0,1.0,0.9864864864864865,0.9818181818181818,,,0,3,1,False,False,6916,6,,,False,False
001-111628,5,heavy,0.9467,1.0,1.0,1.0,1.0,1.0,0.9864864864864865,0.9818181818181818,,,0,3,1,False,False,6916,6,,,False,False
001-111666,5,light,0.9919,1.0,1.0,1.0,0.972972972972973,1.0,0.9361702127659575,0.9861111111111112,,,0,2,2,False,False,3820,9,,,False,False
001-111666,5,medium,1.0057,1.0,1.0,1.0,0.9459459459459459,1.0,0.9148936170212766,0.9583333333333334,,,0,2,2,False,False,3820,9,,,False,False
001-111666,5,heavy,1.0176,1.0,1.0,1.0,0.972972972972973,1.0,0.9787234042553191,0.9861111111111112,,,0,2,2,False,False,3820,9,,,False,False
001-111902,8,light,0.9559,1.0,0.9583333333333334,0.9565217391304348,1.0,1.0,0.975609756097561,0.9857142857142858,2007-04-26,,0,1,0,False,False,5174,5,,,False,False
001-111902,8,medium,0.948,1.0,0.9583333333333334,0.9565217391304348,1.0,1.0,0.975609756097561,1.0,2007-04-26,,0,1,0,False,False,5174,5,,,False,False
001-111902,8,heavy,0.9597,1.0,0.9583333333333334,0.9565217391304348,1.0,1.0,0.975609756097561,0.9857142857142858,2007-04-26,,0,1,0,False,False,5174,5,,,False,False
001-111938,8,light,0.9864,1.0,0.9926470588235294,1.0,1.0,1.0,0.9772727272727273,1.0,,,0,0,0,False,True,7094,15,,,False,False
001-111938,8,medium,0.9713,1.0,0.9779411764705882,1.0,1.0,1.0,0.9659090909090909,1.0,,,0,0,0,False,True,7094,15,,,False,False
001-111938,8,heavy,0.9904,1.0,0.9926470588235294,1.0,1.0,1.0,0.9772727272727273,1.0,,,0,0,0,False,True,7094,15,,,False,False
001-112102,6,light,0.9784,1.0,1.0,1.0,1.0,1.0,1.0,1.0,,,0,3,3,False,False,6985,11,,,False,False
001-112102,6,medium,0.984,1.0,1.0,1.0,1.0,1.0,0.9135802469135802,1.0,,,0,3,2,False,False,6985,11,,,False,False
001-112102,6,heavy,0.9979,1.0,1.0,1.0,1.0,1.0,0.9382716049382716,1.0,,,0,3,4,False,False,6985,11,,,False,False
001-112465,3,light,0.9759,1.0,1.0,1.0,1.0,1.0,1.0,1.0,,,0,1,1,False,False,3291,6,,,False,False
001-112465,3,medium,0.9755,1.0,1.0,1.0,0.9615384615384616,1.0,0.967032967032967,1.0,,,0,1,1,False,False,3291,6,,,False,False
001-112465,3,heavy,0.9833,1.0,1.0,1.0,0.9615384615384616,1.0,0.989010989010989,0.90625,,,0,1,2,False,False,3291,6,,,False,False
001-112529,P1-1,light,0.9809,1.0,1.0,1.0,1.0,1.0,0.9948717948717949,1.0,,,0,1,1,False,False,3123,9,,,False,False
001-112529,P1-1,medium,0.9709,1.0,1.0,1.0,0.9752066115702479,1.0,0.9794871794871794,0.9879518072289156,,,0,1,1,False,False,3123,9,,,False,False
001-112529,P1-1,heavy,0.9642,1.0,1.0,1.0,0.9917355371900827,1.0,0.9948717948717949,0.9156626506024096,,,0,1,1,False,False,3123,9,,,False,False
001-112576,3,light,0.989,1.0,1.0,1.0,1.0,1.0,1.0,0.9629629629629629,,,0,4,1,False,False,8252,17,,,False,False
001-112576,3,medium,0.9805,1.0,0.9552238805970149,0.9411764705882353,0.9859154929577465,1.0,0.9863636363636363,0.9351851851851852,2003-05-27 2003-11-19 2009-04-21,2005-05-16,1,4,1,False,False,8252,17,,,False,False
001-112576,3,heavy,0.9807,1.0,1.0,1.0,1.0,1.0,0.9954545454545455,0.9629629629629629,,,0,4,2,False,False,8252,17,,,False,False
001-112588,8,light,0.9915,1.0,1.0,1.0,1.0,1.0,1.0,1.0,,,0,10,11,False,False,6164,9,,,False,False
001-112588,8,medium,1.0006,1.0,0.9777777777777777,1.0,1.0,1.0,1.0,0.9722222222222222,,,0,10,6,False,False,6164,9,,,False,False
001-112588,8,heavy,1.0021,1.0,1.0,1.0,1.0,1.0,1.0,0.9722222222222222,,,0,10,6,False,False,6164,9,,,False,False
001-113137,10,light,0.9877,1.0,1.0,1.0,1.0,1.0,0.9661016949152542,0.9803921568627451,,,0,0,1,False,False,6080,9,,,False,False
001-113137,10,medium,1.0019,1.0,1.0,1.0,1.0,1.0,1.0,0.9313725490196079,,100 1000,2,0,1,False,False,6080,9,,,False,False
001-113137,10,heavy,1.0268,1.0,1.0,1.0,1.0,1.0,0.9830508474576272,0.8823529411764706,,100 1000,2,0,1,False,False,6080,9,,,False,False
001-113328,2,light,0.9823,1.0,0.9859154929577465,1.0,1.0,1.0,0.9928057553956835,0.9761904761904762,,,0,9,9,False,False,3192,15,,,False,False
001-113328,2,medium,0.9608,1.0,0.9859154929577465,1.0,0.9722222222222222,1.0,0.9712230215827338,0.9523809523809523,,,0,9,7,False,False,3192,15,,,False,False
001-113328,2,heavy,0.9654,1.0,1.0,1.0,1.0,1.0,1.0,0.8571428571428571,,,0,9,7,False,False,3192,15,,,False,False
001-113432,3,light,0.9896,1.0,1.0,1.0,1.0,1.0,1.0,0.9887640449438202,,,0,1,1,False,False,4332,11,,,False,False
001-113432,3,medium,0.9839,1.0,1.0,1.0,0.9545454545454546,1.0,0.9523809523809523,0.9662921348314607,,,0,1,1,False,False,4332,11,,,False,False
001-113432,3,heavy,0.987,1.0,1.0,1.0,1.0,1.0,1.0,0.9662921348314607,,,0,1,1,False,False,4332,11,,,False,False
001-113648,6,light,0.9705,1.0,0.9833333333333333,0.9814814814814815,1.0,1.0,1.0,1.0,2000-07-11,,0,2,4,False,False,5998,8,,,False,False
001-113648,6,medium,0.9379,1.0,0.9666666666666667,0.9629629629629629,1.0,1.0,1.0,1.0,2000-07-11 2003-11-25,,0,2,2,False,False,5998,8,,,False,False
001-113648,6,heavy,0.9451,1.0,1.0,1.0,1.0,1.0,1.0,0.9864864864864865,,,0,2,2,False,False,5998,8,,,False,False
001-113806,6,light,0.9952,1.0,1.0,1.0,1.0,1.0,1.0,1.0,,,0,0,0,False,False,4970,3,,,False,False
001-113806,6,medium,1.0206,1.0,1.0,1.0,1.0,1.0,1.0,0.9154929577464789,,,0,0,0,False,False,4970,3,,,False,False
001-113806,6,heavy,1.0039,1.0,1.0,1.0,1.0,1.0,1.0,1.0,,,0,0,0,False,False,4970,3,,,False,False
001-113819,8,light,1.0006,1.0,1.0,1.0,1.0,1.0,0.9907407407407407,0.9913793103448276,,,0,1,1,False,False,3220,9,,,False,False
001-113819,8,medium,1.0,1.0,1.0,1.0,1.0,1.0,0.9814814814814815,0.9568965517241379,,,0,1,1,False,False,3220,9,,,False,False
001-113819,8,heavy,0.9943,1.0,1.0,1.0,1.0,1.0,0.9814814814814815,0.9568965517241379,,,0,1,1,False,False,3220,9,,,False,False
001-114082,P1-2,light,0.9865,1.0,1.0,1.0,1.0,1.0,1.0,0.9783549783549783,,,0,2,2,False,True,7525,17,,,False,False
001-114082,P1-2,medium,0.9848,1.0,0.9591836734693877,0.9583333333333334,0.9512195121951219,1.0,0.9604743083003953,0.9264069264069265,1992-04-02 2004-07-19,100,1,2,3,False,True,7525,17,,,False,False
001-114082,P1-2,heavy,0.993,1.0,1.0,1.0,0.991869918699187,1.0,0.9841897233201581,0.961038961038961,,,0,2,3,False,True,7525,17,,,False,False
001-114085,3,light,0.9838,1.0,1.0,1.0,1.0,1.0,1.0,1.0,,,0,4,3,False,True,12595,15,1.0,,False,False
001-114085,3,medium,0.9679,1.0,0.9927007299270073,1.0,0.9433962264150944,1.0,0.9792746113989638,0.9772727272727273,,2003-01-29 2003-06-30,2,4,2,False,True,12595,15,1.0,,False,False
001-114085,3,heavy,0.9789,1.0,1.0,1.0,0.9433962264150944,1.0,0.9637305699481865,0.9090909090909091,,2002-03-22 2003-01-29 2003-06-30,3,4,3,False,True,12595,15,1.0,,False,False
001-114087,3,light,0.988,1.0,1.0,1.0,1.0,1.0,1.0,0.9852941176470589,,,0,0,0,False,False,4535,4,,,False,False
001-114087,3,medium,0.9626,1.0,1.0,1.0,1.0,1.0,0.9183673469387755,0.9705882352941176,,,0,0,0,False,False,4535,4,,,False,False
001-114087,3,heavy,0.9778,1.0,1.0,1.0,1.0,1.0,0.9183673469387755,1.0,,,0,0,0,False,False,4535,4,,,False,False
001-114096,P1-1,light,0.9886,1.0,1.0,1.0,1.0,1.0,1.0,1.0,,,0,0,0,False,False,2134,2,,,False,False
001-114096,P1-1,medium,0.9904,1.0,1.0,1.0,1.0,1.0,1.0,0.9565217391304348,,,0,0,0,False,False,2134,2,,,False,False
001-114096,P1-1,heavy,0.9974,1.0,1.0,1.0,1.0,1.0,1.0,1.0,,,0,0,0,False,False,2134,2,,,False,False
001-114243,13,light,0.9934,1.0,1.0,1.0,0.9829059829059829,0.9682539682539683,0.9782608695652174,0.9885057471264368,57389 894,57389894,1,1,1,False,False,8040,14,,,False,False
001-114243,13,medium,1.0126,1.0,1.0,1.0,0.9743589743589743,0.9682539682539683,0.9782608695652174,0.9540229885057471,57389 894,57389894,1,1,0,False,False,8040,14,,,False,False
001-114243,13,heavy,1.0097,1.0,1.0,1.0,0.9743589743589743,0.9682539682539683,0.9782608695652174,0.9655172413793104,57389 894,57389894,1,1,0,False,False,8040,14,,,False,False
001-114244,14,light,0.998,1.0,1.0,1.0,1.0,1.0,0.9487179487179487,0.9795918367346939,,,0,0,0,False,False,3924,8,,,False,False
001-114244,14,medium,0.9973,1.0,0.9545454545454546,1.0,0.9705882352941176,1.0,0.9487179487179487,0.9693877551020408,,,0,0,0,False,False,3924,8,,,False,False
001-114244,14,heavy,1.0146,1.0,1.0,1.0,0.9705882352941176,1.0,0.9743589743589743,0.9693877551020408,,,0,0,0,False,False,3924,8,,,False,False
001-114273,10,light,0.9814,1.0,1.0,1.0,1.0,1.0,1.0,1.0,,,0,14,13,False,False,9025,4,,,False,False
001-114273,10,medium,0.9542,1.0,1.0,1.0,1.0,1.0,1.0,0.9830508474576272,,,0,14,6,False,False,9025,4,,,False,False
001-114273,10,heavy,0.9645,1.0,1.0,1.0,1.0,1.0,1.0,0.9661016949152542,,,0,14,7,False,False,9025,4,,,False,False
001-114439,8,light,0.9831,1.0,1.0,1.0,0.96875,1.0,0.9831932773109243,0.9911504424778761,,1990 876,2,4,5,False,True,6266,20,,,False,False
001-114439,8,medium,0.9799,1.0,1.0,1.0,0.96875,1.0,0.9495798319327731,0.9823008849557522,,1990 876,2,4,4,False,True,6266,20,,,False,False
001-114439,8,heavy,0.9947,1.0,1.0,1.0,0.96875,1.0,0.9495798319327731,0.9292035398230089,,876,1,4,5,False,True,6266,20,,,False,False
001-114473,2,light,0.9946,1.0,1.0,1.0,1.0,1.0,0.971830985915493,0.9900990099009901,,,0,9,8,False,False,3828,20,,,False,False
001-114473,2,medium,1.0074,1.0,0.8666666666666667,0.9705882352941176,1.0,1.0,0.9647887323943662,0.9603960396039604,2000-11-19,,0,9,7,False,False,3828,20,,,False,False
001-114473,2,heavy,1.0226,1.0,1.0,1.0,1.0,1.0,0.971830985915493,0.9702970297029703,,,0,9,8,False,False,3828,20,,,False,False
001-114485,5,light,0.9835,1.0,1.0,1.0,1.0,1.0,1.0,0.9583333333333334,,,0,4,3,False,False,6009,10,,,False,False
001-114485,5,medium,0.9617,1.0,1.0,1.0,0.9803921568627451,1.0,0.9883720930232558,0.9583333333333334,,,0,4,0,False,False,6009,10,,,False,False
001-114485,5,heavy,0.968,1.0,1.0,1.0,0.9803921568627451,1.0,0.9883720930232558,0.9479166666666666,,,0,4,0,False,False,6009,10,,,False,False
001-114486,14,light,0.9879,1.0,1.0,1.0,1.0,1.0,0.9523809523809523,0.9850746268656716,,,0,1,2,False,False,5041,4,,,False,False
001-114486,14,medium,0.9932,1.0,1.0,1.0,1.0,1.0,0.9285714285714286,0.9850746268656716,,,0,1,1,False,False,5041,4,,,False,False
001-114486,14,heavy,1.0008,1.0,1.0,1.0,1.0,1.0,0.9285714285714286,1.0,,,0,1,2,False,False,5041,4,,,False,False
001-114486,8,light,0.9965,1.0,1.0,1.0,1.0,1.0,0.9523809523809523,0.9850746268656716,,,0,1,1,False,False,5041,4,,,False,False
001-114486,8,medium,0.9888,1.0,1.0,1.0,1.0,1.0,0.9285714285714286,0.9850746268656716,,,0,1,1,False,False,5041,4,,,False,False
001-114486,8,heavy,1.0084,1.0,1.0,1.0,1.0,1.0,0.9285714285714286,0.9701492537313433,,,0,1,2,False,False,5041,4,,,False,False
001-114492,2,light,0.991,1.0,1.0,1.0,1.0,1.0,0.9933184855233853,0.9863636363636363,,,0,4,4,False,True,9140,17,,,False,False
001-114492,2,medium,0.9857,1.0,1.0,1.0,1.0,1.0,0.9821826280623608,0.9954545454545455,,,0,4,2,False,True,9140,17,,,False,False
001-114492,2,heavy,0.9955,1.0,1.0,1.0,1.0,1.0,0.9910913140311804,0.990909090909091,,,0,4,2,False,True,9140,17,,,False,False
001-114514,3,light,0.9917,1.0,1.0,1.0,1.0,1.0,1.0,0.974025974025974,,,0,11,9,False,False,4647,15,,,False,False
001-114514,3,medium,0.9746,1.0,0.9565217391304348,1.0,1.0,1.0,0.9831932773109243,0.974025974025974,,2004-02-12,1,11,10,False,False,4647,15,,,False,False
001-114514,3,heavy,0.9898,1.0,0.9782608695652174,1.0,1.0,1.0,0.9831932773109243,0.974025974025974,,2004-02-12,1,11,9,False,False,4647,15,,,False,False
001-114658,5,light,0.9962,1.0,1.0,1.0,1.0,1.0,1.0,1.0,,,0,4,3,False,False,5287,8,,,False,False
001-114658,5,medium,0.9822,1.0,1.0,1.0,1.0,1.0,1.0,0.961038961038961,,,0,4,2,False,False,5287,8,,,False,False
001-114658,5,heavy,0.9979,1.0,1.0,1.0,1.0,1.0,1.0,0.9090909090909091,,,0,4,3,False,False,5287,8,,,False,False
001-115165,8,light,0.9796,1.0,1.0,1.0,1.0,1.0,1.0,1.0,,,0,1,1,False,False,8732,3,,,False,False
001-115165,8,medium,0.9499,1.0,0.9795918367346939,1.0,1.0,1.0,1.0,1.0,,,0,1,1,False,False,8732,3,,,False,False
001-115165,8,heavy,0.9415,1.0,0.9795918367346939,1.0,1.0,1.0,1.0,1.0,,,0,1,1,False,False,8732,3,,,False,False
001-115166,6,light,0.9771,1.0,1.0,1.0,1.0,1.0,1.0,1.0,,,0,1,1,False,False,3151,8,,,False,False
001-115166,6,medium,0.939,1.0,1.0,1.0,1.0,1.0,1.0,0.9,,,0,1,0,False,False,3151,8,,,False,False
001-115166,6,heavy,0.9436,1.0,1.0,1.0,1.0,1.0,1.0,0.9833333333333333,,,0,1,0,False,False,3151,8,,,False,False
001-115210,13,light,0.99,1.0,1.0,1.0,1.0,1.0,0.9787234042553191,1.0,,,0,2,2,False,False,2952,4,,,False,False
001-115210,13,medium,0.9835,1.0,0.9714285714285714,1.0,1.0,1.0,0.9787234042553191,0.9863013698630136,,,0,2,1,False,False,2952,4,,,False,False
001-115210,13,heavy,0.9861,1.0,1.0,1.0,1.0,1.0,0.9787234042553191,1.0,,,0,2,2,False,False,2952,4,,,False,False
001-115377,8,light,0.9909,1.0,1.0,1.0,1.0,1.0,0.9953488372093023,1.0,,,0,5,5,False,False,6105,15,,,False,False
001-115377,8,medium,0.9904,1.0,0.9705882352941176,1.0,1.0,1.0,0.9953488372093023,0.978494623655914,,1991,1,5,4,False,False,6105,15,,,False,False
001-115377,8,heavy,0.9812,1.0,1.0,1.0,1.0,1.0,0.9906976744186047,0.989247311827957,,,0,5,4,False,False,6105,15,,,False,False
001-115396,3,light,0.9931,1.0,1.0,1.0,1.0,1.0,0.991304347826087,0.9896907216494846,,,0,2,1,False,False,15188,9,,,False,False
001-115396,3,medium,0.9894,1.0,1.0,1.0,1.0,1.0,0.9652173913043478,0.9381443298969072,,,0,2,1,False,False,15188,9,,,False,False
001-115396,3,heavy,1.0053,1.0,1.0,1.0,1.0,1.0,1.0,0.9690721649484536,,,0,2,1,False,False,15188,9,,,False,False
001-115770,P4-2,light,1.0106,1.0,1.0,1.0,1.0,1.0,0.48148148148148145,1.0,,,0,0,0,False,False,3757,1,,870,False,False
001-115770,P4-2,medium,1.0461,1.0,1.0,1.0,1.0,1.0,0.5185185185185185,1.0,,,0,0,0,False,False,3757,1,,884,False,False
001-115770,P4-2,heavy,1.0543,1.0,1.0,1.0,1.0,1.0,0.48148148148148145,1.0,,,0,0,0,False,False,3757,1,,880,False,False
001-115850,3,light,0.9758,1.0,1.0,1.0,1.0,1.0,1.0,1.0,,,0,0,0,False,False,18797,3,0.9286,,False,False
001-115850,3,medium,0.9012,1.0,1.0,1.0,1.0,1.0,0.9841269841269841,1.0,,2006-05-24,1,0,0,False,False,18797,3,0.9286,,False,False
001-115850,3,heavy,0.9133,1.0,1.0,1.0,1.0,1.0,0.9841269841269841,1.0,,2006-05-24,1,0,0,False,False,18797,3,0.9286,,False,False
001-115854,8,light,0.9814,1.0,1.0,1.0,1.0,1.0,1.0,1.0,,,0,1,1,False,False,2538,2,,,False,False
001-115854,8,medium,1.0092,1.0,1.0,1.0,1.0,1.0,1.0,1.0,,,0,1,1,False,False,2538,2,,,False,False
001-115854,8,heavy,1.012,1.0,1.0,1.0,1.0,1.0,1.0,1.0,,,0,1,1,False,False,2538,2,,,False,False
001-115864,8,light,0.9871,1.0,1.0,1.0,1.0,1.0,0.97,1.0,,,0,1,1,False,False,4754,7,,,False,False
001-115864,8,medium,0.9778,1.0,1.0,1.0,1.0,1.0,0.97,0.9672131147540983,,,0,1,1,False,False,4754,7,,,False,False
001-115864,8,heavy,0.9719,1.0,1.0,1.0,1.0,1.0,0.96,0.9672131147540983,,,0,1,0,False,False,4754,7,,,False,False
001-115876,6,light,0.9921,1.0,1.0,1.0,1.0,1.0,0.9615384615384616,1.0,,,0,1,1,False,False,2567,2,,,False,False
001-115876,6,medium,1.0135,1.0,1.0,1.0,1.0,1.0,0.9615384615384616,1.0,,,0,1,0,False,False,2567,2,,,False,False
001-115876,6,heavy,1.0246,1.0,1.0,1.0,1.0,1.0,0.9615384615384616,1.0,,,0,1,0,False,False,2567,2,,,False,False
001-115883,5,light,0.9734,1.0,1.0,1.0,1.0,1.0,0.41379310344827586,1.0,,,0,1,1,False,False,4964,1,,1090,False,False
001-115883,5,medium,1.0232,1.0,1.0,1.0,1.0,1.0,0.41379310344827586,0.8604651162790697,,,0,1,0,False,False,4964,1,,1115,False,False
001-115883,5,heavy,0.9885,1.0,1.0,1.0,1.0,1.0,0.41379310344827586,0.8604651162790697,,,0,1,0,False,False,4964,1,,1085,False,False
001-115884,2,light,1.0033,1.0,1.0,1.0,1.0,1.0,0.4716981132075472,1.0,,,0,0,0,False,False,16720,1,1.0,3775,False,False
001-115884,2,medium,0.9924,1.0,0.96,0.9830508474576272,1.0,1.0,0.4716981132075472,0.8939393939393939,2003-07-18,,0,0,0,False,False,16720,1,1.0,3689,False,False
001-115884,2,heavy,1.0141,1.0,0.9866666666666667,1.0,1.0,1.0,0.4716981132075472,0.8939393939393939,,,0,0,0,False,False,16720,1,1.0,3802,False,False
001-115885,6,light,0.998,1.0,1.0,1.0,1.0,1.0,0.873015873015873,0.9874213836477987,,,0,0,0,False,False,3140,11,,,False,False
001-115885,6,medium,0.8875,0.9833333333333333,0.9845758354755784,0.9967213114754099,1.0,1.0,0.3968253968253968,0.9811320754716981,1978-05-07,,0,0,0,False,False,3140,11,,,False,False
001-115885,6,heavy,0.8685,1.0,1.0,1.0,1.0,1.0,0.47619047619047616,0.9811320754716981,,,0,0,0,False,False,3140,11,,,False,False
001-115981,3,light,0.996,1.0,1.0,1.0,1.0,1.0,1.0,1.0,,,0,4,4,False,False,3211,8,,,False,False
001-115981,3,medium,1.0109,1.0,1.0,1.0,0.975609756097561,1.0,0.978021978021978,0.9875,,,0,4,3,False,False,3211,8,,,False,False
001-115981,3,heavy,1.0253,1.0,1.0,1.0,1.0,1.0,0.978021978021978,0.9875,,,0,4,4,False,False,3211,8,,,False,False
001-116827,6,light,0.9978,1.0,0.9821428571428571,1.0,1.0,1.0,0.967391304347826,1.0,,3.10,1,2,2,False,False,4982,7,,,False,False
001-116827,6,medium,1.0007,1.0,0.9464285714285714,0.9655172413793104,1.0,1.0,0.9021739130434783,1.0,2005-11-17,3.10,1,2,2,False,False,4982,7,,,False,False
001-116827,6,heavy,0.9909,1.0,0.9821428571428571,1.0,1.0,1.0,0.9456521739130435,1.0,,3.10,1,2,1,False,False,4982,7,,,False,False
001-117132,3,light,0.9864,1.0,1.0,1.0,1.0,1.0,1.0,1.0,,,0,0,0,False,False,4237,8,,,False,False
001-117132,3,medium,0.984,1.0,0.9722222222222222,1.0,0.9591836734693877,1.0,0.9629629629629629,0.9859154929577465,,2007-02-28,1,0,0,False,False,4237,8,,,False,False
001-117132,3,heavy,0.9847,1.0,1.0,1.0,0.9795918367346939,1.0,0.9907407407407407,0.9014084507042254,,,0,0,0,False,False,4237,8,,,False,False
001-117134,34,light,0.989,1.0,1.0,1.0,0.9411764705882353,0.9285714285714286,0.5770925110132159,0.9361702127659575,7.43,,0,0,0,False,False,38318,1,1.0,8001,False,False
001-117134,34,medium,0.9729,1.0,0.9831932773109243,1.0,0.9411764705882353,0.9285714285714286,0.5903083700440529,0.9148936170212766,7.43,,0,0,0,False,False,38318,1,1.0,7800,False,False
001-117134,34,heavy,0.9839,1.0,1.0,1.0,0.9411764705882353,0.9285714285714286,0.5947136563876652,0.9148936170212766,7.43,,0,0,0,False,False,38318,1,1.0,7894,False,False
001-118045,6,light,0.9833,1.0,1.0,1.0,1.0,1.0,1.0,0.9425287356321839,,,0,2,1,False,False,4806,3,,,False,False
001-118045,6,medium,0.959,1.0,1.0,1.0,1.0,1.0,1.0,0.9425287356321839,,,0,2,1,False,False,4806,3,,,False,False
001-118045,6,heavy,0.9573,1.0,1.0,1.0,1.0,1.0,1.0,0.9425287356321839,,,0,2,1,False,False,4806,3,,,False,False
001-118335,5,light,0.9758,1.0,1.0,1.0,0.9814814814814815,1.0,0.9882352941176471,1.0,,,0,2,2,False,False,4254,7,,,False,False
001-118335,5,medium,0.9696,1.0,1.0,1.0,0.6666666666666666,1.0,0.7764705882352941,0.98,,,0,2,1,False,False,4254,7,,,False,False
001-118335,5,heavy,0.9805,1.0,1.0,1.0,0.6851851851851852,1.0,0.788235294117647,0.99,,,0,2,1,False,False,4254,7,,,False,False
001-118383,P1-1,light,1.0116,1.0,1.0,1.0,1.0,1.0,0.8,1.0,,,0,0,0,False,False,2957,4,,,False,False
001-118383,P1-1,medium,0.9692,1.0,1.0,1.0,1.0,1.0,0.3142857142857143,0.9518072289156626,,,0,0,0,False,False,2957,4,,,False,False
001-118383,P1-1,heavy,0.9323,1.0,1.0,1.0,1.0,1.0,0.2857142857142857,0.9036144578313253,,,0,0,0,False,False,2957,4,,,False,False
001-118388,P1-1,light,0.9971,1.0,1.0,1.0,,,0.6,0.9879518072289156,,,0,0,0,False,False,3181,3,,,False,False
001-118388,P1-1,medium,0.9492,1.0,0.9726027397260274,1.0,,,0.5,0.9879518072289156,,,0,0,0,False,False,3181,3,,,False,False
001-118388,P1-1,heavy,0.9489,1.0,1.0,1.0,,,0.65,0.963855421686747,,,0,0,0,False,False,3181,3,,,False,False
001-118590,6,light,0.9973,1.0,1.0,1.0,1.0,1.0,1.0,0.9833333333333333,,,0,0,0,False,False,3295,3,,,False,False
001-118590,6,medium,1.0212,1.0,1.0,1.0,1.0,1.0,1.0,0.9833333333333333,,,0,0,0,False,False,3295,3,,,False,False
001-118590,6,heavy,1.0179,1.0,1.0,1.0,1.0,1.0,1.0,0.9833333333333333,,,0,0,0,False,False,3295,3,,,False,False
001-118591,13,light,0.9946,1.0,1.0,1.0,1.0,1.0,1.0,1.0,,,0,1,1,False,False,2928,4,,,False,False
001-118591,13,medium,0.9719,1.0,1.0,1.0,1.0,1.0,1.0,1.0,,,0,1,1,False,False,2928,4,,,False,False
001-118591,13,heavy,0.9932,1.0,1.0,1.0,1.0,1.0,1.0,0.984375,,,0,1,0,False,False,2928,4,,,False,False
001-118592,6,light,0.9973,1.0,1.0,1.0,1.0,1.0,1.0,1.0,,,0,0,0,False,False,2098,2,,,False,False
001-118592,6,medium,1.0196,1.0,1.0,1.0,1.0,1.0,1.0,1.0,,,0,0,0,False,False,2098,2,,,False,False
001-118592,6,heavy,1.0273,1.0,1.0,1.0,1.0,1.0,1.0,1.0,,,0,0,0,False,False,2098,2,,,False,False
001-118647,13,light,0.9911,1.0,1.0,1.0,1.0,1.0,0.9594594594594594,1.0,,,0,2,2,False,False,10285,4,,,False,False
001-118647,13,medium,0.9951,1.0,1.0,1.0,1.0,1.0,0.9594594594594594,0.9682539682539683,,2010-09-17,1,2,1,False,False,10285,4,,,False,False
001-118647,13,heavy,0.9962,1.0,1.0,1.0,1.0,1.0,0.9864864864864865,1.0,,2010-09-17,1,2,1,False,False,10285,4,,,False,False
001-118737,13,light,0.9857,1.0,1.0,1.0,1.0,1.0,1.0,1.0,,,0,0,0,False,False,2887,2,,,False,False
001-118737,13,medium,1.0009,1.0,1.0,1.0,1.0,1.0,1.0,1.0,,,0,0,0,False,False,2887,2,,,False,False
001-118737,13,heavy,0.9642,1.0,1.0,1.0,1.0,1.0,1.0,1.0,,,0,0,0,False,False,2887,2,,,False,False
001-118737,6,light,0.9855,1.0,1.0,1.0,1.0,1.0,1.0,1.0,,,0,0,0,False,False,2887,2,,,False,False
001-118737,6,medium,0.9846,1.0,1.0,1.0,1.0,1.0,1.0,1.0,,,0,0,0,False,False,2887,2,,,False,False
001-118737,6,heavy,0.9805,1.0,1.0,1.0,1.0,1.0,1.0,1.0,,,0,0,0,False,False,2887,2,,,False,False
001-119049,6,light,0.9822,1.0,0.9836065573770492,0.9803921568627451,1.0,1.0,0.9772727272727273,0.9855072463768116,2006-03-22,,0,0,0,False,False,4227,7,,,False,False
001-119049,6,medium,0.9875,1.0,0.9672131147540983,0.9607843137254902,1.0,1.0,0.9772727272727273,0.9710144927536232,2005-05-02 2006-03-22,,0,0,0,False,False,4227,7,,,False,False
001-119049,6,heavy,0.9937,1.0,0.9836065573770492,0.9803921568627451,1.0,1.0,0.9772727272727273,0.9855072463768116,2006-03-22,,0,0,0,False,False,4227,7,,,False,False
001-119055,10,light,0.9975,1.0,1.0,1.0,1.0,1.0,0.9722222222222222,0.9821428571428571,,,0,2,2,False,False,3682,5,,,False,False
001-119055,10,medium,0.9931,1.0,1.0,1.0,1.0,1.0,0.9722222222222222,0.9642857142857143,,,0,2,1,False,False,3682,5,,,False,False
001-119055,10,heavy,0.9973,1.0,1.0,1.0,1.0,1.0,0.9722222222222222,0.9642857142857143,,,0,2,1,False,False,3682,5,,,False,False
001-119055,8,light,0.9989,1.0,1.0,1.0,1.0,1.0,1.0,0.9821428571428571,,,0,2,2,False,False,3682,5,,,False,False
001-119055,8,medium,0.9871,1.0,1.0,1.0,1.0,1.0,0.9166666666666666,0.9642857142857143,,,0,2,2,False,False,3682,5,,,False,False
001-119055,8,heavy,0.9915,1.0,1.0,1.0,1.0,1.0,0.9722222222222222,0.9642857142857143,,,0,2,1,False,False,3682,5,,,False,False
001-119465,34,light,0.9881,1.0,1.0,1.0,0.8928571428571429,0.8571428571428571,0.6046511627906976,1.0,101 106 4000.19,4000,1,0,0,False,False,19449,1,0.9091,4241,False,False
001-119465,34,medium,0.9686,1.0,0.9852941176470589,1.0,0.8928571428571429,0.8571428571428571,0.6124031007751938,1.0,101 106 4000.19,4000,1,0,0,False,False,19449,1,0.9091,4119,False,False
001-119465,34,heavy,0.9712,1.0,1.0,1.0,0.8928571428571429,0.8571428571428571,0.6046511627906976,0.9166666666666666,101 106 4000.19,4000,1,0,0,False,False,19449,1,0.9091,4156,False,False
001-119676,5,light,0.9917,1.0,1.0,1.0,1.0,1.0,0.53125,1.0,,,0,0,0,False,False,12403,1,1.0,2773,False,False
001-119676,5,medium,0.9877,1.0,1.0,1.0,1.0,1.0,0.5520833333333334,0.9090909090909091,,,0,0,0,False,False,12403,1,1.0,2750,False,False
001-119676,5,heavy,0.9665,1.0,1.0,1.0,1.0,1.0,0.46875,0.9090909090909091,,2007-04-24 2007-05-29 2007-08-07 2007-09-04 2007-10-09 2007-11-27,6,0,0,False,False,12403,1,1.0,2728,False,False
001-119688,P1-1,light,1.0011,1.0,1.0,1.0,1.0,1.0,0.6888888888888889,0.9861111111111112,,,0,4,3,False,False,13390,1,1.0,3002,False,False
001-119688,P1-1,medium,0.9692,1.0,0.975,1.0,1.0,1.0,0.7,0.9166666666666666,,,0,4,1,False,False,13390,1,1.0,2920,False,False
001-119688,P1-1,heavy,0.9689,1.0,1.0,1.0,1.0,1.0,0.7,0.9166666666666666,,,0,4,2,False,False,13390,1,1.0,2916,False,False
001-119968,14,light,0.9775,1.0,0.9833333333333333,0.9791666666666666,1.0,1.0,1.0,1.0,2010-11-06,,0,1,1,False,False,5799,9,,,False,False
001-119968,14,medium,0.9959,1.0,0.95,0.9583333333333334,1.0,1.0,0.9887640449438202,0.9014084507042254,2010-11-06 2011-01-13,2011-01-22,1,1,1,False,False,5799,9,,,False,False
001-119968,14,heavy,0.9885,1.0,1.0,1.0,1.0,1.0,1.0,1.0,,,0,1,1,False,False,5799,9,,,False,False
001-119972,6,light,0.9795,1.0,1.0,1.0,1.0,1.0,1.0,1.0,,,0,8,8,False,False,3239,4,,,False,False
001-119972,6,medium,0.9627,1.0,1.0,1.0,1.0,1.0,0.9636363636363636,1.0,,,0,8,4,False,False,3239,4,,,False,False
001-119972,6,heavy,0.9952,1.0,1.0,1.0,1.0,1.0,1.0,1.0,,,0,8,7,False,False,3239,4,,,False,False
001-120067,P1-1,light,0.9909,1.0,1.0,1.0,1.0,1.0,0.9363636363636364,0.9893048128342246,,,0,0,0,False,False,2999,9,,,False,False
001-120067,P1-1,medium,0.9425,1.0,1.0,1.0,1.0,1.0,0.42727272727272725,0.9197860962566845,,,0,0,0,False,False,2999,9,,,False,False
001-120067,P1-1,heavy,0.9076,1.0,0.9971509971509972,1.0,1.0,1.0,0.4727272727272727,0.8770053475935828,,,0,0,0,False,False,2999,9,,,False,False
001-120073,3,light,0.9783,1.0,1.0,1.0,1.0,1.0,0.995049504950495,1.0,,,0,4,3,False,False,7946,13,,,False,False
001-120073,3,medium,0.9694,1.0,0.9705882352941176,0.96,0.9583333333333334,1.0,0.9752475247524752,0.9769230769230769,2011-12-22,,0,4,2,False,False,7946,13,,,False,False
001-120073,3,heavy,0.9674,1.0,1.0,1.0,1.0,1.0,1.0,0.9692307692307692,,,0,4,3,False,False,7946,13,,,False,False
001-120968,6,light,0.9942,1.0,1.0,1.0,1.0,1.0,1.0,1.0,,,0,0,0,False,False,2147,2,,,False,False
001-120968,6,medium,1.0,1.0,1.0,1.0,1.0,1.0,1.0,1.0,,,0,0,0,False,False,2147,2,,,False,False
001-120968,6,heavy,0.9956,1.0,1.0,1.0,1.0,1.0,1.0,0.9583333333333334,,,0,0,0,False,False,2147,2,,,False,False
001-120969,P1-1,light,0.9878,1.0,1.0,1.0,1.0,1.0,1.0,1.0,,,0,1,2,False,False,9191,3,,,False,False
001-120969,P1-1,medium,0.9809,1.0,1.0,1.0,1.0,1.0,0.9777777777777777,1.0,,,0,1,1,False,False,9191,3,,,False,False
001-120969,P1-1,heavy,0.9573,1.0,1.0,1.0,1.0,1.0,0.9777777777777777,1.0,,,0,1,1,False,False,9191,3,,,False,False
001-121569,3,light,0.9854,1.0,1.0,1.0,1.0,1.0,1.0,0.9824561403508771,,,0,1,1,False,False,4836,3,,,False,False
001-121569,3,medium,0.9847,1.0,1.0,1.0,1.0,1.0,1.0,0.9824561403508771,,,0,1,1,False,False,4836,3,,,False,False
001-121569,3,heavy,0.9676,1.0,1.0,1.0,1.0,1.0,1.0,1.0,,,0,1,1,False,False,4836,3,,,False,False
001-121573,3,light,0.9757,1.0,1.0,1.0,1.0,1.0,1.0,0.9807692307692307,,,0,1,1,False,False,3233,3,,,False,False
001-121573,3,medium,0.9576,1.0,1.0,1.0,1.0,1.0,0.9583333333333334,0.9615384615384616,,,0,1,1,False,False,3233,3,,,False,False
001-121573,3,heavy,0.9655,1.0,1.0,1.0,1.0,1.0,1.0,0.8653846153846154,,,0,1,1,False,False,3233,3,,,False,False
001-121574,2,light,0.9831,1.0,1.0,1.0,1.0,1.0,0.9777777777777777,0.9782608695652174,,,0,0,0,False,False,6094,12,,,False,False
001-121574,2,medium,0.9836,1.0,1.0,1.0,1.0,1.0,1.0,0.967391304347826,,,0,0,1,False,False,6094,12,,,False,False
001-121574,2,heavy,0.9925,1.0,1.0,1.0,1.0,1.0,1.0,0.967391304347826,,,0,0,1,False,False,6094,12,,,False,False
001-122187,5,light,0.9895,1.0,1.0,1.0,1.0,1.0,0.5655737704918032,1.0,,,0,4,4,False,False,19552,1,1.0,4232,False,False
001-122187,5,medium,0.9729,1.0,1.0,1.0,1.0,1.0,0.5737704918032787,0.9016393442622951,,,0,4,3,False,False,19552,1,1.0,4164,False,False
001-122187,5,heavy,0.9711,1.0,1.0,1.0,1.0,1.0,0.5737704918032787,0.9016393442622951,,,0,4,3,False,False,19552,1,1.0,4174,False,False
001-122429,6,light,0.9823,1.0,1.0,1.0,1.0,1.0,1.0,0.9777777777777777,,,0,6,5,False,False,4317,9,,,False,False
001-122429,6,medium,0.981,1.0,1.0,1.0,1.0,1.0,0.990990990990991,0.9111111111111111,,,0,6,2,False,False,4317,9,,,False,False
001-122429,6,heavy,0.9859,1.0,1.0,1.0,1.0,1.0,0.990990990990991,0.9222222222222223,,,0,6,4,False,False,4317,9,,,False,False
001-122434,P1-1,light,1.0152,1.0,1.0,1.0,0.6666666666666666,0.6666666666666666,0.8611111111111112,1.0,062009,2009-06-17,1,0,0,False,True,2997,17,,,False,False
001-122434,P1-1,medium,0.9571,1.0,1.0,1.0,0.6666666666666666,0.6666666666666666,0.19444444444444445,0.9790794979079498,062009,2009-06-17,1,0,0,False,True,2997,17,,,False,False
001-122434,P1-1,heavy,0.9099,1.0,1.0,1.0,1.0,1.0,0.2777777777777778,0.9205020920502092,,,0,0,0,False,True,2997,17,,,False,False
001-122664,3,light,0.9913,1.0,1.0,1.0,1.0,1.0,0.9959839357429718,0.9856115107913669,,,0,2,3,False,False,4874,15,,,False,False
001-122664,3,medium,0.9624,1.0,1.0,1.0,0.9705882352941176,1.0,0.9879518072289156,0.9640287769784173,,,0,2,3,False,False,4874,15,,,False,False
001-122664,3,heavy,0.9752,1.0,1.0,1.0,1.0,1.0,0.9919678714859438,0.9784172661870504,,,0,2,5,False,False,4874,15,,,False,False
001-122892,P1-1,light,0.9917,1.0,1.0,1.0,1.0,1.0,0.98989898989899,0.9861111111111112,,,0,4,3,False,False,6057,8,,,False,False
001-122892,P1-1,medium,0.9804,1.0,1.0,1.0,0.9761904761904762,1.0,0.9797979797979798,0.9305555555555556,,,0,4,3,False,False,6057,8,,,False,False
001-122892,P1-1,heavy,1.0052,1.0,1.0,1.0,0.9761904761904762,1.0,0.9797979797979798,0.9583333333333334,,,0,4,2,False,False,6057,8,,,False,False
001-123422,8,light,0.9848,1.0,1.0,1.0,1.0,1.0,0.9951923076923077,1.0,,,0,1,2,False,False,7186,11,,,False,False
001-123422,8,medium,0.9543,1.0,1.0,1.0,1.0,1.0,0.9903846153846154,0.9705882352941176,,,0,1,2,False,False,7186,11,,,False,False
001-123422,8,heavy,0.9661,1.0,1.0,1.0,1.0,1.0,0.9951923076923077,0.9705882352941176,,,0,1,0,False,False,7186,11,,,False,False
001-123422,P1-1,light,0.9829,1.0,1.0,1.0,1.0,1.0,0.9951923076923077,1.0,,,0,1,1,False,False,7186,11,,,False,False
001-123422,P1-1,medium,0.952,1.0,1.0,1.0,1.0,1.0,0.9903846153846154,0.9705882352941176,,,0,1,1,False,False,7186,11,,,False,False
001-123422,P1-1,heavy,0.9673,1.0,1.0,1.0,1.0,1.0,0.9903846153846154,0.9705882352941176,,,0,1,3,False,False,7186,11,,,False,False
001-126133,14,light,0.9963,1.0,1.0,1.0,1.0,1.0,1.0,1.0,,,0,0,0,False,False,2775,2,,,False,False
001-126133,14,medium,0.9922,1.0,1.0,1.0,1.0,1.0,1.0,0.9811320754716981,,,0,0,0,False,False,2775,2,,,False,False
001-126133,14,heavy,1.0066,1.0,1.0,1.0,1.0,1.0,1.0,0.9622641509433962,,,0,0,0,False,False,2775,2,,,False,False
001-126349,6,light,0.9913,1.0,0.9743589743589743,0.9722222222222222,1.0,1.0,0.9859154929577465,1.0,2006-04-03,,0,1,1,False,False,4172,5,,,False,False
001-126349,6,medium,1.0035,1.0,0.9743589743589743,0.9722222222222222,1.0,1.0,0.9859154929577465,0.9879518072289156,2006-04-03,,0,1,0,False,False,4172,5,,,False,False
001-126349,6,heavy,1.0125,1.0,1.0,1.0,1.0,1.0,0.9859154929577465,1.0,,,0,1,0,False,False,4172,5,,,False,False
001-126352,6,light,0.9826,1.0,1.0,1.0,1.0,1.0,1.0,1.0,,,0,1,0,False,False,16950,2,,,False,False
001-126352,6,medium,0.9594,1.0,0.9615384615384616,0.9444444444444444,1.0,1.0,0.7884615384615384,0.9814814814814815,2001-05-18,2.20 7.55,2,1,0,False,False,16950,2,,,False,False
001-126352,6,heavy,0.9647,1.0,1.0,1.0,1.0,1.0,1.0,0.9814814814814815,,,0,1,0,False,False,16950,2,,,False,False
001-126360,5,light,0.9877,1.0,1.0,1.0,1.0,1.0,1.0,0.9833333333333333,,,0,4,3,False,False,2938,7,,,False,False
001-126360,5,medium,0.9605,1.0,1.0,1.0,1.0,1.0,1.0,0.9666666666666667,,,0,4,4,False,False,2938,7,,,False,False
001-126360,5,heavy,0.98,1.0,1.0,1.0,1.0,1.0,1.0,0.9833333333333333,,,0,4,4,False,False,2938,7,,,False,False
001-126451,6,light,0.9652,1.0,1.0,1.0,1.0,1.0,1.0,1.0,,,0,1,1,False,False,5717,5,,,False,False
001-126451,6,medium,0.9636,1.0,1.0,1.0,1.0,1.0,1.0,0.9333333333333333,,,0,1,1,False,False,5717,5,,,False,False
001-126451,6,heavy,0.9781,1.0,1.0,1.0,1.0,1.0,1.0,0.9666666666666667,,,0,1,2,False,False,5717,5,,,False,False
001-126635,10,light,0.9796,1.0,1.0,1.0,1.0,1.0,0.9724770642201835,0.9900990099009901,,,0,14,12,False,False,6860,17,,,False,False
001-126635,10,medium,0.9566,1.0,1.0,1.0,1.0,1.0,0.963302752293578,0.9306930693069307,,,0,14,3,False,False,6860,17,,,False,False
001-126635,10,heavy,0.9659,1.0,1.0,1.0,1.0,1.0,0.9541284403669725,0.9207920792079208,,,0,14,3,False,False,6860,17,,,False,False
001-126636,6,light,0.9848,1.0,1.0,1.0,1.0,1.0,1.0,1.0,,,0,1,1,False,False,4254,3,,,False,False
001-126636,6,medium,0.9632,1.0,1.0,1.0,0.8333333333333334,1.0,0.9375,0.9534883720930233,,,0,1,1,False,False,4254,3,,,False,False
001-126636,6,heavy,0.9731,1.0,1.0,1.0,1.0,1.0,1.0,1.0,,,0,1,0,False,False,4254,3,,,False,False
001-126800,13,light,0.9861,1.0,1.0,1.0,1.0,1.0,1.0,1.0,,,0,1,1,False,False,2539,3,,,False,False
001-126800,13,medium,0.965,1.0,1.0,1.0,1.0,1.0,0.9166666666666666,1.0,,,0,1,0,False,False,2539,3,,,False,False
001-126800,13,heavy,0.9381,1.0,1.0,1.0,1.0,1.0,0.9166666666666666,0.9534883720930233,,,0,1,1,False,False,2539,3,,,False,False
001-126807,6,light,0.9592,1.0,1.0,1.0,1.0,1.0,1.0,1.0,,,0,0,0,False,False,7060,4,,,False,False
001-126807,6,medium,0.9269,1.0,1.0,1.0,1.0,1.0,0.9285714285714286,0.9662921348314607,,,0,0,0,False,False,7060,4,,,False,False
001-126807,6,heavy,0.926,1.0,1.0,1.0,1.0,1.0,1.0,0.9887640449438202,,,0,0,0,False,False,7060,4,,,False,False
001-126918,13,light,0.9792,1.0,0.9848484848484849,1.0,1.0,1.0,1.0,1.0,,,0,1,1,False,False,2725,10,,,False,False
001-126918,13,medium,0.9629,1.0,0.9696969696969697,1.0,0.9375,1.0,0.9620253164556962,1.0,,,0,1,3,False,False,2725,10,,,False,False
001-126918,13,heavy,0.9745,1.0,1.0,1.0,1.0,1.0,0.9746835443037974,1.0,,,0,1,2,False,False,2725,10,,,False,False
001-127399,3,light,0.9837,1.0,1.0,1.0,1.0,1.0,0.5966386554621849,0.9855072463768116,,,0,1,0,False,False,25501,1,1.0,5297,False,False
001-127399,3,medium,0.9705,1.0,0.9852941176470589,1.0,1.0,1.0,0.6050420168067226,0.8985507246376812,,,0,1,0,False,False,25501,1,1.0,5168,False,False
001-127399,3,heavy,0.9737,1.0,1.0,1.0,1.0,1.0,0.6134453781512605,0.8985507246376812,,,0,1,1,False,False,25501,1,1.0,5183,False,False
001-127401,6,light,1.0036,1.0,1.0,1.0,1.0,1.0,0.41304347826086957,1.0,,,0,0,0,False,False,8592,1,,1894,False,False
001-127401,6,medium,0.9936,1.0,0.8695652173913043,1.0,1.0,1.0,0.41304347826086957,0.8867924528301887,,,0,0,0,False,False,8592,1,,1844,False,False
001-127401,6,heavy,1.0054,1.0,1.0,1.0,1.0,1.0,0.41304347826086957,0.8867924528301887,,,0,0,0,False,False,8592,1,,1857,False,False
001-127410,6,light,1.0146,1.0,1.0,1.0,1.0,1.0,1.0,0.98,,,0,0,0,False,False,3730,3,,,False,False
001-127410,6,medium,1.0364,1.0,1.0,1.0,0.9830508474576272,1.0,0.9859154929577465,0.94,,,0,0,1,False,False,3730,3,,,False,False
001-127410,6,heavy,1.0282,1.0,1.0,1.0,0.9830508474576272,1.0,0.9859154929577465,0.92,,,0,0,1,False,False,3730,3,,,False,False
001-127617,P1-1,light,1.004,1.0,1.0,1.0,1.0,1.0,0.95,1.0,,,0,0,0,False,False,2890,2,,,False,False
001-127617,P1-1,medium,0.9714,1.0,1.0,1.0,1.0,1.0,0.95,1.0,,,0,0,0,False,False,2890,2,,,False,False
001-127617,P1-1,heavy,0.997,1.0,1.0,1.0,1.0,1.0,0.95,0.9565217391304348,,,0,0,0,False,False,2890,2,,,False,False
001-127809,34,light,0.9886,1.0,1.0,1.0,1.0,1.0,0.5608108108108109,0.9850746268656716,,,0,0,0,False,False,22600,1,1.0,4905,False,False
001-127809,34,medium,0.9761,1.0,1.0,1.0,1.0,1.0,0.6081081081081081,0.9701492537313433,,,0,0,1,False,False,22600,1,1.0,4787,False,False
001-127809,34,heavy,0.9972,1.0,1.0,1.0,1.0,1.0,0.5743243243243243,0.8805970149253731,,,0,0,1,False,False,22600,1,1.0,4876,False,False
001-127812,6,light,0.9762,1.0,0.9950248756218906,1.0,1.0,1.0,1.0,0.9894736842105263,,,0,2,2,False,False,16553,10,1.0,,False,False
001-127812,6,medium,0.9407,1.0,0.9950248756218906,1.0,0.9807692307692307,1.0,0.9772727272727273,0.8947368421052632,,,0,2,2,False,False,16553,10,1.0,,False,False
001-127812,6,heavy,0.9538,1.0,0.9950248756218906,1.0,1.0,1.0,1.0,0.9368421052631579,,,0,2,2,False,False,16553,10,1.0,,False,False
001-127813,8,light,0.9928,1.0,1.0,1.0,1.0,1.0,0.6521739130434783,1.0,,,0,1,1,False,False,16736,1,1.0,3545,False,False
001-127813,8,medium,0.9321,1.0,0.9767441860465116,1.0,0.9411764705882353,0.9090909090909091,0.6173913043478261,1.0,10.30,,0,1,0,False,False,16736,1,1.0,3294,False,False
001-127813,8,heavy,0.938,1.0,1.0,1.0,1.0,1.0,0.6347826086956522,0.8846153846153846,,,0,1,1,False,False,16736,1,1.0,3342,False,False
001-128040,P1-1,light,0.9632,1.0,1.0,1.0,1.0,1.0,1.0,1.0,,,0,1,0,False,False,2986,4,,,False,False
001-128040,P1-1,medium,0.947,1.0,1.0,1.0,1.0,1.0,1.0,0.9642857142857143,,,0,1,0,False,False,2986,4,,,False,False
001-128040,P1-1,heavy,0.9649,1.0,1.0,1.0,1.0,1.0,1.0,0.9642857142857143,,,0,1,0,False,False,2986,4,,,False,False
001-128204,8,light,0.9881,1.0,1.0,1.0,1.0,1.0,0.5915492957746479,0.9903846153846154,,,0,1,1,False,False,12448,1,1.0,2719,False,False
001-128204,8,medium,0.9608,1.0,1.0,1.0,0.9285714285714286,1.0,0.5633802816901409,0.9326923076923077,,,0,1,1,False,False,12448,1,1.0,2606,False,False
001-128204,8,heavy,0.9569,1.0,1.0,1.0,0.9285714285714286,1.0,0.5915492957746479,0.9326923076923077,,,0,1,1,False,False,12448,1,1.0,2587,False,False
001-138558,13,light,0.9832,1.0,1.0,1.0,1.0,1.0,0.9444444444444444,0.9901960784313726,,,0,9,7,False,False,6720,15,,,False,False
001-138558,13,medium,0.9748,1.0,1.0,1.0,0.9896907216494846,0.9803921568627451,0.9401709401709402,0.9313725490196079,6.1,,0,9,4,False,False,6720,15,,,False,False
001-138558,13,heavy,0.976,1.0,1.0,1.0,1.0,1.0,0.9358974358974359,0.9313725490196079,,,0,9,7,False,False,6720,15,,,False,False
001-138597,2,light,0.9904,1.0,1.0,1.0,0.994535519125683,1.0,0.9818181818181818,0.9574468085106383,,1986,1,1,1,False,True,6844,18,,,False,False
001-138597,2,medium,0.9891,1.0,1.0,1.0,0.9781420765027322,1.0,0.9696969696969697,0.9095744680851063,,1986,1,1,1,False,True,6844,18,,,False,False
001-138597,2,heavy,0.9925,1.0,1.0,1.0,0.9890710382513661,1.0,0.9757575757575757,0.9308510638297872,,1986,1,1,1,False,True,6844,18,,,False,False
001-138919,6,light,0.9714,1.0,1.0,1.0,1.0,1.0,0.9787234042553191,0.9878048780487805,,,0,4,4,False,False,13030,12,,,False,False
001-138919,6,medium,0.943,1.0,1.0,1.0,0.9444444444444444,1.0,0.973404255319149,0.9512195121951219,,,0,4,4,False,False,13030,12,,,False,False
001-138919,6,heavy,0.9529,1.0,1.0,1.0,0.9629629629629629,1.0,0.973404255319149,0.9512195121951219,,,0,4,5,False,False,13030,12,,,False,False
001-139175,3,light,0.9891,1.0,1.0,1.0,1.0,1.0,1.0,0.9855072463768116,,,0,0,0,False,False,8560,10,,,False,False
001-139175,3,medium,1.0122,1.0,1.0,1.0,0.9705882352941176,1.0,0.9836065573770492,0.9565217391304348,,,0,0,1,False,False,8560,10,,,False,False
001-139175,3,heavy,1.0088,1.0,1.0,1.0,1.0,1.0,1.0,0.9710144927536232,,2007-11-12,1,0,1,False,False,8560,10,,,False,False
001-139897,3,light,1.0006,1.0,1.0,1.0,1.0,1.0,1.0,1.0,,,0,3,2,False,False,9080,9,,,False,False
001-139897,3,medium,0.9805,1.0,1.0,1.0,1.0,1.0,0.968503937007874,0.9819819819819819,,,0,3,2,False,False,9080,9,,,False,False
001-139897,3,heavy,0.9937,1.0,1.0,1.0,1.0,1.0,0.9921259842519685,0.9819819819819819,,,0,3,2,False,False,9080,9,,,False,False
001-139897,5,light,0.9952,1.0,1.0,1.0,1.0,1.0,1.0,1.0,,,0,3,3,False,False,9080,9,,,False,False
001-139897,5,medium,0.9843,1.0,1.0,1.0,1.0,1.0,0.9763779527559056,0.990990990990991,,,0,3,2,False,False,9080,9,,,False,False
001-139897,5,heavy,0.9931,1.0,1.0,1.0,0.9655172413793104,1.0,0.984251968503937,0.990990990990991,,,0,3,2,False,False,9080,9,,,False,False
001-139995,3,light,0.9921,1.0,1.0,1.0,1.0,1.0,1.0,0.9868421052631579,,,0,1,1,False,False,5051,5,,,False,False
001-139995,3,medium,0.9932,1.0,1.0,1.0,1.0,1.0,1.0,0.9736842105263158,,,0,1,1,False,False,5051,5,,,False,False
001-139995,3,heavy,1.0111,1.0,1.0,1.0,1.0,1.0,1.0,1.0,,,0,1,1,False,False,5051,5,,,False,False
001-140020,2,light,0.9858,1.0,1.0,1.0,1.0,1.0,1.0,0.9811320754716981,,,0,1,1,False,False,3107,2,,,False,False
001-140020,2,medium,0.9794,1.0,1.0,1.0,1.0,1.0,1.0,0.8490566037735849,,,0,1,1,False,False,3107,2,,,False,False
001-140020,2,heavy,0.9998,1.0,1.0,1.0,1.0,1.0,1.0,0.9811320754716981,,,0,1,1,False,False,3107,2,,,False,False
001-140028,6,light,0.9833,1.0,1.0,1.0,1.0,1.0,1.0,1.0,,,0,1,1,False,False,6741,7,,,False,False
001-140028,6,medium,0.9757,1.0,1.0,1.0,1.0,1.0,0.9885057471264368,1.0,,,0,1,0,False,False,6741,7,,,False,False
001-140028,6,heavy,0.9862,1.0,1.0,1.0,1.0,1.0,0.9885057471264368,1.0,,,0,1,0,False,False,6741,7,,,False,False
001-140235,3,light,0.9999,1.0,1.0,1.0,1.0,1.0,0.9929577464788732,0.9864864864864865,,,0,6,5,False,True,3744,22,,,False,False
001-140235,3,medium,1.0168,1.0,1.0,1.0,0.96,1.0,0.9612676056338029,0.9527027027027027,,,0,6,5,False,True,3744,22,,,False,False
001-140235,3,heavy,1.0227,1.0,1.0,1.0,0.9866666666666667,1.0,0.9823943661971831,0.8716216216216216,,,0,6,6,False,True,3744,22,,,False,False
001-140239,6,light,0.9921,1.0,1.0,1.0,1.0,1.0,1.0,0.9782608695652174,,,0,0,0,False,False,2402,1,,543,False,False
001-140239,6,medium,0.9896,1.0,1.0,1.0,1.0,1.0,1.0,0.9782608695652174,,,0,0,0,False,False,2402,1,,542,False,False
001-140239,6,heavy,1.0337,1.0,1.0,1.0,1.0,1.0,1.0,0.9347826086956522,,,0,0,0,False,False,2402,1,,561,False,False
001-140769,6,light,0.982,1.0,1.0,1.0,1.0,1.0,1.0,0.96875,,,0,9,7,False,False,2733,9,,,False,False
001-140769,6,medium,0.9689,1.0,1.0,1.0,1.0,1.0,0.9850746268656716,0.96875,,,0,9,4,False,False,2733,9,,,False,False
001-140769,6,heavy,0.9807,1.0,1.0,1.0,1.0,1.0,0.9850746268656716,0.984375,,,0,9,6,False,False,2733,9,,,False,False
001-140782,13,light,1.0414,1.0,1.0,1.0,0.8333333333333334,0.8333333333333334,0.9215686274509803,0.9863013698630136,2010,,0,0,0,False,True,2997,17,,,False,False
001-140782,13,medium,0.8372,0.9456521739130435,0.943089430894309,0.9584199584199584,1.0,1.0,0.35294117647058826,0.9360730593607306,1939-02-10 1942-09-02 1948-09-18 1951-03-08 1954-11-12 1964-01-28 1964-11-16 1976-03-02 1979-04-30 1997-10-27 1998-02-13 1998-09-15 1999-04-19 2000-07-11 2001-11-29 2002-02-21 2003-07-01 2003-09-22 2009-09-30 2012-07-12,,0,0,0,False,True,2997,17,,,False,False
001-140782,13,heavy,0.8496,1.0,1.0,1.0,1.0,1.0,0.4803921568627451,0.8904109589041096,,,0,0,0,False,True,2997,17,,,False,False
001-140785,3,light,0.987,1.0,1.0,1.0,1.0,1.0,0.9863013698630136,0.987012987012987,,,0,1,0,False,False,7070,7,,,False,False
001-140785,3,medium,0.9574,1.0,0.9464285714285714,1.0,0.9523809523809523,0.9333333333333333,0.9452054794520548,0.948051948051948,8.00,,0,1,1,False,False,7070,7,,,False,False
001-140785,3,heavy,0.9653,1.0,0.9821428571428571,1.0,1.0,1.0,0.9863013698630136,0.961038961038961,,,0,1,0,False,False,7070,7,,,False,False
001-141434,5,light,0.9811,1.0,1.0,1.0,1.0,1.0,1.0,1.0,,,0,1,1,False,False,3907,6,,,False,False
001-141434,5,medium,0.9839,1.0,1.0,1.0,1.0,1.0,1.0,0.9878048780487805,,,0,1,1,False,False,3907,6,,,False,False
001-141434,5,heavy,0.9824,1.0,1.0,1.0,1.0,1.0,1.0,1.0,,,0,1,1,False,False,3907,6,,,False,False
001-141629,13,light,0.9911,1.0,1.0,1.0,1.0,1.0,1.0,1.0,,,0,2,2,False,False,5426,4,,,False,False
001-141629,13,medium,0.9654,1.0,1.0,1.0,1.0,1.0,0.9873417721518988,1.0,,,0,2,1,False,False,5426,4,,,False,False
001-141629,13,heavy,0.9748,1.0,1.0,1.0,1.0,1.0,1.0,1.0,,,0,2,1,False,False,5426,4,,,False,False
001-141635,3,light,0.9875,1.0,1.0,1.0,1.0,1.0,0.6086956521739131,0.971830985915493,,,0,5,4,False,False,19238,1,1.0,3830,False,False
001-141635,3,medium,0.9536,1.0,1.0,1.0,1.0,1.0,0.6086956521739131,0.8591549295774648,,,0,5,3,False,False,19238,1,1.0,3662,False,False
001-141635,3,heavy,0.9474,1.0,1.0,1.0,1.0,1.0,0.6086956521739131,0.8591549295774648,,,0,5,2,False,False,19238,1,1.0,3673,False,False
001-141635,6,light,0.9958,1.0,1.0,1.0,1.0,1.0,0.6086956521739131,0.971830985915493,,,0,5,4,False,False,19238,1,1.0,3871,False,False
001-141635,6,medium,0.9552,1.0,1.0,1.0,1.0,1.0,0.6086956521739131,0.8591549295774648,,,0,5,4,False,False,19238,1,1.0,3710,False,False
001-141635,6,heavy,0.9572,1.0,1.0,1.0,1.0,1.0,0.6195652173913043,0.8732394366197183,,,0,5,4,False,False,19238,1,1.0,3689,False,False
001-141644,6,light,0.9897,1.0,1.0,1.0,1.0,1.0,1.0,1.0,,,0,4,3,False,False,4878,10,,,False,False
001-141644,6,medium,0.963,1.0,1.0,1.0,1.0,1.0,0.9921875,0.9886363636363636,,,0,4,1,False,False,4878,10,,,False,False
001-141644,6,heavy,0.9763,1.0,1.0,1.0,1.0,1.0,1.0,0.9886363636363636,,,0,4,2,False,False,4878,10,,,False,False
001-141668,8,light,0.9864,1.0,1.0,1.0,1.0,1.0,1.0,0.9847328244274809,,,0,3,3,False,True,4477,19,,,False,False
001-141668,8,medium,0.9716,1.0,1.0,1.0,0.990909090909091,1.0,0.967741935483871,0.8854961832061069,,,0,3,1,False,True,4477,19,,,False,False
001-141668,8,heavy,0.9708,1.0,1.0,1.0,1.0,1.0,0.9959677419354839,0.916030534351145,,,0,3,2,False,True,4477,19,,,False,False
001-141910,6,light,0.9671,1.0,1.0,1.0,1.0,1.0,1.0,1.0,,,0,0,1,False,False,9581,8,,,False,False
001-141910,6,medium,0.9436,1.0,1.0,1.0,1.0,1.0,0.9807692307692307,0.8985507246376812,,,0,0,1,False,False,9581,8,,,False,False
001-141910,6,heavy,0.9537,1.0,1.0,1.0,1.0,1.0,0.9807692307692307,0.9855072463768116,,,0,0,1,False,False,9581,8,,,False,False
001-141933,13,light,0.9793,1.0,1.0,1.0,1.0,1.0,1.0,1.0,,,0,1,1,False,False,2974,2,,,False,False
001-141933,13,medium,0.9631,1.0,0.9428571428571428,1.0,1.0,1.0,0.9411764705882353,0.96,,2011-07-08,1,1,1,False,False,2974,2,,,False,False
001-141933,13,heavy,0.9635,1.0,1.0,1.0,1.0,1.0,0.9411764705882353,1.0,,2011-07-08,1,1,1,False,False,2974,2,,,False,False
001-141933,6,light,0.9896,1.0,1.0,1.0,1.0,1.0,1.0,1.0,,,0,1,1,False,False,2974,2,,,False,False
001-141933,6,medium,0.9714,1.0,1.0,1.0,1.0,1.0,0.9411764705882353,0.96,,2011-07-08,1,1,1,False,False,2974,2,,,False,False
001-141933,6,heavy,0.9859,1.0,1.0,1.0,1.0,1.0,1.0,0.96,,,0,1,1,False,False,2974,2,,,False,False
001-141943,6,light,1.0079,1.0,1.0,1.0,1.0,1.0,1.0,1.0,,,0,0,0,False,False,1517,1,,379,False,False
001-141943,6,medium,0.9855,1.0,1.0,1.0,1.0,1.0,1.0,0.9444444444444444,,,0,0,0,False,False,1517,1,,374,False,False
001-141943,6,heavy,1.0139,1.0,1.0,1.0,1.0,1.0,1.0,1.0,,,0,0,0,False,False,1517,1,,379,False,False
001-142082,13,light,0.9727,1.0,0.85,1.0,1.0,1.0,1.0,1.0,,,0,1,1,False,False,4960,3,,,False,False
001-142082,13,medium,1.0103,1.0,0.7,0.9166666666666666,0.9166666666666666,0.9047619047619048,0.9452054794520548,1.0,10.00 6.00 2009-07-01,,0,1,1,False,False,4960,3,,,False,False
001-142082,13,heavy,0.9854,1.0,0.7,0.9166666666666666,1.0,1.0,1.0,0.9574468085106383,2009-07-01,,0,1,1,False,False,4960,3,,,False,False
001-142083,13,light,0.9845,1.0,0.9722222222222222,0.9666666666666667,1.0,1.0,1.0,1.0,2004-04-09,,0,0,0,False,False,4378,3,,,False,False
001-142083,13,medium,1.018,1.0,0.9722222222222222,0.9666666666666667,1.0,1.0,1.0,1.0,2004-04-09,,0,0,0,False,False,4378,3,,,False,False
001-142083,13,heavy,0.9828,1.0,0.9722222222222222,0.9666666666666667,1.0,1.0,1.0,1.0,2004-04-09,,0,0,0,False,False,4378,3,,,False,False
001-142185,6,light,0.9799,1.0,1.0,1.0,1.0,1.0,1.0,0.987012987012987,,,0,2,2,False,False,2895,6,,,False,False
001-142185,6,medium,0.9867,1.0,1.0,1.0,1.0,1.0,0.9824561403508771,0.935064935064935,,,0,2,2,False,False,2895,6,,,False,False
001-142185,6,heavy,0.9917,1.0,1.0,1.0,1.0,1.0,1.0,0.935064935064935,,,0,2,2,False,False,2895,6,,,False,False
001-142305,6,light,0.999,1.0,1.0,1.0,1.0,1.0,1.0,1.0,,,0,4,4,False,False,2778,8,,,False,False
001-142305,6,medium,1.002,1.0,1.0,1.0,1.0,1.0,0.9572649572649573,0.987012987012987,,,0,4,3,False,False,2778,8,,,False,False
001-142305,6,heavy,1.0012,1.0,1.0,1.0,1.0,1.0,0.9914529914529915,0.987012987012987,,,0,4,3,False,False,2778,8,,,False,False
001-142398,8,light,0.9756,1.0,1.0,1.0,1.0,1.0,1.0,0.9836065573770492,,,0,5,5,False,False,5054,5,,,False,False
001-142398,8,medium,0.9486,1.0,1.0,1.0,1.0,1.0,0.9818181818181818,0.9344262295081968,,,0,5,1,False,False,5054,5,,,False,False
001-142398,8,heavy,0.9726,1.0,1.0,1.0,1.0,1.0,0.9818181818181818,0.9344262295081968,,,0,5,1,False,False,5054,5,,,False,False
001-142403,6,light,0.9953,1.0,1.0,1.0,1.0,1.0,1.0,1.0,,,0,0,0,False,False,2953,1,,643,False,False
001-142403,6,medium,1.0027,1.0,1.0,1.0,1.0,1.0,1.0,0.9523809523809523,,,0,0,0,False,False,2953,1,,642,False,False
001-142403,6,heavy,1.0163,1.0,1.0,1.0,1.0,1.0,1.0,0.9523809523809523,,,0,0,0,False,False,2953,1,,638,False,False
001-142515,6,light,0.9901,1.0,1.0,1.0,0.967741935483871,0.9696969696969697,0.9794871794871794,0.98,2.296,,0,4,5,False,False,2960,15,,,False,False
001-142515,6,medium,0.9873,1.0,1.0,1.0,0.967741935483871,0.9696969696969697,0.9846153846153847,0.98,2.296,242,1,4,6,False,False,2960,15,,,False,False
001-142515,6,heavy,0.995,1.0,1.0,1.0,0.967741935483871,0.9696969696969697,0.9794871794871794,0.98,2.296,,0,4,5,False,False,2960,15,,,False,False
001-142519,P1-1,light,0.9862,1.0,1.0,1.0,1.0,1.0,1.0,1.0,,,0,0,0,False,False,2910,1,,648,False,False
001-142519,P1-1,medium,0.9814,1.0,1.0,1.0,1.0,1.0,1.0,0.9722222222222222,,,0,0,0,False,False,2910,1,,649,False,False
001-142519,P1-1,heavy,0.9821,1.0,1.0,1.0,1.0,1.0,1.0,0.9722222222222222,,,0,0,0,False,False,2910,1,,642,False,False
001-142521,5,light,0.9905,1.0,1.0,1.0,1.0,1.0,1.0,1.0,,,0,2,2,False,False,2873,7,,,False,False
001-142521,5,medium,0.981,1.0,1.0,1.0,1.0,1.0,1.0,1.0,,,0,2,0,False,False,2873,7,,,False,False
001-142521,5,heavy,0.9894,1.0,1.0,1.0,1.0,1.0,1.0,1.0,,,0,2,1,False,False,2873,7,,,False,False
001-144113,P7-4,light,1.0084,1.0,1.0,1.0,1.0,1.0,1.0,1.0,,,0,0,0,False,False,2934,3,,,False,False
001-144113,P7-4,medium,1.0205,1.0,1.0,1.0,1.0,1.0,1.0,1.0,,,0,0,1,False,False,2934,3,,,False,False
001-144113,P7-4,heavy,1.014,1.0,1.0,1.0,1.0,1.0,1.0,1.0,,,0,0,1,False,False,2934,3,,,False,False
001-144367,6,light,0.9839,1.0,1.0,1.0,1.0,1.0,0.9831932773109243,0.9726027397260274,,,0,1,1,False,False,6006,9,,,False,False
001-144367,6,medium,0.9623,1.0,0.984375,1.0,1.0,1.0,0.9747899159663865,0.9726027397260274,,,0,1,1,False,False,6006,9,,,False,False
001-144367,6,heavy,0.972,1.0,1.0,1.0,1.0,1.0,0.9747899159663865,1.0,,,0,1,1,False,False,6006,9,,,False,False
001-144672,5,light,0.9772,1.0,1.0,1.0,1.0,1.0,1.0,1.0,,,0,4,3,False,False,17282,13,1.0,,False,False
001-144672,5,medium,0.9441,1.0,1.0,1.0,1.0,1.0,0.9916666666666667,1.0,,,0,4,2,False,False,17282,13,1.0,,False,False
001-144672,5,heavy,0.965,1.0,1.0,1.0,1.0,1.0,1.0,0.984375,,,0,4,1,False,False,17282,13,1.0,,False,False
001-145014,P1-1,light,0.9954,1.0,0.9523809523809523,1.0,0.8571428571428571,1.0,0.7123287671232876,1.0,,,0,0,0,False,False,8693,1,,1978,False,False
001-145014,P1-1,medium,0.9855,1.0,0.9523809523809523,1.0,0.7857142857142857,1.0,0.684931506849315,0.9166666666666666,,,0,0,0,False,False,8693,1,,1928,False,False
001-145014,P1-1,heavy,1.006,1.0,1.0,1.0,0.9642857142857143,1.0,0.726027397260274,0.9166666666666666,,,0,0,0,False,False,8693,1,,1977,False,False
001-145018,3,light,0.96,1.0,0.967741935483871,0.9642857142857143,0.9111111111111111,0.8888888888888888,0.9554140127388535,0.9453125,20.12 20.13 2012 2012-12-19,,0,1,1,False,False,14484,12,,,False,False
001-145018,3,medium,0.9357,1.0,0.967741935483871,0.9642857142857143,0.9111111111111111,0.8888888888888888,0.9299363057324841,0.8984375,20.12 20.13 2012 2012-12-19,,0,1,1,False,False,14484,12,,,False,False
001-145018,3,heavy,0.9409,1.0,0.967741935483871,0.9642857142857143,0.9111111111111111,0.8888888888888888,0.9490445859872612,0.90625,20.12 20.13 2012 2012-12-19,,0,1,0,False,False,14484,12,,,False,False
001-145068,8,light,0.9851,1.0,1.0,1.0,1.0,1.0,1.0,0.9794520547945206,,,0,5,5,False,True,4321,19,,,False,False
001-145068,8,medium,0.9577,1.0,1.0,1.0,1.0,1.0,0.9902439024390244,0.9246575342465754,,,0,5,5,False,True,4321,19,,,False,False
001-145068,8,heavy,0.9638,1.0,1.0,1.0,1.0,1.0,0.9853658536585366,0.9246575342465754,,100,1,5,5,False,True,4321,19,,,False,False
001-145341,3,light,0.9907,1.0,1.0,1.0,1.0,1.0,1.0,0.9761904761904762,,,0,3,3,False,False,4598,14,,,False,False
001-145341,3,medium,1.0013,1.0,1.0,1.0,0.9736842105263158,1.0,0.9953488372093023,0.9603174603174603,,,0,3,3,False,False,4598,14,,,False,False
001-145341,3,heavy,1.0078,1.0,1.0,1.0,1.0,1.0,1.0,0.9523809523809523,,,0,3,4,False,False,4598,14,,,False,False
001-145349,P1-1,light,0.9949,1.0,1.0,1.0,1.0,1.0,1.0,1.0,,,0,1,1,False,False,2759,1,,682,False,False
001-145349,P1-1,medium,0.9808,1.0,1.0,1.0,1.0,1.0,1.0,1.0,,,0,1,0,False,False,2759,1,,673,False,False
001-145349,P1-1,heavy,0.9869,1.0,1.0,1.0,1.0,1.0,1.0,1.0,,,0,1,1,False,False,2759,1,,670,False,False
001-145466,14,light,0.9744,1.0,1.0,1.0,1.0,1.0,0.9950248756218906,1.0,,,0,5,4,False,True,4716,21,,,False,False
001-145466,14,medium,0.9598,1.0,0.9803921568627451,1.0,0.9855072463768116,0.9705882352941176,0.9203980099502488,0.9548387096774194,2646,,0,5,2,False,True,4716,21,,,False,False
001-145466,14,heavy,0.9645,1.0,0.9803921568627451,1.0,0.9855072463768116,0.9705882352941176,0.9402985074626866,0.9032258064516129,2646,,0,5,4,False,True,4716,21,,,False,False
001-145466,8,light,0.9771,1.0,1.0,1.0,1.0,1.0,0.9900497512437811,1.0,,,0,5,4,False,True,4716,21,,,False,False
001-145466,8,medium,0.9575,1.0,0.9803921568627451,1.0,0.9855072463768116,0.9705882352941176,0.9203980099502488,0.9612903225806452,2646,,0,5,3,False,True,4716,21,,,False,False
001-145466,8,heavy,0.9629,1.0,0.9803921568627451,1.0,0.9855072463768116,0.9705882352941176,0.9303482587064676,0.9612903225806452,2646,,0,5,5,False,True,4716,21,,,False,False
001-145575,P1-1,light,1.0002,1.0,1.0,1.0,1.0,1.0,0.9971910112359551,0.9945652173913043,,,0,3,3,False,True,4529,21,,,False,False
001-145575,P1-1,medium,1.0065,1.0,1.0,1.0,1.0,1.0,0.9943820224719101,0.9456521739130435,,,0,3,3,False,True,4529,21,,,False,False
001-145575,P1-1,heavy,1.0055,1.0,1.0,1.0,1.0,1.0,0.9943820224719101,0.9456521739130435,,,0,3,3,False,True,4529,21,,,False,False
001-145579,13,light,1.0145,1.0,1.0,1.0,1.0,1.0,0.7666666666666667,1.0,,,0,0,0,False,False,4686,5,,,False,False
001-145579,13,medium,0.9643,1.0,1.0,1.0,1.0,1.0,0.48333333333333334,0.9767441860465116,,,0,0,0,False,False,4686,5,,,False,False
001-145579,13,heavy,0.9844,1.0,1.0,1.0,1.0,1.0,0.65,0.9457364341085271,,,0,0,0,False,False,4686,5,,,False,False
001-145580,6,light,0.9841,1.0,1.0,1.0,1.0,1.0,0.35714285714285715,1.0,,,0,2,2,False,False,17848,1,1.0,3674,False,False
001-145580,6,medium,0.9657,1.0,1.0,1.0,1.0,1.0,0.3333333333333333,1.0,,,0,2,2,False,False,17848,1,1.0,3614,False,False
001-145580,6,heavy,0.9571,1.0,1.0,1.0,1.0,1.0,0.34523809523809523,0.8695652173913043,,,0,2,1,False,False,17848,1,1.0,3603,False,False
001-145581,6,light,0.9756,1.0,1.0,1.0,1.0,1.0,0.627906976744186,1.0,,,0,4,4,False,False,13212,1,1.0,2720,False,False
001-145581,6,medium,0.9633,1.0,0.96875,1.0,1.0,1.0,0.6395348837209303,0.8627450980392157,,,0,4,2,False,False,13212,1,1.0,2678,False,False
001-145581,6,heavy,0.9723,1.0,1.0,1.0,1.0,1.0,0.6395348837209303,1.0,,,0,4,3,False,False,13212,1,1.0,2700,False,False
001-145653,8,light,0.9931,1.0,1.0,1.0,0.9333333333333333,0.9,0.9649122807017544,1.0,200,,0,3,3,False,False,7074,6,,,False,False
001-145653,8,medium,0.9712,1.0,1.0,1.0,0.9333333333333333,0.9,0.9649122807017544,1.0,200,,0,3,0,False,False,7074,6,,,False,False
001-145653,8,heavy,0.9774,1.0,1.0,1.0,0.9333333333333333,0.9,0.9649122807017544,1.0,200,,0,3,0,False,False,7074,6,,,False,False
001-145779,13,light,1.0032,1.0,1.0,1.0,,,0.7407407407407407,1.0,,,0,0,0,False,False,2962,3,,,False,False
001-145779,13,medium,0.9725,1.0,1.0,1.0,,,0.4074074074074074,0.9454545454545454,,,0,0,0,False,False,2962,3,,,False,False
001-145779,13,heavy,0.9145,1.0,1.0,1.0,,,0.7407407407407407,0.9636363636363636,,,0,0,0,False,False,2962,3,,,False,False
001-145787,8,light,0.9786,1.0,1.0,1.0,1.0,1.0,0.9777777777777777,1.0,,,0,2,2,False,False,4462,4,,,False,False
001-145787,8,medium,0.9887,1.0,1.0,1.0,1.0,1.0,0.9777777777777777,0.9830508474576272,,,0,2,1,False,False,4462,4,,,False,False
001-145787,8,heavy,1.0023,1.0,1.0,1.0,1.0,1.0,1.0,0.9830508474576272,,,0,2,2,False,False,4462,4,,,False,False
001-145788,3,light,0.9862,1.0,1.0,1.0,0.9655172413793104,1.0,0.9852941176470589,1.0,,,0,0,0,False,False,4759,5,,,False,False
001-145788,3,medium,0.9465,1.0,1.0,1.0,0.9655172413793104,1.0,0.9852941176470589,0.9857142857142858,,,0,0,0,False,False,4759,5,,,False,False
001-145788,3,heavy,0.9438,1.0,1.0,1.0,0.9655172413793104,1.0,0.9852941176470589,1.0,,,0,0,0,False,False,4759,5,,,False,False
001-146047,38,light,0.9906,1.0,1.0,1.0,0.9833333333333333,0.9722222222222222,0.99,0.9683544303797469,2013,,0,3,5,False,True,3000,19,,,False,False
001-146047,38,medium,0.9898,1.0,1.0,1.0,0.9833333333333333,0.9722222222222222,0.985,0.930379746835443,2013,,0,3,3,False,True,3000,19,,,False,False
001-146047,38,heavy,0.9999,1.0,1.0,1.0,0.9833333333333333,0.9722222222222222,0.985,0.9177215189873418,2013,,0,3,6,False,True,3000,19,,,False,False
001-146353,6,light,0.9947,1.0,1.0,1.0,1.0,1.0,0.9857142857142858,1.0,,,0,2,2,False,False,5922,5,,,False,False
001-146353,6,medium,0.9912,1.0,1.0,1.0,1.0,1.0,0.9857142857142858,0.9027777777777778,,,0,2,1,False,False,5922,5,,,False,False
001-146353,6,heavy,0.986,1.0,1.0,1.0,1.0,1.0,1.0,0.9166666666666666,,,0,2,1,False,False,5922,5,,,False,False
001-146399,6,light,0.978,1.0,1.0,1.0,1.0,1.0,0.9801980198019802,1.0,,,0,3,4,False,False,4116,9,,,False,False
001-146399,6,medium,0.9766,1.0,0.9655172413793104,0.9565217391304348,0.9473684210526315,1.0,0.9504950495049505,1.0,2005-05-24,,0,3,2,False,False,4116,9,,,False,False
001-146399,6,heavy,0.9833,1.0,1.0,1.0,0.9736842105263158,1.0,0.9603960396039604,1.0,,,0,3,4,False,False,4116,9,,,False,False
001-146409,5,light,0.9799,1.0,1.0,1.0,1.0,1.0,1.0,1.0,,,0,0,0,False,False,8280,6,,,False,False
001-146409,5,medium,0.9467,1.0,1.0,1.0,1.0,1.0,1.0,1.0,,,0,0,0,False,False,8280,6,,,False,False
001-146409,5,heavy,0.9452,1.0,1.0,1.0,1.0,1.0,1.0,1.0,,,0,0,0,False,False,8280,6,,,False,False
001-146410,10,light,1.0022,1.0,1.0,1.0,1.0,1.0,1.0,1.0,,,0,1,1,False,False,2688,1,,605,False,False
001-146410,10,medium,0.9799,1.0,1.0,1.0,1.0,1.0,1.0,1.0,,,0,1,1,False,False,2688,1,,592,False,False
001-146410,10,heavy,0.9981,1.0,1.0,1.0,1.0,1.0,1.0,0.9473684210526315,,,0,1,2,False,False,2688,1,,596,False,False
001-146697,5,light,1.0034,1.0,1.0,1.0,,,0.07692307692307693,1.0,,,0,0,0,False,False,3797,1,,861,False,False
001-146697,5,medium,1.0216,1.0,1.0,1.0,,,0.07692307692307693,1.0,,,0,0,0,False,False,3797,1,,872,False,False
001-146697,5,heavy,1.0205,1.0,1.0,1.0,,,0.07692307692307693,0.926829268292683,,,0,0,0,False,False,3797,1,,868,False,False
001-147037,3,light,0.9737,1.0,1.0,1.0,1.0,1.0,0.43478260869565216,0.9795918367346939,,,0,0,0,False,False,17128,1,1.0,3506,False,False
001-147037,3,medium,0.9424,1.0,1.0,1.0,1.0,1.0,0.43478260869565216,0.8571428571428571,,,0,0,0,False,False,17128,1,1.0,3393,False,False
001-147037,3,heavy,0.9202,1.0,1.0,1.0,1.0,1.0,0.43478260869565216,1.0,,,0,0,0,False,False,17128,1,1.0,3348,False,False
001-147045,5,light,0.9901,1.0,1.0,1.0,1.0,1.0,1.0,1.0,,,0,5,3,False,False,10187,4,,,False,False
001-147045,5,medium,0.9545,1.0,1.0,1.0,1.0,1.0,1.0,0.9696969696969697,,,0,5,2,False,False,10187,4,,,False,False
001-147045,5,heavy,0.96,1.0,1.0,1.0,1.0,1.0,1.0,0.9696969696969697,,,0,5,2,False,False,10187,4,,,False,False
001-147272,10,light,0.9833,1.0,1.0,1.0,1.0,1.0,0.9772727272727273,0.9836065573770492,,,0,2,2,False,False,5172,7,,,False,False
001-147272,10,medium,0.9937,1.0,1.0,1.0,1.0,1.0,0.9772727272727273,0.9672131147540983,,,0,2,2,False,False,5172,7,,,False,False
001-147272,10,heavy,1.0089,1.0,1.0,1.0,1.0,1.0,0.9659090909090909,0.9672131147540983,,,0,2,3,False,False,5172,7,,,False,False
001-147274,8,light,1.001,1.0,1.0,1.0,1.0,1.0,1.0,1.0,,,0,1,0,False,False,2977,1,,731,False,False
001-147274,8,medium,0.999,1.0,1.0,1.0,1.0,1.0,1.0,1.0,,,0,1,0,False,False,2977,1,,681,False,False
001-147274,8,heavy,1.0,1.0,1.0,1.0,1.0,1.0,1.0,1.0,,,0,1,1,False,False,2977,1,,679,False,False
001-147286,3,light,0.984,1.0,1.0,1.0,1.0,1.0,1.0,1.0,,,0,7,8,False,False,8684,7,,,False,False
001-147286,3,medium,0.9438,1.0,0.9166666666666666,1.0,1.0,1.0,1.0,0.9444444444444444,,,0,7,3,False,False,8684,7,,,False,False
001-147286,3,heavy,0.9647,1.0,1.0,1.0,0.9565217391304348,1.0,0.9789473684210527,0.8518518518518519,,,0,7,3,False,False,8684,7,,,False,False
001-147443,13,light,1.0006,1.0,1.0,1.0,1.0,1.0,1.0,1.0,,,0,1,1,False,False,2771,4,,,False,False
001-147443,13,medium,1.0017,1.0,1.0,1.0,1.0,1.0,1.0,0.926829268292683,,,0,1,0,False,False,2771,4,,,False,False
001-147443,13,heavy,1.0033,1.0,1.0,1.0,1.0,1.0,1.0,0.926829268292683,,,0,1,0,False,False,2771,4,,,False,False
001-147443,6,light,1.0051,1.0,1.0,1.0,1.0,1.0,1.0,1.0,,,0,1,1,False,False,2771,4,,,False,False
001-147443,6,medium,1.0101,1.0,1.0,1.0,1.0,1.0,1.0,0.926829268292683,,,0,1,0,False,False,2771,4,,,False,False
001-147443,6,heavy,1.0183,1.0,1.0,1.0,1.0,1.0,1.0,0.926829268292683,,,0,1,0,False,False,2771,4,,,False,False
001-147875,6,light,0.9915,1.0,1.0,1.0,1.0,1.0,1.0,1.0,,,0,0,0,False,False,2811,2,,,False,False
001-147875,6,medium,1.0078,1.0,1.0,1.0,1.0,1.0,1.0,1.0,,,0,0,0,False,False,2811,2,,,False,False
001-147875,6,heavy,1.0105,1.0,1.0,1.0,1.0,1.0,1.0,1.0,,,0,0,0,False,False,2811,2,,,False,False
001-148263,6,light,0.9825,1.0,1.0,1.0,1.0,1.0,0.9879518072289156,1.0,,,0,3,1,False,False,5224,9,,,False,False
001-148263,6,medium,0.9557,1.0,1.0,1.0,1.0,1.0,0.9879518072289156,0.9846153846153847,,,0,3,2,False,False,5224,9,,,False,False
001-148263,6,heavy,0.9757,1.0,1.0,1.0,1.0,1.0,1.0,0.9692307692307692,,,0,3,1,False,False,5224,9,,,False,False
001-148268,8,light,0.9829,1.0,1.0,1.0,1.0,1.0,1.0,0.9836065573770492,,,0,3,3,False,False,6466,11,,,False,False
001-148268,8,medium,0.9472,1.0,1.0,1.0,0.9473684210526315,1.0,0.9797979797979798,0.9836065573770492,,,0,3,3,False,False,6466,11,,,False,False
001-148268,8,heavy,0.9633,1.0,1.0,1.0,1.0,1.0,1.0,0.8852459016393442,,,0,3,3,False,False,6466,11,,,False,False
001-148636,P1-1,light,0.9868,1.0,1.0,1.0,0.9833333333333333,1.0,0.9929577464788732,1.0,,,0,7,7,False,False,4134,9,,,False,False
001-148636,P1-1,medium,0.9638,1.0,0.975,1.0,0.9833333333333333,1.0,0.9929577464788732,0.9714285714285714,,,0,7,6,False,False,4134,9,,,False,False
001-148636,P1-1,heavy,0.9747,1.0,1.0,1.0,1.0,1.0,1.0,1.0,,,0,7,8,False,False,4134,9,,,False,False
001-148642,6,light,0.9929,1.0,1.0,1.0,1.0,1.0,0.9848484848484849,1.0,,,0,3,2,False,False,4956,8,,,False,False
001-148642,6,medium,0.9677,1.0,1.0,1.0,0.9807692307692307,1.0,0.9772727272727273,0.9344262295081968,,,0,3,3,False,False,4956,8,,,False,False
001-148642,6,heavy,0.972,1.0,1.0,1.0,0.9807692307692307,1.0,0.9772727272727273,0.9508196721311475,,,0,3,3,False,False,4956,8,,,False,False
001-148659,5,light,0.9753,1.0,1.0,1.0,1.0,1.0,0.9795918367346939,0.9807692307692307,,,0,1,0,False,False,2722,6,,,False,False
001-148659,5,medium,0.9803,1.0,1.0,1.0,1.0,1.0,0.9387755102040817,0.9423076923076923,,,0,1,0,False,False,2722,6,,,False,False
001-148659,5,heavy,0.9754,1.0,1.0,1.0,1.0,1.0,0.9591836734693877,0.9615384615384616,,,0,1,0,False,False,2722,6,,,False,False
001-148673,6,light,0.9873,1.0,1.0,1.0,1.0,1.0,1.0,0.9863013698630136,,,0,1,1,False,False,4140,20,,,False,False
001-148673,6,medium,0.9892,1.0,1.0,1.0,1.0,1.0,0.976,0.9452054794520548,,1.35 100000,2,1,3,False,False,4140,20,,,False,False
001-148673,6,heavy,0.9932,1.0,1.0,1.0,1.0,1.0,0.976,0.9315068493150684,,,0,1,2,False,False,4140,20,,,False,False
001-149201,P1-1,light,0.9932,1.0,1.0,1.0,1.0,1.0,1.0,0.9838709677419355,,,0,4,4,False,False,4699,6,,,False,False
001-149201,P1-1,medium,1.0094,1.0,1.0,1.0,1.0,1.0,1.0,1.0,,,0,4,2,False,False,4699,6,,,False,False
001-149201,P1-1,heavy,1.0097,1.0,1.0,1.0,1.0,1.0,1.0,1.0,,,0,4,3,False,False,4699,6,,,False,False
001-150217,13,light,0.9746,1.0,1.0,1.0,1.0,1.0,0.9849624060150376,0.9454545454545454,,,0,6,6,False,False,17023,6,1.0,,False,False
001-150217,13,medium,0.9539,1.0,1.0,1.0,1.0,1.0,0.9398496240601504,0.9454545454545454,,,0,6,3,False,False,17023,6,1.0,,False,False
001-150217,13,heavy,0.9742,1.0,1.0,1.0,1.0,1.0,0.9699248120300752,0.9454545454545454,,,0,6,3,False,False,17023,6,1.0,,False,False
001-150217,3,light,0.9799,1.0,1.0,1.0,1.0,1.0,1.0,0.9454545454545454,,,0,6,7,False,False,17023,6,1.0,,False,False
001-150217,3,medium,0.9563,1.0,0.9824561403508771,1.0,1.0,1.0,0.9398496240601504,0.9454545454545454,,,0,6,3,False,False,17023,6,1.0,,False,False
001-150217,3,heavy,0.9698,1.0,1.0,1.0,1.0,1.0,0.9699248120300752,0.9454545454545454,,,0,6,3,False,False,17023,6,1.0,,False,False
001-150234,3,light,0.9775,1.0,1.0,1.0,1.0,1.0,1.0,0.9827586206896551,,,0,8,7,False,False,11843,16,,,False,False
001-150234,3,medium,0.9558,1.0,1.0,1.0,1.0,1.0,0.9940476190476191,0.9741379310344828,,,0,8,3,False,False,11843,16,,,False,False
001-150234,3,heavy,0.9668,1.0,1.0,1.0,1.0,1.0,0.9761904761904762,0.9396551724137931,,,0,8,4,False,False,11843,16,,,False,False
001-150239,P1-1,light,0.9839,1.0,1.0,1.0,1.0,1.0,0.9736842105263158,1.0,,,0,0,0,False,False,2279,3,,,False,False
001-150239,P1-1,medium,0.9601,1.0,0.8181818181818182,0.8095238095238095,1.0,1.0,0.9736842105263158,1.0,2010-09-30 2011-01-31 2011-03-16 2011-04-28,,0,0,0,False,False,2279,3,,,False,False
001-150239,P1-1,heavy,0.99,1.0,1.0,1.0,1.0,1.0,0.9736842105263158,1.0,,,0,0,0,False,False,2279,3,,,False,False
001-150653,3,light,1.0042,1.0,1.0,1.0,1.0,1.0,0.5465116279069767,1.0,,,0,4,5,False,False,12259,1,1.0,2631,False,False
001-150653,3,medium,1.0143,1.0,1.0,1.0,1.0,1.0,0.5116279069767442,0.8666666666666667,,,0,4,5,False,False,12259,1,1.0,2635,False,False
001-150653,3,heavy,0.9986,1.0,1.0,1.0,1.0,1.0,0.5,0.8666666666666667,,,0,4,5,False,False,12259,1,1.0,2611,False,False
001-150668,P7-4,light,0.9956,1.0,1.0,1.0,1.0,1.0,1.0,1.0,,,0,1,1,False,False,3696,5,,,False,False
001-150668,P7-4,medium,0.9674,1.0,1.0,1.0,1.0,1.0,0.9642857142857143,0.9830508474576272,,,0,1,1,False,False,3696,5,,,False,False
001-150668,P7-4,heavy,0.9819,1.0,1.0,1.0,1.0,1.0,1.0,0.9830508474576272,,,0,1,1,False,False,3696,5,,,False,False
001-150676,2,light,0.9887,1.0,1.0,1.0,1.0,1.0,1.0,0.9882352941176471,,,0,0,0,False,False,3050,4,,,False,False
001-150676,2,medium,1.0261,1.0,1.0,1.0,1.0,1.0,1.0,0.9882352941176471,,,0,0,1,False,False,3050,4,,,False,False
001-150676,2,heavy,1.0093,1.0,1.0,1.0,1.0,1.0,1.0,0.9882352941176471,,,0,0,1,False,False,3050,4,,,False,False
001-150704,8,light,0.9818,1.0,1.0,1.0,1.0,1.0,1.0,0.9880952380952381,,,0,3,2,False,False,12671,13,1.0,,False,False
001-150704,8,medium,0.9481,1.0,0.9880952380952381,1.0,0.96875,1.0,0.9696969696969697,0.9642857142857143,,,0,3,0,False,False,12671,13,1.0,,False,False
001-150704,8,heavy,0.9593,1.0,1.0,1.0,1.0,1.0,0.9878787878787879,0.9761904761904762,,,0,3,1,False,False,12671,13,1.0,,False,False
001-150788,8,light,0.9792,1.0,1.0,1.0,1.0,1.0,1.0,1.0,,,0,0,0,False,False,4029,2,,,False,False
001-150788,8,medium,0.9627,1.0,1.0,1.0,1.0,1.0,1.0,1.0,,,0,0,0,False,False,4029,2,,,False,False
001-150788,8,heavy,0.9702,1.0,1.0,1.0,1.0,1.0,1.0,1.0,,,0,0,0,False,False,4029,2,,,False,False
001-151000,P7-4,light,0.9883,1.0,1.0,1.0,1.0,1.0,1.0,1.0,,,0,1,1,False,False,4333,4,,,False,False
001-151000,P7-4,medium,0.9567,1.0,1.0,1.0,1.0,1.0,0.9571428571428572,0.9814814814814815,,,0,1,1,False,False,4333,4,,,False,False
001-151000,P7-4,heavy,0.9706,1.0,1.0,1.0,1.0,1.0,0.9857142857142858,0.9814814814814815,,,0,1,2,False,False,4333,4,,,False,False
001-151051,7,light,0.9783,1.0,1.0,1.0,1.0,1.0,0.9811320754716981,1.0,,,0,0,0,False,False,7095,11,,,False,False
001-151051,7,medium,0.9469,1.0,1.0,1.0,1.0,1.0,1.0,0.9936305732484076,,,0,0,0,False,False,7095,11,,,False,False
001-151051,7,heavy,0.9534,1.0,1.0,1.0,1.0,1.0,1.0,0.9936305732484076,,,0,0,0,False,False,7095,11,,,False,False
001-152259,5,light,0.9913,1.0,1.0,1.0,1.0,1.0,0.9803370786516854,0.9882352941176471,,,0,7,7,False,True,2996,19,,,False,False
001-152259,5,medium,0.9989,1.0,0.975,1.0,1.0,1.0,0.9803370786516854,0.9176470588235294,,,0,7,6,False,True,2996,19,,,False,False
001-152259,5,heavy,1.0088,1.0,1.0,1.0,1.0,1.0,0.9803370786516854,0.9294117647058824,,,0,7,7,False,True,2996,19,,,False,False
001-152597,2,light,0.9876,1.0,1.0,1.0,1.0,1.0,0.4897959183673469,1.0,,,0,3,3,False,False,8854,1,,1870,False,False
001-152597,2,medium,0.9982,1.0,1.0,1.0,1.0,1.0,0.5102040816326531,0.8333333333333334,,,0,3,1,False,False,8854,1,,1857,False,False
001-152597,2,heavy,0.9992,1.0,1.0,1.0,1.0,1.0,0.5102040816326531,0.8518518518518519,,,0,3,1,False,False,8854,1,,1837,False,False
001-152780,6,light,0.9765,1.0,1.0,1.0,1.0,1.0,1.0,1.0,,,0,0,0,False,False,2764,3,,,False,False
001-152780,6,medium,0.9627,1.0,1.0,1.0,1.0,1.0,1.0,1.0,,,0,0,0,False,False,2764,3,,,False,False
001-152780,6,heavy,0.9737,1.0,1.0,1.0,1.0,1.0,1.0,1.0,,,0,0,0,False,False,2764,3,,,False,False
001-153349,3,light,0.9754,1.0,1.0,1.0,1.0,1.0,1.0,1.0,,,0,1,1,False,False,8522,10,,,False,False
001-153349,3,medium,0.9699,1.0,1.0,1.0,1.0,1.0,0.9857142857142858,0.9857142857142858,,,0,1,0,False,False,8522,10,,,False,False
001-153349,3,heavy,0.9654,1.0,1.0,1.0,1.0,1.0,1.0,0.9857142857142858,,,0,1,1,False,False,8522,10,,,False,False
001-153767,P1-1,light,0.9619,1.0,1.0,1.0,1.0,1.0,1.0,1.0,,,0,5,5,False,False,3886,3,,,False,False
001-153767,P1-1,medium,0.9482,1.0,1.0,1.0,1.0,1.0,0.9487179487179487,1.0,,,0,5,5,False,False,3886,3,,,False,False
001-153767,P1-1,heavy,0.9585,1.0,1.0,1.0,1.0,1.0,0.9743589743589743,1.0,,,0,5,5,False,False,3886,3,,,False,False
001-153770,2,light,0.9828,1.0,1.0,1.0,1.0,1.0,1.0,1.0,,,0,4,4,False,False,6770,4,,,False,False
001-153770,2,medium,0.9928,1.0,1.0,1.0,0.8666666666666667,0.9,0.9508196721311475,0.9682539682539683,19511,1951-07-28,1,4,1,False,False,6770,4,,,False,False
001-153770,2,heavy,0.9964,1.0,1.0,1.0,1.0,1.0,1.0,0.9682539682539683,,,0,4,1,False,False,6770,4,,,False,False
001-153906,38,light,0.9924,1.0,0.974025974025974,1.0,1.0,1.0,0.9885057471264368,0.9529411764705882,,,0,0,0,False,False,6602,10,,,False,False
001-153906,38,medium,0.9804,1.0,0.922077922077922,0.9782608695652174,1.0,1.0,1.0,0.9411764705882353,2009-11-18,,0,0,0,False,False,6602,10,,,False,False
001-153906,38,heavy,0.9947,1.0,0.987012987012987,1.0,1.0,1.0,1.0,0.9411764705882353,,,0,0,0,False,False,6602,10,,,False,False
001-153910,6,light,0.9834,0.5,1.0,1.0,1.0,1.0,1.0,1.0,,,0,2,2,False,False,4819,3,,,False,False
001-153910,6,medium,0.9637,1.0,0.9615384615384616,1.0,1.0,1.0,1.0,0.9803921568627451,,,0,2,1,False,False,4819,3,,,False,False
001-153910,6,heavy,0.9843,1.0,1.0,1.0,1.0,1.0,1.0,0.8627450980392157,,,0,2,1,False,False,4819,3,,,False,False
001-153919,2,light,0.9871,1.0,1.0,1.0,1.0,1.0,1.0,1.0,,,0,0,0,False,False,3520,5,,,False,False
001-153919,2,medium,0.969,1.0,1.0,1.0,1.0,1.0,1.0,1.0,,,0,0,0,False,False,3520,5,,,False,False
001-153919,2,heavy,0.982,1.0,1.0,1.0,1.0,1.0,1.0,1.0,,,0,0,0,False,False,3520,5,,,False,False
001-153960,6,light,0.9894,1.0,1.0,1.0,1.0,1.0,1.0,0.9852941176470589,,,0,3,4,False,False,3206,6,,,False,False
001-153960,6,medium,0.9871,1.0,1.0,1.0,1.0,1.0,1.0,0.9558823529411765,,,0,3,2,False,False,3206,6,,,False,False
001-153960,6,heavy,0.9835,1.0,1.0,1.0,1.0,1.0,1.0,0.9705882352941176,,,0,3,3,False,False,3206,6,,,False,False
001-154149,3,light,0.9943,1.0,1.0,1.0,1.0,1.0,1.0,1.0,,,0,3,3,False,False,11583,7,,,False,False
001-154149,3,medium,0.9922,1.0,1.0,1.0,1.0,1.0,0.9611650485436893,1.0,,,0,3,3,False,False,11583,7,,,False,False
001-154149,3,heavy,0.9988,1.0,1.0,1.0,1.0,1.0,0.970873786407767,1.0,,,0,3,4,False,False,11583,7,,,False,False
001-154151,5,light,0.9709,1.0,1.0,1.0,1.0,1.0,1.0,1.0,,,0,4,4,False,False,2445,3,,,False,False
001-154151,5,medium,0.9583,1.0,1.0,1.0,1.0,1.0,1.0,0.9836065573770492,,,0,4,3,False,False,2445,3,,,False,False
001-154151,5,heavy,0.9678,1.0,1.0,1.0,1.0,1.0,1.0,0.9836065573770492,,,0,4,4,False,False,2445,3,,,False,False
001-154344,6,light,0.9865,1.0,1.0,1.0,1.0,1.0,1.0,0.9795918367346939,,,0,0,0,False,False,2453,2,,,False,False
001-154344,6,medium,0.9696,1.0,1.0,1.0,1.0,1.0,1.0,0.9387755102040817,,,0,0,0,False,False,2453,2,,,False,False
001-154344,6,heavy,0.9834,1.0,1.0,1.0,1.0,1.0,1.0,0.9795918367346939,,,0,0,0,False,False,2453,2,,,False,False
001-154347,13,light,1.0106,1.0,1.0,1.0,1.0,1.0,1.0,0.9803921568627451,,,0,0,0,False,False,2351,1,,573,False,False
001-154347,13,medium,1.0064,1.0,1.0,1.0,1.0,1.0,1.0,0.9803921568627451,,,0,0,0,False,False,2351,1,,534,False,False
001-154347,13,heavy,1.037,1.0,1.0,1.0,1.0,1.0,1.0,0.9803921568627451,,,0,0,0,False,False,2351,1,,537,False,False
001-154354,13,light,0.9843,1.0,1.0,1.0,1.0,1.0,1.0,0.98,,,0,0,0,False,False,2352,2,,,False,False
001-154354,13,medium,0.9739,1.0,1.0,1.0,1.0,1.0,1.0,0.98,,,0,0,0,False,False,2352,2,,,False,False
001-154354,13,heavy,0.9827,1.0,1.0,1.0,1.0,1.0,1.0,0.98,,,0,0,0,False,False,2352,2,,,False,False
001-154354,6,light,0.9838,1.0,1.0,1.0,1.0,1.0,1.0,0.98,,,0,0,0,False,False,2352,2,,,False,False
001-154354,6,medium,0.9692,1.0,1.0,1.0,1.0,1.0,1.0,0.94,,,0,0,0,False,False,2352,2,,,False,False
001-154354,6,heavy,0.9874,1.0,1.0,1.0,1.0,1.0,1.0,0.94,,,0,0,0,False,False,2352,2,,,False,False
001-154527,2,light,1.0046,1.0,1.0,1.0,0.9411764705882353,0.9090909090909091,0.36585365853658536,1.0,18.22,,0,0,0,False,False,12655,1,1.0,2927,False,False
001-154527,2,medium,1.0151,1.0,1.0,1.0,0.9411764705882353,0.9090909090909091,0.35365853658536583,0.9423076923076923,18.22,,0,0,0,False,False,12655,1,1.0,2898,False,False
001-154527,2,heavy,1.0142,1.0,1.0,1.0,0.9411764705882353,0.9090909090909091,0.3780487804878049,0.9807692307692307,18.22,,0,0,0,False,False,12655,1,1.0,2944,False,False
001-155006,5,light,0.9794,1.0,1.0,1.0,1.0,1.0,1.0,0.9868421052631579,,,0,6,6,False,False,5944,13,,,False,False
001-155006,5,medium,0.9582,1.0,0.9746835443037974,1.0,1.0,1.0,0.9785714285714285,0.9736842105263158,,,0,6,6,False,False,5944,13,,,False,False
001-155006,5,heavy,0.9655,1.0,0.9873417721518988,1.0,1.0,1.0,0.9642857142857143,0.9868421052631579,,,0,6,6,False,False,5944,13,,,False,False
001-155082,6,light,0.9927,1.0,1.0,1.0,1.0,1.0,1.0,1.0,,,0,1,1,False,False,2987,6,,,False,False
001-155082,6,medium,1.0027,1.0,1.0,1.0,1.0,1.0,0.9830508474576272,0.9824561403508771,,,0,1,0,False,False,2987,6,,,False,False
001-155082,6,heavy,1.003,1.0,1.0,1.0,1.0,1.0,1.0,0.8947368421052632,,,0,1,1,False,False,2987,6,,,False,False
001-155102,6,light,0.9882,1.0,1.0,1.0,1.0,1.0,0.989010989010989,1.0,,,0,6,5,False,False,5060,13,,,False,False
001-155102,6,medium,0.9683,1.0,1.0,1.0,1.0,1.0,0.967032967032967,1.0,,,0,6,6,False,False,5060,13,,,False,False
001-155102,6,heavy,0.9752,1.0,1.0,1.0,1.0,1.0,0.978021978021978,0.9864864864864865,,,0,6,5,False,False,5060,13,,,False,False
001-155352,2,light,0.9825,1.0,1.0,1.0,1.0,1.0,1.0,0.9785714285714285,,,0,5,3,False,True,8286,19,,,False,False
001-155352,2,medium,0.9592,1.0,0.9807692307692307,1.0,1.0,1.0,0.9872611464968153,0.9357142857142857,,,0,5,1,False,True,8286,19,,,False,False
001-155352,2,heavy,0.9734,1.0,1.0,1.0,1.0,1.0,0.9808917197452229,0.8857142857142857,,2014-04-22 2014-04-29,2,5,2,False,True,8286,19,,,False,False
001-155357,6,light,0.9658,1.0,1.0,1.0,1.0,1.0,1.0,1.0,,,0,2,2,False,False,6397,5,,,False,False
001-155357,6,medium,0.9702,1.0,0.9487179487179487,0.9428571428571428,1.0,1.0,1.0,0.9824561403508771,1996-08-24 2003-11-12,,0,2,1,False,False,6397,5,,,False,False
001-155357,6,heavy,0.9761,1.0,1.0,1.0,1.0,1.0,1.0,0.9824561403508771,,,0,2,3,False,False,6397,5,,,False,False
001-155374,6,light,0.9829,1.0,1.0,1.0,1.0,1.0,1.0,1.0,,,0,1,2,False,False,4922,4,,,False,False
001-155374,6,medium,0.9772,1.0,1.0,1.0,1.0,1.0,1.0,1.0,,,0,1,0,False,False,4922,4,,,False,False
001-155374,6,heavy,0.9696,1.0,1.0,1.0,1.0,1.0,1.0,1.0,,,0,1,2,False,False,4922,4,,,False,False
001-155819,8,light,0.9948,1.0,1.0,1.0,1.0,1.0,0.96875,0.9880952380952381,,,0,6,4,False,False,6425,6,,,False,False
001-155819,8,medium,0.9998,1.0,1.0,1.0,1.0,1.0,0.953125,0.9880952380952381,,,0,6,4,False,False,6425,6,,,False,False
001-155819,8,heavy,1.0164,1.0,1.0,1.0,1.0,1.0,0.9375,0.9880952380952381,,,0,6,4,False,False,6425,6,,,False,False
001-155824,6,light,0.983,1.0,1.0,1.0,1.0,1.0,1.0,1.0,,,0,1,1,False,False,3217,6,,,False,False
001-155824,6,medium,0.985,1.0,1.0,1.0,1.0,1.0,1.0,0.8771929824561403,,,0,1,1,False,False,3217,6,,,False,False
001-155824,6,heavy,0.996,1.0,1.0,1.0,1.0,1.0,1.0,1.0,,,0,1,1,False,False,3217,6,,,False,False
001-155827,6,light,0.9759,1.0,1.0,1.0,1.0,1.0,1.0,1.0,,,0,3,2,False,False,5905,3,,,False,False
001-155827,6,medium,0.9217,1.0,1.0,1.0,1.0,1.0,1.0,1.0,,,0,3,0,False,False,5905,3,,,False,False
001-155827,6,heavy,0.9298,1.0,1.0,1.0,1.0,1.0,1.0,0.8846153846153846,,,0,3,1,False,False,5905,3,,,False,False
001-156069,6,light,0.9837,1.0,0.95,0.9444444444444444,1.0,1.0,1.0,1.0,2008-06-13,,0,0,0,False,False,2770,3,,,False,False
001-156069,6,medium,1.0003,1.0,0.95,0.9444444444444444,1.0,1.0,1.0,1.0,2008-06-13,,0,0,0,False,False,2770,3,,,False,False
001-156069,6,heavy,1.0073,1.0,1.0,1.0,1.0,1.0,0.9767441860465116,0.9821428571428571,,,0,0,0,False,False,2770,3,,,False,False
001-156073,34,light,0.9943,1.0,0.9893617021276596,0.9852941176470589,1.0,1.0,0.46258503401360546,1.0,2011-04-18,,0,0,0,False,False,26754,1,0.9375,5658,False,False
001-156073,34,medium,0.9679,1.0,0.9680851063829787,0.9705882352941176,1.0,1.0,0.46258503401360546,0.9714285714285714,2011-04-18 2011-04-27,2010-04-01,1,0,0,False,False,26754,1,0.9375,5475,False,False
001-156073,34,heavy,0.9722,1.0,0.9893617021276596,0.9852941176470589,1.0,1.0,0.46258503401360546,1.0,2011-04-18,2010-04-01,1,0,0,False,False,26754,1,0.9375,5504,False,False
001-156076,5,light,0.9855,1.0,1.0,1.0,1.0,1.0,1.0,1.0,,,0,4,4,False,False,3292,6,,,False,False
001-156076,5,medium,0.9797,1.0,1.0,1.0,1.0,1.0,0.9743589743589743,0.9830508474576272,,,0,4,1,False,False,3292,6,,,False,False
001-156076,5,heavy,0.989,1.0,1.0,1.0,1.0,1.0,0.9487179487179487,0.9661016949152542,,2012-02-18 2012-03-06,2,4,3,False,False,3292,6,,,False,False
001-156080,13,light,1.0104,1.0,1.0,1.0,1.0,1.0,1.0,1.0,,,0,0,0,False,False,2395,1,,585,False,False
001-156080,13,medium,1.0175,1.0,1.0,1.0,1.0,1.0,1.0,1.0,,,0,0,0,False,False,2395,1,,587,False,False
001-156080,13,heavy,1.0326,1.0,1.0,1.0,1.0,1.0,1.0,0.8604651162790697,,,0,0,0,False,False,2395,1,,590,False,False
001-156080,6,light,1.0138,1.0,1.0,1.0,1.0,1.0,1.0,1.0,,,0,0,0,False,False,2395,1,,629,False,False
001-156080,6,medium,1.028,1.0,1.0,1.0,1.0,1.0,1.0,1.0,,,0,0,0,False,False,2395,1,,582,False,False
001-156080,6,heavy,1.0652,1.0,1.0,1.0,1.0,1.0,1.0,1.0,,,0,0,0,False,False,2395,1,,599,False,False
001-156243,2,light,0.9929,1.0,1.0,1.0,1.0,1.0,1.0,1.0,,,0,0,0,False,False,7799,4,,,False,False
001-156243,2,medium,0.9992,1.0,1.0,1.0,1.0,1.0,0.9824561403508771,0.9178082191780822,,,0,0,1,False,False,7799,4,,,False,False
001-156243,2,heavy,1.002,1.0,1.0,1.0,1.0,1.0,0.9824561403508771,1.0,,,0,0,0,False,False,7799,4,,,False,False
001-156248,3,light,0.984,1.0,1.0,1.0,1.0,1.0,0.9655172413793104,1.0,,,0,0,0,False,False,6748,16,,,False,False
001-156248,3,medium,0.9714,1.0,0.9875,1.0,1.0,1.0,0.9827586206896551,0.9672131147540983,,,0,0,0,False,False,6748,16,,,False,False
001-156248,3,heavy,0.9811,1.0,1.0,1.0,1.0,1.0,1.0,0.9016393442622951,,,0,0,0,False,False,6748,16,,,False,False
001-156263,P4-4,light,0.9866,1.0,1.0,1.0,1.0,1.0,1.0,0.9834710743801653,,,0,4,2,False,False,11775,10,,,False,False
001-156263,P4-4,medium,0.9608,1.0,0.9803921568627451,1.0,1.0,1.0,0.9940476190476191,0.9752066115702479,,,0,4,1,False,False,11775,10,,,False,False
001-156263,P4-4,heavy,0.9777,1.0,1.0,1.0,1.0,1.0,1.0,0.9669421487603306,,,0,4,0,False,False,11775,10,,,False,False
001-156265,8,light,0.9818,1.0,1.0,1.0,0.984375,0.9772727272727273,0.9933774834437086,0.9935483870967742,2.00,,0,1,1,False,False,6176,15,,,False,False
001-156265,8,medium,0.9797,1.0,1.0,1.0,0.953125,0.9545454545454546,0.9801324503311258,0.9741935483870968,2.00 2009,,0,1,1,False,False,6176,15,,,False,False
001-156265,8,heavy,0.9931,1.0,1.0,1.0,1.0,1.0,0.9867549668874173,0.9741935483870968,,,0,1,1,False,False,6176,15,,,False,False
001-156267,13,light,0.9776,1.0,1.0,1.0,1.0,1.0,1.0,0.9852941176470589,,,0,4,4,False,False,4829,16,,,False,False
001-156267,13,medium,0.9418,1.0,0.9487179487179487,0.9705882352941176,1.0,1.0,0.9765886287625418,0.9705882352941176,2011-01-26,,0,4,7,False,False,4829,16,,,False,False
001-156267,13,heavy,0.9606,1.0,1.0,1.0,1.0,1.0,0.9899665551839465,0.9705882352941176,,,0,4,8,False,False,4829,16,,,False,False
001-156272,10,light,0.9816,1.0,1.0,1.0,1.0,1.0,1.0,0.972972972972973,,,0,4,2,False,False,12044,5,1.0,,False,False
001-156272,10,medium,0.9559,1.0,0.96,1.0,1.0,1.0,0.9818181818181818,0.972972972972973,,,0,4,1,False,False,12044,5,1.0,,False,False
001-156272,10,heavy,0.9738,1.0,1.0,1.0,1.0,1.0,1.0,0.9459459459459459,,,0,4,2,False,False,12044,5,1.0,,False,False
001-156272,6,light,0.9777,1.0,1.0,1.0,1.0,1.0,1.0,0.972972972972973,,,0,4,3,False,False,12044,5,1.0,,False,False
001-156272,6,medium,0.9504,1.0,1.0,1.0,1.0,1.0,1.0,0.9594594594594594,,,0,4,1,False,False,12044,5,1.0,,False,False
001-156272,6,heavy,0.9631,1.0,1.0,1.0,1.0,1.0,1.0,0.9459459459459459,,,0,4,1,False,False,12044,5,1.0,,False,False
001-156274,P1-1,light,0.9798,1.0,1.0,1.0,1.0,1.0,1.0,1.0,,,0,0,0,False,False,2950,2,,,False,False
001-156274,P1-1,medium,0.9697,1.0,1.0,1.0,1.0,1.0,1.0,0.96,,,0,0,0,False,False,2950,2,,,False,False
001-156274,P1-1,heavy,0.9753,1.0,1.0,1.0,1.0,1.0,1.0,0.96,,,0,0,0,False,False,2950,2,,,False,False
001-156275,5,light,0.9866,1.0,1.0,1.0,1.0,1.0,0.9921875,0.9666666666666667,,,0,0,0,False,False,9557,8,,,False,False
001-156275,5,medium,0.9695,1.0,0.9661016949152542,1.0,1.0,1.0,0.9921875,0.9333333333333333,,,0,0,1,False,False,9557,8,,,False,False
001-156275,5,heavy,0.963,1.0,1.0,1.0,1.0,1.0,0.9921875,0.9444444444444444,,,0,0,1,False,False,9557,8,,,False,False
001-156520,6,light,0.995,1.0,1.0,1.0,1.0,1.0,0.9741379310344828,0.9859154929577465,,3.3,1,11,11,False,False,5004,7,,,False,False
001-156520,6,medium,0.9732,1.0,0.9811320754716981,0.9767441860465116,1.0,1.0,0.9741379310344828,0.9859154929577465,2001-09-28,3.3,1,11,10,False,False,5004,7,,,False,False
001-156520,6,heavy,0.9925,1.0,0.9811320754716981,0.9767441860465116,1.0,1.0,0.9741379310344828,0.9859154929577465,2001-09-28,3.3,1,11,9,False,False,5004,7,,,False,False
001-157286,7,light,0.9797,1.0,1.0,1.0,1.0,1.0,0.9772727272727273,1.0,,,0,4,3,False,False,4590,4,,,False,False
001-157286,7,medium,0.971,1.0,1.0,1.0,1.0,1.0,0.9545454545454546,1.0,,,0,4,3,True,False,4590,4,,,False,False
001-157286,7,heavy,1.0071,1.0,1.0,1.0,1.0,1.0,0.9545454545454546,1.0,,,0,4,2,False,False,4590,4,,,False,False
001-157538,6,light,0.9845,1.0,1.0,1.0,1.0,1.0,1.0,0.9824561403508771,,,0,1,1,False,False,3508,5,,,False,False
001-157538,6,medium,0.9442,1.0,1.0,1.0,1.0,1.0,0.8461538461538461,0.9824561403508771,,,0,1,0,False,False,3508,5,,,False,False
001-157538,6,heavy,0.9519,1.0,1.0,1.0,1.0,1.0,1.0,0.9824561403508771,,,0,1,0,False,False,3508,5,,,False,False
001-157670,3,light,0.9943,1.0,1.0,1.0,1.0,1.0,0.9941176470588236,0.965034965034965,,,0,4,4,False,False,5177,16,,,False,False
001-157670,3,medium,0.9823,1.0,0.9886363636363636,0.9838709677419355,1.0,1.0,1.0,0.965034965034965,2006-03-01,,0,4,3,False,False,5177,16,,,False,False
001-157670,3,heavy,0.9942,1.0,1.0,1.0,1.0,1.0,0.9941176470588236,0.965034965034965,,,0,4,3,False,False,5177,16,,,False,False
001-157761,3,light,0.9796,1.0,1.0,1.0,1.0,1.0,0.9791666666666666,1.0,,,0,1,1,False,False,7265,6,,,False,False
001-157761,3,medium,0.9536,1.0,1.0,1.0,1.0,1.0,0.8958333333333334,0.8846153846153846,,,0,1,1,False,False,7265,6,,,False,False
001-157761,3,heavy,0.958,1.0,1.0,1.0,1.0,1.0,1.0,0.8846153846153846,,,0,1,0,False,False,7265,6,,,False,False
001-157967,34,light,0.9992,1.0,1.0,1.0,0.9444444444444444,0.9285714285714286,0.5779816513761468,0.9861111111111112,15.43,,0,0,0,False,False,16425,1,0.8889,3656,False,False
001-157967,34,medium,0.9828,1.0,1.0,1.0,0.9444444444444444,0.9285714285714286,0.5779816513761468,0.8888888888888888,15.43,2013-04-05,1,0,0,False,False,16425,1,0.8889,3570,False,False
001-157967,34,heavy,0.9768,1.0,1.0,1.0,0.9444444444444444,0.9285714285714286,0.5963302752293578,0.9027777777777778,15.43,,0,0,0,False,False,16425,1,0.8889,3550,False,False
001-158037,6,light,0.9683,1.0,1.0,1.0,1.0,1.0,1.0,1.0,,,0,0,0,False,False,2823,2,,,False,False
001-158037,6,medium,0.9814,1.0,1.0,1.0,1.0,1.0,1.0,1.0,,,0,0,0,False,False,2823,2,,,False,False
001-158037,6,heavy,0.9779,1.0,1.0,1.0,1.0,1.0,1.0,1.0,,,0,0,0,False,False,2823,2,,,False,False
001-158090,13,light,0.9822,1.0,1.0,1.0,1.0,1.0,1.0,1.0,,,0,4,4,False,False,2998,9,,,False,False
001-158090,13,medium,0.9414,1.0,1.0,1.0,0.9787234042553191,1.0,0.967032967032967,0.967032967032967,,,0,4,3,False,False,2998,9,,,False,False
001-158090,13,heavy,0.9522,1.0,1.0,1.0,1.0,1.0,0.9560439560439561,0.9560439560439561,,,0,4,3,False,False,2998,9,,,False,False
001-158279,10,light,0.9714,1.0,1.0,1.0,1.0,1.0,0.9837837837837838,0.9894179894179894,,,0,3,3,False,False,13033,13,1.0,,False,False
001-158279,10,medium,0.9669,1.0,1.0,1.0,1.0,1.0,0.9891891891891892,0.9894179894179894,,,0,3,3,False,False,13033,13,1.0,,False,False
001-158279,10,heavy,0.9619,1.0,1.0,1.0,1.0,1.0,0.9945945945945946,0.9735449735449735,,,0,3,3,False,False,13033,13,1.0,,False,False
001-158472,3,light,0.9895,1.0,1.0,1.0,1.0,1.0,0.9935897435897436,1.0,,,0,3,3,False,False,5509,14,,,False,False
001-158472,3,medium,0.9893,1.0,1.0,1.0,1.0,1.0,0.9871794871794872,0.9873417721518988,,,0,3,4,False,False,5509,14,,,False,False
001-158472,3,heavy,0.9886,1.0,1.0,1.0,1.0,1.0,0.9871794871794872,1.0,,,0,3,4,False,False,5509,14,,,False,False
001-158494,3,light,1.0111,1.0,1.0,1.0,1.0,1.0,1.0,0.96,,,0,0,0,False,False,2900,3,,,False,False
001-158494,3,medium,1.0242,1.0,1.0,1.0,1.0,1.0,1.0,0.96,,,0,0,0,False,False,2900,3,,,False,False
001-158494,3,heavy,1.022,1.0,1.0,1.0,1.0,1.0,1.0,0.96,,,0,0,0,False,False,2900,3,,,False,False
001-158504,14,light,0.9864,1.0,1.0,1.0,1.0,1.0,0.9888888888888889,0.9882352941176471,,,0,0,0,False,False,3051,8,,,False,False
001-158504,14,medium,0.9935,1.0,1.0,1.0,1.0,1.0,0.9888888888888889,0.9647058823529412,,,0,0,0,False,False,3051,8,,,False,False
001-158504,14,heavy,0.9889,1.0,1.0,1.0,1.0,1.0,0.9888888888888889,0.9529411764705882,,,0,0,0,False,False,3051,8,,,False,False
001-158950,6,light,0.9723,1.0,1.0,1.0,1.0,1.0,1.0,0.9836065573770492,,,0,2,1,False,False,6878,3,,,False,False
001-158950,6,medium,0.9547,1.0,1.0,1.0,1.0,1.0,1.0,0.9836065573770492,,,0,2,1,False,False,6878,3,,,False,False
001-158950,6,heavy,0.9387,1.0,1.0,1.0,1.0,1.0,0.975,0.9836065573770492,,,0,2,1,False,False,6878,3,,,False,False
001-159211,6,light,0.9754,1.0,1.0,1.0,1.0,1.0,0.9772727272727273,1.0,,,0,0,0,False,False,5569,6,,,False,False
001-159211,6,medium,0.9559,1.0,1.0,1.0,1.0,1.0,0.8863636363636364,0.9833333333333333,,,0,0,0,False,False,5569,6,,,False,False
001-159211,6,heavy,0.969,1.0,1.0,1.0,1.0,1.0,0.8863636363636364,0.8833333333333333,,,0,0,0,False,False,5569,6,,,False,False
001-159375,P1-3,light,0.9789,1.0,1.0,1.0,1.0,1.0,1.0,1.0,,,0,2,1,False,False,3037,5,,,False,False
001-159375,P1-3,medium,0.9421,1.0,1.0,1.0,1.0,1.0,1.0,0.9811320754716981,,,0,2,3,False,False,3037,5,,,False,False
001-159375,P1-3,heavy,0.9411,1.0,1.0,1.0,1.0,1.0,1.0,1.0,,,0,2,5,False,False,3037,5,,,False,False
001-159732,14,light,0.9913,1.0,1.0,1.0,1.0,1.0,1.0,0.9746835443037974,,,0,5,5,False,False,4128,9,,,False,False
001-159732,14,medium,0.9905,1.0,0.9814814814814815,1.0,1.0,1.0,0.9795918367346939,0.9493670886075949,,,0,5,4,False,False,4128,9,,,False,False
001-159732,14,heavy,0.9965,1.0,1.0,1.0,1.0,1.0,0.9931972789115646,0.9620253164556962,,,0,5,5,False,False,4128,9,,,False,False
001-159880,6,light,0.9739,1.0,1.0,1.0,1.0,1.0,0.96,1.0,,,0,5,3,False,False,3606,8,,,False,False
001-159880,6,medium,0.9395,1.0,1.0,1.0,1.0,1.0,0.77,1.0,,,0,5,3,False,False,3606,8,,,False,False
001-159880,6,heavy,0.9688,1.0,1.0,1.0,1.0,1.0,0.8,0.9848484848484849,,,0,5,2,False,False,3606,8,,,False,False
001-159882,13,light,0.9439,1.0,0.9879518072289156,1.0,0.9322033898305084,1.0,0.9337349397590361,0.963302752293578,,1970,1,0,0,False,True,21745,7,1.0,,False,False
001-159882,13,medium,0.9088,1.0,0.9759036144578314,1.0,0.9491525423728814,1.0,0.9578313253012049,0.9724770642201835,,1970,1,0,0,False,True,21745,7,1.0,,False,False
001-159882,13,heavy,0.9253,1.0,1.0,1.0,0.9830508474576272,1.0,0.963855421686747,0.9724770642201835,,,0,0,0,False,True,21745,7,1.0,,False,False
001-159882,3,light,0.9527,1.0,0.9759036144578314,1.0,0.9322033898305084,1.0,0.9397590361445783,0.963302752293578,,1970,1,0,0,False,True,21745,7,1.0,,False,False
001-159882,3,medium,0.9065,1.0,0.9759036144578314,1.0,0.9491525423728814,1.0,0.9759036144578314,0.9724770642201835,,1970,1,0,0,False,True,21745,7,1.0,,False,False
001-159882,3,heavy,0.9182,1.0,0.9879518072289156,1.0,0.9830508474576272,1.0,0.9698795180722891,0.9724770642201835,,1970,1,0,0,False,True,21745,7,1.0,,False,False
001-159906,8,light,0.9754,1.0,1.0,1.0,1.0,1.0,1.0,0.9682539682539683,,,0,5,4,False,False,2875,7,,,False,False
001-159906,8,medium,0.9671,1.0,1.0,1.0,1.0,1.0,0.9803921568627451,0.9682539682539683,,,0,5,2,False,False,2875,7,,,False,False
001-159906,8,heavy,0.9619,1.0,1.0,1.0,1.0,1.0,1.0,0.9365079365079365,,,0,5,5,False,False,2875,7,,,False,False
001-159915,6,light,1.0125,1.0,1.0,1.0,1.0,1.0,0.8,1.0,,,0,0,0,False,False,2153,1,,515,False,False
001-159915,6,medium,1.0009,1.0,1.0,1.0,1.0,1.0,1.0,1.0,,,0,0,0,False,False,2153,1,,501,False,False
001-159915,6,heavy,0.993,1.0,1.0,1.0,1.0,1.0,1.0,0.9428571428571428,,,0,0,0,False,False,2153,1,,497,False,False
001-160223,2,light,0.9946,1.0,1.0,1.0,1.0,1.0,1.0,0.978494623655914,,,0,0,0,False,False,7657,9,,,False,False
001-160223,2,medium,0.9985,1.0,1.0,1.0,0.9811320754716981,1.0,0.9858156028368794,0.978494623655914,,,0,0,0,False,False,7657,9,,,False,False
001-160223,2,heavy,1.0162,1.0,1.0,1.0,1.0,1.0,1.0,0.967741935483871,,,0,0,0,False,False,7657,9,,,False,False
001-160270,10,light,0.9813,1.0,1.0,1.0,1.0,1.0,0.9861111111111112,0.9382716049382716,,,0,1,1,False,False,9296,6,,,False,False
001-160270,10,medium,0.9403,1.0,1.0,1.0,1.0,1.0,0.9722222222222222,0.9506172839506173,,,0,1,1,False,False,9296,6,,,False,False
001-160270,10,heavy,0.9536,1.0,1.0,1.0,1.0,1.0,0.9722222222222222,0.9506172839506173,,,0,1,1,False,False,9296,6,,,False,False
001-160619,13,light,0.99,1.0,1.0,1.0,1.0,1.0,1.0,0.974025974025974,,,0,17,17,False,False,8105,8,,,False,False
001-160619,13,medium,0.9761,1.0,1.0,1.0,1.0,1.0,0.9814814814814815,0.948051948051948,,,0,17,12,False,False,8105,8,,,False,False
001-160619,13,heavy,0.9814,1.0,1.0,1.0,1.0,1.0,1.0,1.0,,,0,17,12,False,False,8105,8,,,False,False
001-160619,6,light,0.9924,1.0,1.0,1.0,1.0,1.0,1.0,0.987012987012987,,,0,17,16,False,False,8105,8,,,False,False
001-160619,6,medium,0.9681,1.0,1.0,1.0,1.0,1.0,0.9876543209876543,0.974025974025974,,,0,17,12,False,False,8105,8,,,False,False
001-160619,6,heavy,0.9762,1.0,1.0,1.0,1.0,1.0,0.9938271604938271,0.961038961038961,,,0,17,14,False,False,8105,8,,,False,False
001-160800,4,light,0.9919,1.0,1.0,1.0,1.0,1.0,1.0,0.991304347826087,,,0,3,3,False,False,4372,9,,,False,False
001-160800,4,medium,0.9759,1.0,1.0,1.0,1.0,1.0,0.992,0.9826086956521739,,,0,3,2,False,False,4372,9,,,False,False
001-160800,4,heavy,0.9902,1.0,1.0,1.0,1.0,1.0,1.0,0.9826086956521739,,,0,3,1,False,False,4372,9,,,False,False
001-161369,6,light,0.9473,1.0,1.0,1.0,1.0,1.0,1.0,1.0,,,0,0,0,False,False,6114,3,,,False,False
001-161369,6,medium,0.9467,1.0,1.0,1.0,1.0,1.0,1.0,1.0,,,0,0,0,False,False,6114,3,,,False,False
001-161369,6,heavy,0.9247,1.0,1.0,1.0,1.0,1.0,1.0,1.0,,,0,0,0,False,False,6114,3,,,False,False
001-161381,6,light,0.9896,1.0,1.0,1.0,1.0,1.0,1.0,0.9629629629629629,,,0,0,0,False,False,2904,2,,,False,False
001-161381,6,medium,0.9856,1.0,0.8125,0.8125,1.0,1.0,1.0,0.9629629629629629,2001-04-16 2011-05-20 2011-05-25,,0,0,0,False,False,2904,2,,,False,False
001-161381,6,heavy,0.9965,1.0,1.0,1.0,1.0,1.0,1.0,0.9629629629629629,,,0,0,0,False,False,2904,2,,,False,False
001-161527,14,light,0.9914,1.0,1.0,1.0,1.0,1.0,0.9629629629629629,1.0,,,0,0,0,False,False,2778,5,,,False,False
001-161527,14,medium,0.9771,1.0,1.0,1.0,1.0,1.0,0.8703703703703703,1.0,,,0,0,0,False,False,2778,5,,,False,False
001-161527,14,heavy,0.985,1.0,1.0,1.0,1.0,1.0,0.9074074074074074,0.9850746268656716,,,0,0,0,False,False,2778,5,,,False,False
001-161738,6,light,0.9941,1.0,1.0,1.0,1.0,1.0,0.9761904761904762,1.0,,,0,0,0,False,False,4370,7,,,False,False
001-161738,6,medium,0.9696,1.0,1.0,1.0,1.0,1.0,0.9761904761904762,0.9852941176470589,,,0,0,0,False,False,4370,7,,,False,False
001-161738,6,heavy,0.989,1.0,1.0,1.0,1.0,1.0,1.0,0.9852941176470589,,,0,0,0,False,False,4370,7,,,False,False
001-161809,6,light,0.9951,1.0,1.0,1.0,1.0,1.0,1.0,1.0,,,0,0,0,False,False,2652,1,,802,False,False
001-161809,6,medium,0.9951,1.0,1.0,1.0,1.0,1.0,1.0,1.0,,,0,0,0,False,False,2652,1,,795,False,False
001-161809,6,heavy,1.0053,1.0,1.0,1.0,1.0,1.0,1.0,1.0,,,0,0,0,False,False,2652,1,,797,False,False
001-161809,P1-1,light,0.994,1.0,1.0,1.0,1.0,1.0,1.0,1.0,,,0,0,0,False,False,2652,1,,803,False,False
001-161809,P1-1,medium,0.9928,1.0,1.0,1.0,1.0,1.0,1.0,0.95,,,0,0,0,False,False,2652,1,,797,False,False
001-161809,P1-1,heavy,1.0113,1.0,1.0,1.0,1.0,1.0,1.0,0.95,,,0,0,0,False,False,2652,1,,803,False,False
001-161975,2,light,0.9811,1.0,1.0,1.0,1.0,1.0,1.0,0.9935483870967742,,,0,2,2,False,True,5214,20,,,False,False
001-161975,2,medium,0.9918,1.0,1.0,1.0,0.9705882352941176,0.9661016949152542,0.9621212121212122,0.9870967741935484,0500 1006,,0,2,2,False,True,5214,20,,,False,False
001-161975,2,heavy,0.9945,1.0,1.0,1.0,1.0,1.0,0.9696969696969697,0.9612903225806452,,,0,2,3,False,True,5214,20,,,False,False
001-162114,13,light,0.9909,1.0,1.0,1.0,1.0,1.0,1.0,1.0,,,0,4,4,False,False,5061,10,,,False,False
001-162114,13,medium,0.9948,1.0,1.0,1.0,0.9807692307692307,0.9705882352941176,0.9921259842519685,0.9866666666666667,2001,,0,4,1,False,False,5061,10,,,False,False
001-162114,13,heavy,1.0005,1.0,1.0,1.0,1.0,1.0,1.0,0.9866666666666667,,,0,4,2,False,False,5061,10,,,False,False
001-162179,13,light,1.0095,1.0,1.0,1.0,1.0,1.0,1.0,0.975609756097561,,,0,0,0,False,False,2844,1,,818,False,False
001-162179,13,medium,1.0172,1.0,1.0,1.0,1.0,1.0,1.0,0.8292682926829268,,,0,0,0,False,False,2844,1,,756,False,False
001-162179,13,heavy,1.0225,1.0,1.0,1.0,1.0,1.0,1.0,0.8780487804878049,,,0,0,0,False,False,2844,1,,772,False,False
001-162214,3,light,0.9766,1.0,1.0,1.0,1.0,1.0,1.0,1.0,,,0,0,0,False,False,3419,9,,,False,False
001-162214,3,medium,0.9493,1.0,1.0,1.0,1.0,1.0,0.9861111111111112,1.0,,,0,0,1,False,False,3419,9,,,False,False
001-162214,3,heavy,0.9601,1.0,1.0,1.0,1.0,1.0,1.0,1.0,,,0,0,0,False,False,3419,9,,,False,False
001-162217,P1-1,light,0.991,1.0,1.0,1.0,1.0,1.0,1.0,0.9811320754716981,,,0,0,0,False,False,3942,4,,,False,False
001-162217,P1-1,medium,0.988,1.0,1.0,1.0,1.0,1.0,1.0,0.9811320754716981,,,0,0,0,False,False,3942,4,,,False,False
001-162217,P1-1,heavy,0.9904,1.0,1.0,1.0,1.0,1.0,1.0,0.9622641509433962,,,0,0,0,False,False,3942,4,,,False,False
001-162424,3,light,0.9927,1.0,1.0,1.0,1.0,1.0,0.9887640449438202,0.9829059829059829,,,0,0,0,False,False,2965,9,,,False,False
001-162424,3,medium,0.9848,1.0,1.0,1.0,1.0,1.0,0.9550561797752809,0.9658119658119658,,,0,0,0,False,False,2965,9,,,False,False
001-162424,3,heavy,0.9947,1.0,1.0,1.0,1.0,1.0,0.9662921348314607,0.9829059829059829,,2012-06-15,1,0,0,False,False,2965,9,,,False,False
001-162864,8,light,0.9786,1.0,1.0,1.0,1.0,1.0,0.9743589743589743,0.9693877551020408,,,0,3,3,False,False,4992,5,,,False,False
001-162864,8,medium,0.9904,1.0,1.0,1.0,1.0,1.0,0.9487179487179487,0.9693877551020408,,,0,3,1,False,False,4992,5,,,False,False
001-162864,8,heavy,0.9865,1.0,1.0,1.0,1.0,1.0,0.9487179487179487,0.9693877551020408,,,0,3,1,False,False,4992,5,,,False,False
001-163054,2,light,1.0026,1.0,1.0,1.0,1.0,1.0,0.47058823529411764,1.0,,,0,0,0,False,False,3436,1,,754,False,False
001-163054,2,medium,1.0236,1.0,1.0,1.0,1.0,1.0,0.5294117647058824,1.0,,,0,0,0,False,False,3436,1,,752,False,False
001-163054,2,heavy,1.0358,1.0,1.0,1.0,1.0,1.0,0.5294117647058824,1.0,,,0,0,0,False,False,3436,1,,759,False,False
001-163331,P1-1,light,1.0076,1.0,1.0,1.0,1.0,1.0,1.0,1.0,,,0,0,0,False,False,2679,2,,,False,False
001-163331,P1-1,medium,1.0186,1.0,1.0,1.0,1.0,1.0,1.0,0.9375,,,0,0,0,False,False,2679,2,,,False,False
001-163331,P1-1,heavy,0.9959,1.0,1.0,1.0,1.0,1.0,1.0,1.0,,,0,0,0,False,False,2679,2,,,False,False
001-163356,P1-1,light,0.9676,1.0,0.9473684210526315,1.0,1.0,1.0,0.9324324324324325,1.0,,,0,4,1,False,False,5559,6,,,False,False
001-163356,P1-1,medium,0.9467,1.0,0.9473684210526315,1.0,1.0,1.0,0.918918918918919,0.9891304347826086,,,0,4,1,False,False,5559,6,,,False,False
001-163356,P1-1,heavy,0.9596,1.0,0.9473684210526315,1.0,1.0,1.0,0.918918918918919,0.9891304347826086,,,0,4,1,False,False,5559,6,,,False,False
001-163358,5,light,0.9928,1.0,1.0,1.0,1.0,1.0,1.0,1.0,,,0,2,2,False,False,4492,11,,,False,False
001-163358,5,medium,0.9719,1.0,1.0,1.0,1.0,1.0,1.0,0.987012987012987,,,0,2,2,False,False,4492,11,,,False,False
001-163358,5,heavy,0.9804,1.0,1.0,1.0,1.0,1.0,1.0,1.0,,,0,2,2,False,False,4492,11,,,False,False
001-163438,6,light,0.9828,1.0,1.0,1.0,1.0,1.0,1.0,1.0,,,0,6,6,False,False,5094,5,,,False,False
001-163438,6,medium,0.9711,1.0,1.0,1.0,1.0,1.0,1.0,1.0,,,0,6,3,False,False,5094,5,,,False,False
001-163438,6,heavy,0.9799,1.0,1.0,1.0,1.0,1.0,1.0,1.0,,,0,6,3,False,False,5094,5,,,False,False
001-163451,3,light,0.9769,1.0,1.0,1.0,1.0,1.0,1.0,0.9710144927536232,,,0,3,2,False,False,7499,11,,,False,False
001-163451,3,medium,0.9637,1.0,0.9607843137254902,0.9772727272727273,0.9824561403508771,1.0,0.9830508474576272,0.9565217391304348,2003-04-13,,0,3,2,False,False,7499,11,,,False,False
001-163451,3,heavy,0.973,1.0,1.0,1.0,0.9824561403508771,1.0,0.9915254237288136,0.9637681159420289,,,0,3,3,False,False,7499,11,,,False,False
001-163662,3,light,0.9928,1.0,1.0,1.0,1.0,1.0,0.984375,1.0,,,0,2,2,False,False,5034,5,,,False,False
001-163662,3,medium,0.9932,1.0,1.0,1.0,1.0,1.0,0.984375,1.0,,,0,2,2,False,False,5034,5,,,False,False
001-163662,3,heavy,0.9865,1.0,1.0,1.0,1.0,1.0,0.984375,1.0,,,0,2,2,False,False,5034,5,,,False,False
001-163799,6,light,0.9709,1.0,1.0,1.0,1.0,1.0,0.9866666666666667,1.0,,,0,9,6,False,False,12080,7,1.0,,False,False
001-163799,6,medium,0.9428,1.0,1.0,1.0,0.9787234042553191,1.0,0.9666666666666667,0.972972972972973,,,0,9,4,False,False,12080,7,1.0,,False,False
001-163799,6,heavy,0.9496,1.0,1.0,1.0,0.9787234042553191,1.0,0.98,0.9054054054054054,,,0,9,5,False,False,12080,7,1.0,,False,False
001-163822,10,light,0.9825,1.0,1.0,1.0,1.0,1.0,1.0,1.0,,,0,4,4,False,False,2911,5,,,False,False
001-163822,10,medium,0.9665,1.0,1.0,1.0,1.0,1.0,1.0,0.9746835443037974,,,0,4,2,False,False,2911,5,,,False,False
001-163822,10,heavy,0.9856,1.0,1.0,1.0,1.0,1.0,1.0,0.9746835443037974,,,0,4,1,False,False,2911,5,,,False,False
001-163909,3,light,0.9913,1.0,1.0,1.0,1.0,1.0,0.6587301587301587,0.96875,,,0,1,1,False,False,18752,1,1.0,4066,False,False
001-163909,3,medium,0.9994,1.0,0.9814814814814815,1.0,1.0,1.0,0.6428571428571429,0.875,,,0,1,1,False,False,18752,1,1.0,4024,False,False
001-163909,3,heavy,0.9841,1.0,1.0,1.0,1.0,1.0,0.6587301587301587,0.953125,,,0,1,1,False,False,18752,1,1.0,3965,False,False
001-163911,34,light,0.9904,1.0,1.0,1.0,1.0,1.0,0.6231884057971014,0.9880952380952381,,,0,0,0,False,False,25012,1,1.0,5351,False,False
001-163911,34,medium,0.9948,1.0,1.0,1.0,1.0,1.0,0.6304347826086957,0.9880952380952381,,,0,0,0,False,False,25012,1,1.0,5287,False,False
001-163911,34,heavy,0.988,1.0,1.0,1.0,1.0,1.0,0.6231884057971014,0.9761904761904762,,,0,0,0,False,False,25012,1,1.0,5277,False,False
001-164434,5,light,0.9786,1.0,1.0,1.0,1.0,1.0,1.0,1.0,,,0,2,2,False,False,2851,4,,,False,False
001-164434,5,medium,0.9683,1.0,1.0,1.0,1.0,1.0,0.9714285714285714,1.0,,2012-03-13,1,2,2,False,False,2851,4,,,False,False
001-164434,5,heavy,0.9623,1.0,1.0,1.0,1.0,1.0,0.9714285714285714,1.0,,2012-03-13,1,2,2,False,False,2851,4,,,False,False
001-164454,P1-1,light,0.9865,1.0,1.0,1.0,1.0,1.0,1.0,1.0,,,0,4,4,False,False,2642,3,,,False,False
001-164454,P1-1,medium,0.9629,1.0,1.0,1.0,1.0,1.0,1.0,0.9787234042553191,,,0,4,4,False,False,2642,3,,,False,False
001-164454,P1-1,heavy,0.9792,1.0,1.0,1.0,1.0,1.0,1.0,0.9787234042553191,,,0,4,4,False,False,2642,3,,,False,False
001-164470,6,light,0.9791,1.0,1.0,1.0,1.0,1.0,0.9795918367346939,0.9880952380952381,,,0,1,1,False,False,2980,8,,,False,False
001-164470,6,medium,0.9651,1.0,1.0,1.0,1.0,1.0,0.9591836734693877,0.9404761904761905,,,0,1,1,False,False,2980,8,,,False,False
001-164470,6,heavy,0.952,1.0,1.0,1.0,1.0,1.0,0.9795918367346939,0.9523809523809523,,,0,1,2,False,False,2980,8,,,False,False
001-164515,6,light,0.9843,1.0,1.0,1.0,1.0,1.0,1.0,0.9902439024390244,,,0,12,12,False,True,3980,23,,,False,False
001-164515,6,medium,0.9764,1.0,0.9878048780487805,1.0,0.9939759036144579,1.0,0.9972677595628415,0.975609756097561,,,0,12,6,False,True,3980,23,,,False,False
001-164515,6,heavy,0.9927,1.0,1.0,1.0,1.0,1.0,1.0,0.975609756097561,,,0,12,6,False,True,3980,23,,,False,False
001-164682,5,light,0.9929,1.0,1.0,1.0,1.0,1.0,1.0,1.0,,,0,0,0,False,False,4557,8,,,False,False
001-164682,5,medium,0.9753,1.0,1.0,1.0,1.0,1.0,0.9651162790697675,0.9807692307692307,,,0,0,0,False,False,4557,8,,,False,False
001-164682,5,heavy,0.9817,1.0,1.0,1.0,1.0,1.0,0.9651162790697675,0.8653846153846154,,,0,0,1,False,False,4557,8,,,False,False
001-164917,8,light,0.9889,1.0,1.0,1.0,1.0,1.0,0.9928057553956835,1.0,,,0,0,0,False,False,5645,13,,,False,False
001-164917,8,medium,0.9746,1.0,1.0,1.0,1.0,1.0,0.9856115107913669,1.0,,,0,0,0,False,False,5645,13,,,False,False
001-164917,8,heavy,0.973,1.0,1.0,1.0,1.0,1.0,0.9856115107913669,1.0,,,0,0,0,False,False,5645,13,,,False,False
001-164920,P1-1,light,1.0034,1.0,1.0,1.0,1.0,1.0,1.0,1.0,,,0,0,0,False,False,2499,2,,,False,False
001-164920,P1-1,medium,0.9992,1.0,1.0,1.0,1.0,1.0,1.0,1.0,,,0,0,0,False,False,2499,2,,,False,False
001-164920,P1-1,heavy,0.9719,1.0,1.0,1.0,1.0,1.0,1.0,0.9591836734693877,,,0,0,0,False,False,2499,2,,,False,False
001-165230,3,light,0.9788,1.0,1.0,1.0,1.0,1.0,0.9864864864864865,0.9733333333333334,,,0,2,2,False,False,4537,8,,,False,False
001-165230,3,medium,0.977,1.0,0.9230769230769231,1.0,1.0,1.0,0.9864864864864865,0.96,,,0,2,4,False,False,4537,8,,,False,False
001-165230,3,heavy,0.9809,1.0,1.0,1.0,1.0,1.0,0.9864864864864865,0.96,,,0,2,4,False,False,4537,8,,,False,False
001-165250,7,light,1.0021,1.0,1.0,1.0,0.9705882352941176,0.9473684210526315,0.7037037037037037,0.9642857142857143,1483.26,,0,1,0,False,False,18102,1,1.0,3737,False,False
001-165250,7,medium,0.9697,1.0,1.0,1.0,0.9705882352941176,0.9473684210526315,0.6666666666666666,0.8690476190476191,1483.26,,0,1,0,False,False,18102,1,1.0,3550,False,False
001-165250,7,heavy,0.9836,1.0,1.0,1.0,0.9705882352941176,0.9473684210526315,0.7129629629629629,0.8809523809523809,1483.26,,0,1,0,False,False,18102,1,1.0,3581,False,False
001-165750,2,light,0.9871,1.0,1.0,1.0,1.0,1.0,0.5769230769230769,0.9489795918367347,,,0,0,0,False,False,12069,1,1.0,2501,False,False
001-165750,2,medium,1.0404,1.0,1.0,1.0,1.0,1.0,0.6153846153846154,0.9489795918367347,,,0,0,0,False,False,12069,1,1.0,2612,False,False
001-165750,2,heavy,1.007,1.0,1.0,1.0,1.0,1.0,0.5961538461538461,0.9285714285714286,,,0,0,0,False,False,12069,1,1.0,2554,False,False
001-165755,2,light,0.986,1.0,1.0,1.0,1.0,1.0,0.5789473684210527,0.9550561797752809,,,0,0,0,False,False,8789,1,,1830,False,False
001-165755,2,medium,0.9776,1.0,1.0,1.0,1.0,1.0,0.5789473684210527,0.9438202247191011,,,0,0,0,False,False,8789,1,,1804,False,False
001-165755,2,heavy,0.9954,1.0,1.0,1.0,1.0,1.0,0.5789473684210527,0.9662921348314607,,,0,0,0,False,False,8789,1,,1835,False,False
001-165758,3,light,0.9769,1.0,1.0,1.0,1.0,1.0,0.9901960784313726,1.0,,,0,4,4,False,False,4668,10,,,False,False
001-165758,3,medium,0.9562,1.0,1.0,1.0,0.9705882352941176,1.0,0.9607843137254902,0.9699248120300752,,,0,4,3,False,False,4668,10,,,False,False
001-165758,3,heavy,0.9778,1.0,1.0,1.0,0.9705882352941176,1.0,0.9607843137254902,0.9774436090225563,,,0,4,3,False,False,4668,10,,,False,False
001-165951,3,light,0.9799,1.0,1.0,1.0,1.0,1.0,0.990990990990991,1.0,,,0,9,7,False,True,33937,6,1.0,,False,False
001-165951,3,medium,0.9595,1.0,0.9848484848484849,1.0,1.0,1.0,0.972972972972973,1.0,,,0,9,7,False,True,33937,6,1.0,,False,False
001-165951,3,heavy,0.9608,1.0,1.0,1.0,1.0,1.0,1.0,1.0,,,0,9,3,False,True,33937,6,1.0,,False,False
001-166689,6,light,0.9813,1.0,0.9629629629629629,1.0,1.0,1.0,1.0,1.0,,,0,2,2,False,False,4147,5,,,False,False
001-166689,6,medium,0.9546,1.0,0.9629629629629629,1.0,1.0,1.0,1.0,1.0,,,0,2,2,False,False,4147,5,,,False,False
001-166689,6,heavy,0.953,1.0,0.9629629629629629,1.0,1.0,1.0,0.975,0.9032258064516129,,,0,2,2,False,False,4147,5,,,False,False
001-166950,8,light,0.9723,1.0,1.0,1.0,1.0,1.0,1.0,1.0,,,0,1,0,False,False,10580,4,,,False,False
001-166950,8,medium,0.955,1.0,1.0,1.0,0.9166666666666666,0.9,0.9333333333333333,1.0,2001,,0,1,0,False,False,10580,4,,,False,False
001-166950,8,heavy,0.9582,1.0,1.0,1.0,1.0,1.0,0.9666666666666667,1.0,,,0,1,0,False,False,10580,4,,,False,False
001-166954,2,light,0.982,1.0,1.0,1.0,1.0,1.0,0.43333333333333335,1.0,,,0,0,0,False,False,5941,1,,1330,False,False
001-166954,2,medium,1.0066,1.0,1.0,1.0,1.0,1.0,0.4666666666666667,0.925,,,0,0,0,False,False,5941,1,,1345,False,False
001-166954,2,heavy,0.9875,1.0,1.0,1.0,1.0,1.0,0.43333333333333335,0.95,,,0,0,0,False,False,5941,1,,1322,False,False
001-167110,34,light,0.9889,1.0,1.0,1.0,1.0,1.0,1.0,1.0,,,0,0,1,False,False,5521,4,,,False,False
001-167110,34,medium,1.0091,1.0,1.0,1.0,1.0,1.0,1.0,0.9,,,0,0,1,False,False,5521,4,,,False,False
001-167110,34,heavy,1.017,1.0,1.0,1.0,1.0,1.0,1.0,0.9857142857142858,,,0,0,2,False,False,5521,4,,,False,False
001-167490,6,light,0.9843,1.0,1.0,1.0,1.0,1.0,1.0,0.9863013698630136,,,0,4,3,False,False,12415,7,1.0,,False,False
001-167490,6,medium,0.9618,1.0,1.0,1.0,1.0,1.0,1.0,0.9315068493150684,,,0,4,4,False,False,12415,7,1.0,,False,False
001-167490,6,heavy,0.9683,1.0,1.0,1.0,1.0,1.0,1.0,0.9315068493150684,,,0,4,4,False,False,12415,7,1.0,,False,False
001-167797,8,light,0.9727,1.0,1.0,1.0,1.0,1.0,1.0,1.0,,,0,1,1,False,False,2351,2,,,False,False
001-167797,8,medium,0.9786,1.0,1.0,1.0,1.0,1.0,1.0,1.0,,2005-11-12,1,1,1,False,False,2351,2,,,False,False
001-167797,8,heavy,0.9812,1.0,1.0,1.0,1.0,1.0,1.0,1.0,,2005-11-12,1,1,1,False,False,2351,2,,,False,False
001-167806,13,light,0.9795,1.0,1.0,1.0,1.0,1.0,1.0,0.9857142857142858,,,0,1,1,False,False,3918,3,,,False,False
001-167806,13,medium,0.9537,1.0,0.9545454545454546,0.9545454545454546,0.9411764705882353,0.9285714285714286,0.9714285714285714,0.9857142857142858,2012 2002-01-15,,0,1,1,False,False,3918,3,,,False,False
001-167806,13,heavy,0.9913,1.0,1.0,1.0,1.0,1.0,1.0,0.9857142857142858,,,0,1,1,False,False,3918,3,,,False,False
001-168377,8,light,0.9878,1.0,1.0,1.0,1.0,1.0,1.0,1.0,,,0,1,1,False,False,5088,5,,,False,False
001-168377,8,medium,0.9627,1.0,1.0,1.0,0.96875,1.0,0.9659090909090909,1.0,,,0,1,1,False,False,5088,5,,,False,False
001-168377,8,heavy,0.9773,1.0,1.0,1.0,1.0,1.0,0.9772727272727273,1.0,,,0,1,1,False,False,5088,5,,,False,False
001-168380,6,light,0.9885,1.0,1.0,1.0,1.0,1.0,1.0,0.9696969696969697,,,0,0,0,False,False,1743,1,,419,False,False
001-168380,6,medium,0.9828,1.0,1.0,1.0,1.0,1.0,1.0,0.9696969696969697,,,0,0,0,False,False,1743,1,,412,False,False
001-168380,6,heavy,0.9897,1.0,1.0,1.0,1.0,1.0,1.0,1.0,,,0,0,0,False,False,1743,1,,415,False,False
001-168382,6,light,0.995,1.0,1.0,1.0,1.0,1.0,1.0,0.9666666666666667,,,0,9,10,False,True,8123,18,,,False,False
001-168382,6,medium,0.9755,1.0,1.0,1.0,1.0,1.0,0.9886363636363636,0.9111111111111111,,,0,9,5,False,True,8123,18,,,False,False
001-168382,6,heavy,0.9757,1.0,1.0,1.0,1.0,1.0,0.9772727272727273,0.8888888888888888,,,0,9,7,False,True,8123,18,,,False,False
001-168816,5,light,0.981,1.0,1.0,1.0,1.0,1.0,1.0,1.0,,,0,1,2,False,False,3824,4,,,False,False
001-168816,5,medium,0.9747,1.0,0.9642857142857143,0.9642857142857143,1.0,1.0,0.9655172413793104,1.0,2009-08-28,,0,1,3,False,False,3824,4,,,False,False
001-168816,5,heavy,0.9732,1.0,1.0,1.0,1.0,1.0,0.9827586206896551,1.0,,,0,1,3,False,False,3824,4,,,False,False
001-168853,3,light,0.988,1.0,1.0,1.0,1.0,1.0,1.0,0.9444444444444444,,,0,0,0,False,False,2666,2,,,False,False
001-168853,3,medium,1.1219,1.0,1.0,1.0,1.0,1.0,0.9318181818181818,0.8055555555555556,,,0,0,0,False,False,2666,2,,,False,False
001-168853,3,heavy,1.114,1.0,1.0,1.0,1.0,1.0,1.0,0.8888888888888888,,,0,0,0,False,False,2666,2,,,False,False
001-168860,6,light,0.9786,1.0,1.0,1.0,1.0,1.0,1.0,1.0,,,0,1,1,False,False,4812,5,,,False,False
001-168860,6,medium,0.9725,1.0,0.967741935483871,1.0,1.0,1.0,1.0,0.9803921568627451,,,0,1,1,False,False,4812,5,,,False,False
001-168860,6,heavy,1.0043,1.0,1.0,1.0,1.0,1.0,1.0,0.8627450980392157,,,0,1,1,False,False,4812,5,,,False,False
001-168864,2,light,0.9925,1.0,1.0,1.0,1.0,1.0,0.2,1.0,,2011-04-02,1,0,0,False,False,7900,1,,1626,False,False
001-168864,2,medium,0.9718,1.0,1.0,1.0,1.0,1.0,0.2,0.9534883720930233,,2011-04-02,1,0,0,False,False,7900,1,,1572,False,False
001-168864,2,heavy,0.9619,1.0,1.0,1.0,1.0,1.0,0.2,0.9534883720930233,,2011-04-02,1,0,0,False,False,7900,1,,1570,False,False
001-169210,34,light,0.9828,1.0,1.0,1.0,0.9393939393939394,0.8947368421052632,0.6825396825396826,0.9305555555555556,13.11 34.4,,0,0,0,False,False,26773,1,1.0,5360,False,False
001-169210,34,medium,0.9816,1.0,1.0,1.0,0.9393939393939394,0.8947368421052632,0.6613756613756614,0.9305555555555556,13.11 34.4,2006,1,0,0,False,False,26773,1,1.0,5270,False,False
001-169210,34,heavy,0.9909,1.0,1.0,1.0,0.9393939393939394,0.8947368421052632,0.6772486772486772,0.8888888888888888,13.11 34.4,,0,0,0,False,False,26773,1,1.0,5309,False,False
001-169520,6,light,0.9933,1.0,1.0,1.0,1.0,1.0,1.0,1.0,,,0,2,2,False,False,2879,4,,,False,False
001-169520,6,medium,0.9885,1.0,1.0,1.0,0.8571428571428571,1.0,0.9333333333333333,1.0,,,0,2,0,False,False,2879,4,,,False,False
001-169520,6,heavy,1.007,1.0,1.0,1.0,1.0,1.0,1.0,1.0,,,0,2,0,False,False,2879,4,,,False,False
001-169521,5,light,0.9792,1.0,1.0,1.0,1.0,1.0,1.0,1.0,,,0,0,0,False,False,2992,3,,,False,False
001-169521,5,medium,1.006,1.0,1.0,1.0,1.0,1.0,1.0,1.0,,,0,0,0,False,False,2992,3,,,False,False
001-169521,5,heavy,0.9826,1.0,1.0,1.0,1.0,1.0,1.0,1.0,,,0,0,0,False,False,2992,3,,,False,False
001-169654,13,light,0.99,1.0,1.0,1.0,1.0,1.0,1.0,0.9897959183673469,,,0,4,3,False,False,5147,17,,,False,False
001-169654,13,medium,0.9802,1.0,1.0,1.0,1.0,1.0,0.9845360824742269,0.9795918367346939,,,0,4,3,False,False,5147,17,,,False,False
001-169654,13,heavy,0.99,1.0,1.0,1.0,1.0,1.0,0.9896907216494846,0.9897959183673469,,,0,4,2,False,False,5147,17,,,False,False
001-169662,3,light,0.9813,1.0,0.9915254237288136,1.0,1.0,1.0,0.9958847736625515,1.0,,,0,10,11,False,True,4780,21,,,False,False
001-169662,3,medium,0.9641,1.0,0.9915254237288136,1.0,1.0,1.0,0.9917695473251029,0.987012987012987,,,0,10,6,False,True,4780,21,,,False,False
001-169662,3,heavy,0.9726,1.0,0.9915254237288136,1.0,1.0,1.0,0.9917695473251029,0.987012987012987,,,0,10,6,False,True,4780,21,,,False,False
001-169957,6,light,0.9846,1.0,1.0,1.0,1.0,1.0,1.0,0.9855072463768116,,,0,8,7,False,False,8433,18,,,False,False
001-169957,6,medium,0.9818,1.0,1.0,1.0,0.9696969696969697,1.0,0.9757085020242915,0.9710144927536232,,6.15 9.15,2,8,7,False,False,8433,18,,,False,False
001-169957,6,heavy,0.9897,1.0,1.0,1.0,0.9696969696969697,1.0,0.9919028340080972,0.9855072463768116,,2008-02-22,1,8,7,False,False,8433,18,,,False,False
001-169957,8,light,0.9871,1.0,1.0,1.0,1.0,1.0,1.0,0.9855072463768116,,,0,8,8,False,False,8433,18,,,False,False
001-169957,8,medium,0.9823,1.0,1.0,1.0,0.9696969696969697,1.0,0.9595141700404858,0.9710144927536232,,6.15 9.15,2,8,8,False,False,8433,18,,,False,False
001-169957,8,heavy,0.9883,1.0,1.0,1.0,0.9696969696969697,1.0,0.9919028340080972,0.9855072463768116,,2008-02-22,1,8,8,False,False,8433,18,,,False,False
001-170040,P1-1,light,0.9717,1.0,1.0,1.0,,,1.0,1.0,,,0,0,0,False,False,2650,2,,,False,False
001-170040,P1-1,medium,0.9595,1.0,1.0,1.0,,,1.0,1.0,,,0,0,0,False,False,2650,2,,,False,False
001-170040,P1-1,heavy,0.9804,1.0,1.0,1.0,,,1.0,0.9565217391304348,,,0,0,0,False,False,2650,2,,,False,False
001-170050,8,light,0.9882,1.0,1.0,1.0,1.0,1.0,0.9863013698630136,0.9848484848484849,,,0,2,2,False,False,4023,5,,,False,False
001-170050,8,medium,1.0067,1.0,1.0,1.0,1.0,1.0,1.0,0.9696969696969697,,,0,2,1,False,False,4023,5,,,False,False
001-170050,8,heavy,1.009,1.0,1.0,1.0,1.0,1.0,0.9863013698630136,0.9696969696969697,,,0,2,1,False,False,4023,5,,,False,False
001-170349,9,light,0.9838,1.0,1.0,1.0,1.0,1.0,1.0,1.0,,,0,7,9,False,False,7205,9,,,False,False
001-170349,9,medium,0.9642,1.0,1.0,1.0,1.0,1.0,0.96,0.990909090909091,,,0,7,8,False,False,7205,9,,,False,False
001-170349,9,heavy,0.9812,1.0,1.0,1.0,1.0,1.0,0.976,0.9818181818181818,,,0,7,8,False,False,7205,9,,,False,False
001-170361,P1-1,light,0.9855,1.0,1.0,1.0,1.0,1.0,0.9333333333333333,1.0,,,0,2,2,False,False,3196,6,,,False,False
001-170361,P1-1,medium,0.9794,1.0,1.0,1.0,1.0,1.0,0.9666666666666667,1.0,,,0,2,1,False,False,3196,6,,,False,False
001-170361,P1-1,heavy,0.9884,1.0,1.0,1.0,1.0,1.0,0.9666666666666667,1.0,,,0,2,1,False,False,3196,6,,,False,False
001-170451,P1-1,light,0.9751,1.0,1.0,1.0,1.0,1.0,1.0,1.0,,,0,1,1,False,False,2594,2,,,False,False
001-170451,P1-1,medium,0.9599,1.0,1.0,1.0,1.0,1.0,0.85,1.0,,,0,1,1,False,False,2594,2,,,False,False
001-170451,P1-1,heavy,0.9807,1.0,1.0,1.0,1.0,1.0,0.85,0.9534883720930233,,,0,1,1,False,False,2594,2,,,False,False
001-170456,7,light,0.9731,1.0,1.0,1.0,1.0,1.0,0.9875,1.0,,,0,3,3,False,False,9013,6,,,False,False
001-170456,7,medium,0.9337,1.0,1.0,1.0,0.9607843137254902,1.0,0.9875,1.0,,,0,3,3,False,False,9013,6,,,False,False
001-170456,7,heavy,0.9459,1.0,1.0,1.0,0.9607843137254902,1.0,0.9875,1.0,,,0,3,3,False,False,9013,6,,,False,False
001-170467,3,light,0.984,1.0,1.0,1.0,1.0,1.0,1.0,0.9473684210526315,,,0,6,6,False,False,6311,6,,,False,False
001-170467,3,medium,0.975,1.0,0.9743589743589743,1.0,1.0,1.0,0.9850746268656716,0.9342105263157895,,,0,6,5,False,False,6311,6,,,False,False
001-170467,3,heavy,0.9833,1.0,0.9743589743589743,1.0,1.0,1.0,1.0,0.9605263157894737,,,0,6,5,False,False,6311,6,,,False,False
001-170648,34,light,0.9794,1.0,1.0,1.0,1.0,1.0,0.5675675675675675,0.9777777777777777,,,0,0,0,False,False,8780,1,,1806,False,False
001-170648,34,medium,0.9886,1.0,1.0,1.0,1.0,1.0,0.5405405405405406,0.9333333333333333,,,0,0,0,False,False,8780,1,,1795,False,False
001-170648,34,heavy,0.9815,1.0,1.0,1.0,1.0,1.0,0.5675675675675675,0.9555555555555556,,,0,0,0,False,False,8780,1,,1773,False,False
001-171486,6,light,0.9755,1.0,1.0,1.0,1.0,1.0,1.0,0.9787234042553191,,,0,5,5,False,False,3277,4,,,False,False
001-171486,6,medium,0.9854,1.0,1.0,1.0,1.0,1.0,1.0,0.9574468085106383,,,0,5,3,False,False,3277,4,,,False,False
001-171486,6,heavy,0.9896,1.0,1.0,1.0,1.0,1.0,1.0,0.9361702127659575,,,0,5,1,False,False,3277,4,,,False,False
001-171489,11,light,0.9813,1.0,1.0,1.0,1.0,1.0,1.0,1.0,,,0,5,5,False,False,3330,5,,,False,False
001-171489,11,medium,0.9532,1.0,1.0,1.0,1.0,1.0,1.0,0.9814814814814815,,,0,5,1,False,False,3330,5,,,False,False
001-171489,11,heavy,0.9955,1.0,1.0,1.0,1.0,1.0,1.0,0.9444444444444444,,,0,5,2,False,False,3330,5,,,False,False
001-171507,34,light,0.9779,1.0,1.0,1.0,1.0,1.0,1.0,1.0,,,0,2,2,False,False,11770,3,,,False,False
001-171507,34,medium,0.9634,1.0,1.0,1.0,0.9473684210526315,1.0,0.9384615384615385,1.0,,,0,2,1,False,False,11770,3,,,False,False
001-171507,34,heavy,0.9704,1.0,1.0,1.0,0.9473684210526315,1.0,0.9384615384615385,0.9866666666666667,,,0,2,1,False,False,11770,3,,,False,False
001-171994,3,light,0.9849,1.0,1.0,1.0,0.9622641509433962,0.9733333333333334,0.9226519337016574,0.8728813559322034,466000 524000,1524000 33.2 33.9 3466000 37.3,5,1,1,False,False,5686,13,,,False,False
001-171994,3,medium,0.9906,1.0,1.0,1.0,0.9716981132075472,0.9733333333333334,0.9337016574585635,0.8050847457627118,466000 524000,1524000 33.2 33.9 3466000 37.3,5,1,1,False,False,5686,13,,,False,False
001-171994,3,heavy,0.9903,1.0,1.0,1.0,0.9339622641509434,0.9733333333333334,0.8839779005524862,0.8389830508474576,466000 524000,1524000 33.2 33.9 3466000 37.3,5,1,1,False,False,5686,13,,,False,False
001-172091,13,light,0.9877,1.0,1.0,1.0,1.0,1.0,0.9950980392156863,0.9905660377358491,,,0,5,5,False,True,11009,18,,,False,False
001-172091,13,medium,0.9821,1.0,1.0,1.0,1.0,1.0,0.9901960784313726,0.9528301886792453,,,0,5,4,False,True,11009,18,,,False,False
001-172091,13,heavy,0.9851,1.0,1.0,1.0,1.0,1.0,0.9950980392156863,0.9716981132075472,,,0,5,4,False,True,11009,18,,,False,False
001-172100,8,light,0.9863,1.0,1.0,1.0,1.0,1.0,1.0,1.0,,,0,1,1,False,False,15507,6,1.0,,False,False
001-172100,8,medium,0.9558,1.0,0.9906542056074766,1.0,1.0,1.0,1.0,1.0,,,0,1,1,False,False,15507,6,1.0,,False,False
001-172100,8,heavy,0.9612,1.0,1.0,1.0,1.0,1.0,1.0,1.0,,,0,1,2,False,False,15507,6,1.0,,False,False
001-172317,6,light,0.9862,1.0,1.0,1.0,1.0,1.0,0.9811320754716981,0.9696969696969697,,,0,2,2,False,False,5581,10,,,False,False
001-172317,6,medium,0.9643,1.0,1.0,1.0,1.0,1.0,1.0,0.9696969696969697,,,0,2,4,False,False,5581,10,,,False,False
001-172317,6,heavy,0.979,1.0,1.0,1.0,1.0,1.0,1.0,0.9696969696969697,,,0,2,2,False,False,5581,10,,,False,False
001-172459,3,light,0.9937,1.0,1.0,1.0,1.0,1.0,0.995,0.9661016949152542,,,0,0,0,False,True,16916,14,1.0,,False,False
001-172459,3,medium,0.9878,1.0,0.9761904761904762,0.9857142857142858,0.9767441860465116,1.0,0.97,0.9491525423728814,2006-05-17,2006-02-17,1,0,0,False,True,16916,14,1.0,,False,False
001-172459,3,heavy,0.9924,1.0,1.0,1.0,0.9767441860465116,1.0,0.975,0.9576271186440678,,2006-02-17,1,0,0,False,True,16916,14,1.0,,False,False
001-172460,2,light,0.9751,1.0,1.0,1.0,0.96,0.9714285714285714,0.9864864864864865,0.9826589595375722,11.00,,0,0,0,False,True,19438,8,1.0,,False,False
001-172460,2,medium,0.9576,1.0,1.0,1.0,0.92,0.9428571428571428,0.9594594594594594,0.9710982658959537,11.00 8.00,2009-10-14,1,0,0,False,True,19438,8,1.0,,False,False
001-172460,2,heavy,0.9609,1.0,1.0,1.0,0.98,1.0,0.9864864864864865,0.9710982658959537,,2009-10-14,1,0,0,False,True,19438,8,1.0,,False,False
001-172463,6,light,0.9897,1.0,1.0,1.0,1.0,1.0,1.0,1.0,,,0,1,1,False,False,2913,2,,,False,False
001-172463,6,medium,0.9985,1.0,1.0,1.0,1.0,1.0,1.0,0.8918918918918919,,,0,1,1,False,False,2913,2,,,False,False
001-172463,6,heavy,0.9483,1.0,1.0,1.0,1.0,1.0,1.0,0.8918918918918919,,,0,1,1,False,False,2913,2,,,False,False
001-172656,3,light,0.9912,1.0,1.0,1.0,1.0,1.0,1.0,1.0,,,0,5,5,False,False,16362,5,1.0,,False,False
001-172656,3,medium,0.9433,1.0,0.9864864864864865,0.984375,1.0,1.0,1.0,1.0,2012-01-17,,0,5,3,False,False,16362,5,1.0,,False,False
001-172656,3,heavy,0.9646,1.0,1.0,1.0,1.0,1.0,0.9821428571428571,1.0,,,0,5,4,False,False,16362,5,1.0,,False,False
001-172665,3,light,0.9886,1.0,1.0,1.0,1.0,1.0,1.0,0.9883720930232558,,,0,3,3,False,True,7849,15,,,False,False
001-172665,3,medium,0.985,1.0,0.9873417721518988,1.0,1.0,1.0,0.9586776859504132,0.9883720930232558,,2014-10-16,1,3,0,False,True,7849,15,,,False,False
001-172665,3,heavy,0.9923,1.0,0.9873417721518988,1.0,1.0,1.0,0.9669421487603306,0.9767441860465116,,,0,3,2,False,True,7849,15,,,False,False
001-172665,5,light,0.9854,1.0,1.0,1.0,1.0,1.0,1.0,0.9883720930232558,,,0,3,3,False,True,7849,15,,,False,False
001-172665,5,medium,0.9896,1.0,0.9873417721518988,1.0,1.0,1.0,0.9586776859504132,0.9767441860465116,,2014-10-16,1,3,0,False,True,7849,15,,,False,False
001-172665,5,heavy,0.9979,1.0,0.9873417721518988,1.0,1.0,1.0,0.9669421487603306,0.9767441860465116,,,0,3,0,False,True,7849,15,,,False,False
001-172855,3,light,0.9746,1.0,1.0,1.0,1.0,1.0,1.0,1.0,,,0,0,0,False,False,2939,5,,,False,False
001-172855,3,medium,0.944,1.0,0.7777777777777778,0.7777777777777778,0.8947368421052632,0.9333333333333333,0.9615384615384616,0.96,101 2013-03-20 2013-07-03 2013-07-17 2013-11-27 2013-12-02 2014-02-06,,0,0,0,False,False,2939,5,,,False,False
001-172855,3,heavy,0.953,1.0,1.0,1.0,0.8947368421052632,0.9333333333333333,0.9743589743589743,1.0,101,,0,0,0,False,False,2939,5,,,False,False
001-173089,6,light,0.9847,1.0,1.0,1.0,1.0,1.0,0.9795918367346939,1.0,,,0,2,2,False,False,7528,3,,,False,False
001-173089,6,medium,0.9746,1.0,1.0,1.0,1.0,1.0,1.0,1.0,,,0,2,2,False,False,7528,3,,,False,False
001-173089,6,heavy,1.0019,1.0,1.0,1.0,1.0,1.0,1.0,0.8846153846153846,,,0,2,2,False,False,7528,3,,,False,False
001-173091,8,light,0.9806,1.0,1.0,1.0,1.0,1.0,0.9917355371900827,0.9833333333333333,,,0,0,0,False,False,4479,6,,,False,False
001-173091,8,medium,0.9671,1.0,1.0,1.0,1.0,1.0,0.9917355371900827,0.9833333333333333,,,0,0,0,False,False,4479,6,,,False,False
001-173091,8,heavy,0.9819,1.0,1.0,1.0,1.0,1.0,0.9917355371900827,0.9833333333333333,,,0,0,0,False,False,4479,6,,,False,False
001-173103,8,light,0.9825,1.0,1.0,1.0,1.0,1.0,1.0,1.0,,,0,3,1,False,False,6342,4,,,False,False
001-173103,8,medium,0.9782,1.0,1.0,1.0,1.0,1.0,0.9896907216494846,0.9767441860465116,,,0,3,2,False,False,6342,4,,,False,False
001-173103,8,heavy,0.9866,1.0,1.0,1.0,1.0,1.0,0.9896907216494846,0.9767441860465116,,,0,3,1,False,False,6342,4,,,False,False
001-173369,10,light,0.9906,1.0,1.0,1.0,1.0,1.0,0.9523809523809523,0.975609756097561,,,0,2,2,False,False,4329,7,,,False,False
001-173369,10,medium,1.001,1.0,1.0,1.0,1.0,1.0,0.9841269841269841,0.975609756097561,,,0,2,1,False,False,4329,7,,,False,False
001-173369,10,heavy,0.9841,1.0,1.0,1.0,1.0,1.0,0.9523809523809523,0.975609756097561,,,0,2,2,False,False,4329,7,,,False,False
001-173498,P7-4,light,0.9788,1.0,1.0,1.0,1.0,1.0,0.9947089947089947,1.0,,,0,26,25,False,False,6432,13,,,False,False
001-173498,P7-4,medium,0.949,1.0,1.0,1.0,0.9565217391304348,0.9642857142857143,0.9735449735449735,1.0,100,100000,1,26,14,False,False,6432,13,,,False,False
001-173498,P7-4,heavy,0.9472,1.0,1.0,1.0,0.9710144927536232,1.0,0.9788359788359788,0.9893617021276596,,,0,26,15,False,False,6432,13,,,False,False
001-173624,6,light,0.9769,1.0,0.9666666666666667,0.9583333333333334,1.0,1.0,1.0,1.0,2009-04-21,,0,0,0,False,False,4828,7,,,False,False
001-173624,6,medium,0.9529,1.0,0.9333333333333333,0.9166666666666666,1.0,1.0,0.9904761904761905,1.0,2009-04-21 2012-01-01,,0,0,0,False,False,4828,7,,,False,False
001-173624,6,heavy,0.9747,1.0,1.0,1.0,1.0,1.0,1.0,1.0,,,0,0,0,False,False,4828,7,,,False,False
001-173802,34,light,0.9457,1.0,1.0,1.0,1.0,1.0,1.0,1.0,,,0,0,0,False,False,3820,3,,,False,False
001-173802,34,medium,0.9608,1.0,1.0,1.0,1.0,1.0,1.0,0.9841269841269841,,,0,0,0,False,False,3820,3,,,False,False
001-173802,34,heavy,0.9768,1.0,1.0,1.0,1.0,1.0,1.0,0.9841269841269841,,,0,0,0,False,False,3820,3,,,False,False
001-174119,6,light,0.9937,1.0,1.0,1.0,1.0,1.0,0.9827586206896551,0.9818181818181818,,,0,4,3,False,False,4665,6,,,False,False
001-174119,6,medium,0.9872,1.0,0.9696969696969697,1.0,1.0,1.0,0.9482758620689655,0.9636363636363636,,,0,4,2,False,False,4665,6,,,False,False
001-174119,6,heavy,1.0031,1.0,1.0,1.0,1.0,1.0,0.9655172413793104,0.9636363636363636,,,0,4,2,False,False,4665,6,,,False,False
001-174386,6,light,0.9933,1.0,1.0,1.0,1.0,1.0,1.0,1.0,,,0,0,0,False,False,2038,2,,,False,False
001-174386,6,medium,0.992,1.0,1.0,1.0,1.0,1.0,1.0,0.9761904761904762,,,0,0,0,False,False,2038,2,,,False,False
001-174386,6,heavy,1.0076,1.0,1.0,1.0,1.0,1.0,1.0,0.9523809523809523,,,0,0,0,False,False,2038,2,,,False,False
001-174389,6,light,1.035,1.0,1.0,1.0,1.0,1.0,1.0,1.0,,,0,0,0,False,False,2545,1,,655,False,False
001-174389,6,medium,0.9367,1.0,1.0,1.0,1.0,1.0,0.5,0.972972972972973,,,0,0,0,False,False,2545,1,,542,False,False
001-174389,6,heavy,0.965,1.0,1.0,1.0,1.0,1.0,0.5,0.8918918918918919,,,0,0,0,False,False,2545,1,,549,False,False
001-174404,10,light,0.9847,1.0,1.0,1.0,1.0,1.0,1.0,0.9841269841269841,,,0,2,1,False,False,2953,6,,,False,False
001-174404,10,medium,0.9919,1.0,1.0,1.0,1.0,1.0,0.9487179487179487,0.9841269841269841,,,0,2,1,False,False,2953,6,,,False,False
001-174404,10,heavy,1.0066,1.0,1.0,1.0,1.0,1.0,0.9743589743589743,0.9841269841269841,,,0,2,1,False,False,2953,6,,,False,False
001-174413,P1-1,light,0.991,1.0,1.0,1.0,1.0,1.0,1.0,0.9871794871794872,,,0,0,1,False,False,2875,8,,,False,False
001-174413,P1-1,medium,1.0013,1.0,1.0,1.0,1.0,1.0,1.0,0.9743589743589743,,,0,0,1,False,False,2875,8,,,False,False
001-174413,P1-1,heavy,1.0043,1.0,1.0,1.0,1.0,1.0,1.0,0.9743589743589743,,,0,0,1,False,False,2875,8,,,False,False
001-174414,6,light,0.9849,1.0,1.0,1.0,1.0,1.0,0.9811320754716981,0.9866666666666667,,,0,4,3,False,False,3230,5,,,False,False
001-174414,6,medium,0.982,1.0,0.9642857142857143,0.96,1.0,1.0,0.9622641509433962,0.9733333333333334,2010-05-19,,0,4,4,False,False,3230,5,,,False,False
001-174414,6,heavy,1.0093,1.0,1.0,1.0,1.0,1.0,0.9622641509433962,0.9866666666666667,,,0,4,4,False,False,3230,5,,,False,False
001-174419,10,light,0.9807,1.0,1.0,1.0,1.0,1.0,0.9736842105263158,1.0,,,0,1,2,False,False,4737,16,,,False,False
001-174419,10,medium,0.98,1.0,1.0,1.0,1.0,1.0,0.9298245614035088,0.9,,,0,1,2,False,False,4737,16,,,False,False
001-174419,10,heavy,0.9794,1.0,1.0,1.0,1.0,1.0,0.9649122807017544,0.9,,,0,1,2,False,False,4737,16,,,False,False
001-174424,3,light,0.9767,1.0,1.0,1.0,1.0,1.0,1.0,1.0,,,0,3,3,False,True,18385,13,1.0,,False,False
001-174424,3,medium,0.9694,1.0,1.0,1.0,1.0,1.0,0.984375,0.9629629629629629,,,0,3,1,False,True,18385,13,1.0,,False,False
001-174424,3,heavy,0.9858,1.0,1.0,1.0,1.0,1.0,0.9895833333333334,0.9444444444444444,,,0,3,2,False,True,18385,13,1.0,,False,False
001-174814,6,light,0.989,1.0,1.0,1.0,1.0,1.0,1.0,1.0,,,0,3,3,False,False,2509,4,,,False,False
001-174814,6,medium,0.9921,1.0,1.0,1.0,1.0,1.0,1.0,1.0,,,0,3,3,False,False,2509,4,,,False,False
001-174814,6,heavy,0.9817,1.0,1.0,1.0,1.0,1.0,1.0,1.0,,,0,3,3,False,False,2509,4,,,False,False
001-174965,2,light,0.986,1.0,1.0,1.0,1.0,1.0,1.0,1.0,,,0,0,1,False,False,15025,5,1.0,,False,False
001-174965,2,medium,0.9741,1.0,1.0,1.0,1.0,1.0,0.991304347826087,1.0,,2001-10-16,1,0,1,False,False,15025,5,1.0,,False,False
001-174965,2,heavy,0.9957,1.0,1.0,1.0,1.0,1.0,0.991304347826087,1.0,,2001-10-16,1,0,1,False,False,15025,5,1.0,,False,False
001-174997,13,light,0.9748,1.0,1.0,1.0,1.0,1.0,1.0,1.0,,,0,0,0,False,False,3910,2,,,False,False
001-174997,13,medium,0.9395,1.0,0.967741935483871,0.9666666666666667,1.0,1.0,1.0,1.0,2005-10-13,,0,0,0,False,False,3910,2,,,False,False
001-174997,13,heavy,0.9464,1.0,1.0,1.0,1.0,1.0,1.0,0.9411764705882353,,,0,0,0,False,False,3910,2,,,False,False
001-175121,10,light,0.978,1.0,1.0,1.0,1.0,1.0,1.0,0.9926470588235294,,,0,9,7,False,True,3776,21,,,False,False
001-175121,10,medium,0.9579,1.0,1.0,1.0,1.0,1.0,1.0,0.9852941176470589,,,0,9,4,False,True,3776,21,,,False,False
001-175121,10,heavy,0.9663,1.0,1.0,1.0,1.0,1.0,1.0,0.9779411764705882,,,0,9,3,False,True,3776,21,,,False,False
001-175155,6,light,0.9991,1.0,1.0,1.0,1.0,1.0,1.0,1.0,,,0,1,2,False,False,2976,5,,,False,False
001-175155,6,medium,0.981,1.0,1.0,1.0,1.0,1.0,1.0,0.9166666666666666,,,0,1,1,False,False,2976,5,,,False,False
001-175155,6,heavy,0.98,1.0,1.0,1.0,1.0,1.0,1.0,0.9722222222222222,,,0,1,2,False,False,2976,5,,,False,False
001-175645,5,light,1.002,1.0,1.0,1.0,1.0,1.0,0.9803921568627451,1.0,,,0,1,1,False,False,4927,5,,,False,False
001-175645,5,medium,0.9934,1.0,0.9714285714285714,0.96875,1.0,1.0,0.9607843137254902,1.0,2012-03-28,,0,1,1,False,False,4927,5,,,False,False
001-175645,5,heavy,1.0044,1.0,0.9714285714285714,0.96875,1.0,1.0,0.9607843137254902,0.8823529411764706,2012-03-28,,0,1,1,False,False,4927,5,,,False,False
001-175646,6,light,0.9879,1.0,1.0,1.0,1.0,1.0,1.0,1.0,,,0,14,14,False,False,3582,11,,,False,False
001-175646,6,medium,0.9719,1.0,1.0,1.0,1.0,1.0,0.9636363636363636,0.9934640522875817,,,0,14,12,False,False,3582,11,,,False,False
001-175646,6,heavy,0.9703,1.0,1.0,1.0,1.0,1.0,0.9727272727272728,0.9934640522875817,,,0,14,13,False,False,3582,11,,,False,False
001-175658,6,light,0.9777,1.0,1.0,1.0,1.0,1.0,1.0,1.0,,,0,1,1,False,False,2901,2,,,False,False
001-175658,6,medium,0.9801,1.0,0.9166666666666666,0.9166666666666666,1.0,1.0,0.9333333333333333,1.0,2012-02-09,,0,1,1,False,False,2901,2,,,False,False
001-175658,6,heavy,0.9606,1.0,1.0,1.0,1.0,1.0,1.0,1.0,,,0,1,1,False,False,2901,2,,,False,False
001-175667,6,light,0.9876,1.0,1.0,1.0,1.0,1.0,1.0,0.9866666666666667,,,0,8,9,False,True,9437,17,,,False,False
001-175667,6,medium,0.9805,1.0,0.9787234042553191,0.9846153846153847,0.9523809523809523,1.0,0.9669421487603306,0.9733333333333334,2005-05-23,,0,8,8,False,True,9437,17,,,False,False
001-175667,6,heavy,0.9947,1.0,0.9893617021276596,1.0,1.0,1.0,0.9917355371900827,0.8933333333333333,,,0,8,8,False,True,9437,17,,,False,False
001-176765,6,light,0.9949,1.0,1.0,1.0,1.0,1.0,1.0,1.0,,,0,0,0,False,False,1922,3,,,False,False
001-176765,6,medium,0.9939,1.0,1.0,1.0,1.0,1.0,0.7142857142857143,0.9574468085106383,,,0,0,0,False,False,1922,3,,,False,False
001-176765,6,heavy,0.9778,1.0,1.0,1.0,1.0,1.0,1.0,0.9574468085106383,,,0,0,0,False,False,1922,3,,,False,False
001-176838,5,light,0.9727,1.0,1.0,1.0,1.0,1.0,1.0,1.0,,,0,1,1,False,False,7894,4,,,False,False
001-176838,5,medium,0.9481,1.0,1.0,1.0,1.0,1.0,0.984375,0.9855072463768116,,,0,1,1,False,False,7894,4,,,False,False
001-176838,5,heavy,0.9427,1.0,1.0,1.0,1.0,1.0,1.0,0.9855072463768116,,2010-04-21 2010-11-23,2,1,1,False,False,7894,4,,,False,False
001-176964,6,light,0.9996,1.0,1.0,1.0,1.0,1.0,0.9696969696969697,0.9852941176470589,,,0,0,0,False,False,6906,3,,,False,False
001-176964,6,medium,0.9979,1.0,1.0,1.0,1.0,1.0,0.9696969696969697,0.9852941176470589,,,0,0,0,False,False,6906,3,,,False,False
001-176964,6,heavy,1.0202,1.0,1.0,1.0,1.0,1.0,0.9696969696969697,1.0,,,0,0,0,False,False,6906,3,,,False,False
001-176969,6,light,0.9746,1.0,1.0,1.0,1.0,1.0,0.9652173913043478,1.0,,,0,6,5,False,False,6165,6,,,False,False
001-176969,6,medium,0.9654,1.0,1.0,1.0,1.0,1.0,0.9652173913043478,0.9824561403508771,,,0,6,3,False,False,6165,6,,,False,False
001-176969,6,heavy,0.9683,1.0,1.0,1.0,1.0,1.0,0.9565217391304348,0.9824561403508771,,,0,6,4,False,False,6165,6,,,False,False
001-177080,8,light,0.9834,1.0,1.0,1.0,1.0,1.0,0.9848484848484849,1.0,,,0,1,1,False,False,3941,7,,,False,False
001-177080,8,medium,0.965,1.0,1.0,1.0,1.0,1.0,0.9393939393939394,0.9824561403508771,,,0,1,1,False,False,3941,7,,,False,False
001-177080,8,heavy,0.9835,1.0,1.0,1.0,1.0,1.0,0.9696969696969697,0.9649122807017544,,,0,1,0,False,False,3941,7,,,False,False
001-177118,13,light,0.996,1.0,1.0,1.0,1.0,1.0,1.0,1.0,,,0,3,3,False,False,2959,2,,,False,False
001-177118,13,medium,0.978,1.0,1.0,1.0,1.0,1.0,1.0,1.0,,,0,3,2,False,False,2959,2,,,False,False
001-177118,13,heavy,0.9778,1.0,1.0,1.0,1.0,1.0,1.0,1.0,,,0,3,1,False,False,2959,2,,,False,False
001-177124,6,light,0.9825,1.0,1.0,1.0,1.0,1.0,0.967741935483871,1.0,,,0,3,3,False,False,2728,5,,,False,False
001-177124,6,medium,0.9698,1.0,1.0,1.0,1.0,1.0,0.9032258064516129,1.0,,,0,3,0,False,False,2728,5,,,False,False
001-177124,6,heavy,0.9789,1.0,1.0,1.0,1.0,1.0,0.9032258064516129,1.0,,,0,3,1,False,False,2728,5,,,False,False
001-177228,8,light,0.9853,1.0,1.0,1.0,1.0,1.0,0.7129629629629629,1.0,,,0,4,3,False,False,19965,1,1.0,4135,False,False
001-177228,8,medium,0.969,1.0,1.0,1.0,1.0,1.0,0.7129629629629629,0.8875,,,0,4,2,False,False,19965,1,1.0,4048,False,False
001-177228,8,heavy,0.9715,1.0,1.0,1.0,0.9473684210526315,0.9,0.7129629629629629,0.9875,201.16,,0,4,3,False,False,19965,1,1.0,4031,False,False
001-177349,10,light,0.9864,1.0,1.0,1.0,1.0,1.0,0.9893617021276596,0.9903846153846154,,,0,3,4,False,False,5560,10,,,False,False
001-177349,10,medium,0.9774,1.0,1.0,1.0,1.0,1.0,0.9574468085106383,0.9615384615384616,,,0,3,3,False,False,5560,10,,,False,False
001-177349,10,heavy,0.976,1.0,1.0,1.0,1.0,1.0,0.9680851063829787,0.9519230769230769,,,0,3,3,False,False,5560,10,,,False,False
001-177650,3,light,0.9998,1.0,1.0,1.0,1.0,1.0,1.0,1.0,,,0,0,0,False,False,3014,3,,,False,False
001-177650,3,medium,1.0042,1.0,1.0,1.0,1.0,1.0,0.9047619047619048,0.9692307692307692,,,0,0,0,False,False,3014,3,,,False,False
001-177650,3,heavy,1.0025,1.0,1.0,1.0,1.0,1.0,0.9523809523809523,0.9846153846153847,,,0,0,0,False,False,3014,3,,,False,False
001-178182,6,light,0.9784,1.0,1.0,1.0,1.0,1.0,1.0,0.9777777777777777,,,0,0,0,False,False,5888,4,,,False,False
001-178182,6,medium,0.978,1.0,1.0,1.0,1.0,1.0,1.0,0.9333333333333333,,,0,0,0,False,False,5888,4,,,False,False
001-178182,6,heavy,0.9688,1.0,1.0,1.0,1.0,1.0,1.0,0.9777777777777777,,,0,0,0,False,False,5888,4,,,False,False
001-178352,6,light,0.976,1.0,1.0,1.0,1.0,1.0,1.0,1.0,,,0,0,0,False,False,7325,6,,,False,False
001-178352,6,medium,0.9537,1.0,1.0,1.0,1.0,1.0,1.0,1.0,,,0,0,0,False,False,7325,6,,,False,False
001-178352,6,heavy,0.9545,1.0,1.0,1.0,1.0,1.0,1.0,0.9824561403508771,,,0,0,0,False,False,7325,6,,,False,False
001-178362,8,light,0.9765,1.0,1.0,1.0,1.0,1.0,1.0,0.9863013698630136,,,0,1,1,False,False,6475,5,,,False,False
001-178362,8,medium,0.9589,1.0,1.0,1.0,1.0,1.0,1.0,0.9452054794520548,,,0,1,0,False,False,6475,5,,,False,False
001-178362,8,heavy,0.9497,1.0,1.0,1.0,1.0,1.0,1.0,0.9452054794520548,,,0,1,0,False,False,6475,5,,,False,False
001-178372,6,light,0.998,1.0,1.0,1.0,1.0,1.0,1.0,1.0,,,0,0,0,False,False,6879,3,,,False,False
001-178372,6,medium,0.9652,1.0,0.9767441860465116,0.96875,1.0,1.0,1.0,1.0,2008-11-28,,0,0,0,False,False,6879,3,,,False,False
001-178372,6,heavy,0.9483,1.0,1.0,1.0,1.0,1.0,1.0,1.0,,,0,0,0,False,False,6879,3,,,False,False
001-178700,6,light,0.9845,1.0,1.0,1.0,1.0,1.0,1.0,0.9908256880733946,,,0,9,9,False,True,11885,14,,,False,False
001-178700,6,medium,0.9853,1.0,1.0,1.0,1.0,1.0,0.991304347826087,0.963302752293578,,,0,9,5,False,True,11885,14,,,False,False
001-178700,6,heavy,0.9935,1.0,1.0,1.0,1.0,1.0,1.0,0.9724770642201835,,,0,9,4,False,True,11885,14,,,False,False
001-178701,10,light,0.9906,1.0,1.0,1.0,1.0,1.0,1.0,0.9772727272727273,,,0,2,2,False,False,5321,7,,,False,False
001-178701,10,medium,0.9951,1.0,1.0,1.0,1.0,1.0,1.0,0.9772727272727273,,,0,2,0,False,False,5321,7,,,False,False
001-178701,10,heavy,0.9908,1.0,1.0,1.0,1.0,1.0,0.9795918367346939,0.9772727272727273,,,0,2,1,False,False,5321,7,,,False,False
001-178877,8,light,0.9897,1.0,1.0,1.0,1.0,1.0,1.0,0.967741935483871,,,0,1,1,False,True,14177,17,,,False,False
001-178877,8,medium,0.9773,1.0,1.0,1.0,1.0,1.0,0.9923664122137404,0.9354838709677419,,,0,1,0,False,True,14177,17,,,False,False
001-178877,8,heavy,0.9956,1.0,1.0,1.0,1.0,1.0,1.0,0.9516129032258065,,,0,1,1,False,True,14177,17,,,False,False
001-178904,8,light,0.9913,1.0,1.0,1.0,1.0,1.0,1.0,1.0,,,0,8,7,False,False,4691,6,,,False,False
001-178904,8,medium,1.0013,1.0,1.0,1.0,1.0,1.0,0.9838709677419355,1.0,,,0,8,4,False,False,4691,6,,,False,False
001-178904,8,heavy,1.0066,1.0,1.0,1.0,1.0,1.0,0.9838709677419355,1.0,,,0,8,6,False,False,4691,6,,,False,False
001-178921,2,light,0.9902,1.0,1.0,1.0,1.0,1.0,0.9538461538461539,1.0,,1.80,1,3,3,False,False,7579,9,,,False,False
001-178921,2,medium,0.9875,1.0,1.0,1.0,1.0,1.0,0.9384615384615385,0.8983050847457628,,1.80,1,3,2,False,False,7579,9,,,False,False
001-178921,2,heavy,0.9963,1.0,1.0,1.0,1.0,1.0,0.9692307692307692,1.0,,,0,3,3,False,False,7579,9,,,False,False
001-178921,3,light,0.9873,1.0,1.0,1.0,1.0,1.0,0.9846153846153847,1.0,,,0,3,3,False,False,7579,9,,,False,False
001-178921,3,medium,0.9776,1.0,1.0,1.0,1.0,1.0,0.9384615384615385,1.0,,1.80,1,3,2,False,False,7579,9,,,False,False
001-178921,3,heavy,0.9824,1.0,1.0,1.0,1.0,1.0,1.0,1.0,,,0,3,2,False,False,7579,9,,,False,False
001-179216,14,light,0.9953,1.0,1.0,1.0,1.0,1.0,0.9875,1.0,,,0,3,3,False,False,9615,6,,,False,False
001-179216,14,medium,1.0013,1.0,1.0,1.0,1.0,1.0,0.975,1.0,,,0,3,2,False,False,9615,6,,,False,False
001-179216,14,heavy,1.004,1.0,1.0,1.0,1.0,1.0,1.0,1.0,,,0,3,1,False,False,9615,6,,,False,False
001-179853,5,light,1.0061,1.0,1.0,1.0,1.0,1.0,0.8,0.9473684210526315,,,0,0,0,False,False,2442,1,,632,False,False
001-179853,5,medium,1.1413,1.0,1.0,1.0,1.0,1.0,0.7,0.8157894736842105,,,0,0,0,False,False,2442,1,,658,False,False
001-179853,5,heavy,1.0692,1.0,1.0,1.0,1.0,1.0,0.85,0.8421052631578947,,,0,0,0,False,False,2442,1,,644,False,False
001-179867,6,light,0.9746,1.0,0.989010989010989,1.0,1.0,1.0,0.9770992366412213,0.991869918699187,,,0,16,17,False,True,5093,20,,,False,False
001-179867,6,medium,0.9618,1.0,0.967032967032967,1.0,1.0,1.0,0.9389312977099237,0.975609756097561,,,0,16,8,False,True,5093,20,,,False,False
001-179867,6,heavy,0.9651,1.0,0.989010989010989,1.0,1.0,1.0,0.9618320610687023,0.975609756097561,,,0,16,11,False,True,5093,20,,,False,False
001-179878,6,light,0.9671,1.0,1.0,1.0,1.0,1.0,1.0,1.0,,,0,1,1,False,False,5839,4,,,False,False
001-179878,6,medium,0.9826,1.0,1.0,1.0,1.0,1.0,1.0,1.0,,,0,1,1,False,False,5839,4,,,False,False
001-179878,6,heavy,0.9814,1.0,1.0,1.0,1.0,1.0,1.0,1.0,,,0,1,0,False,False,5839,4,,,False,False
001-180281,6,light,0.9817,1.0,1.0,1.0,1.0,1.0,1.0,1.0,,,0,5,7,False,False,7581,3,,,False,False
001-180281,6,medium,0.9497,1.0,1.0,1.0,0.9259259259259259,0.8571428571428571,0.9473684210526315,0.9777777777777777,2.8 5.1,,0,5,6,False,False,7581,3,,,False,False
001-180281,6,heavy,0.9568,1.0,1.0,1.0,1.0,1.0,1.0,0.9777777777777777,,,0,5,5,False,False,7581,3,,,False,False
001-180288,P1-1,light,0.9806,1.0,1.0,1.0,1.0,1.0,0.9956896551724138,0.9875,,,0,1,0,False,False,6429,12,,,False,False
001-180288,P1-1,medium,0.975,1.0,1.0,1.0,1.0,1.0,0.9913793103448276,0.975,,,0,1,0,False,False,6429,12,,,False,False
001-180288,P1-1,heavy,0.9707,1.0,1.0,1.0,1.0,1.0,0.9956896551724138,0.9875,,,0,1,0,False,False,6429,12,,,False,False
001-180296,8,light,0.9785,1.0,1.0,1.0,1.0,1.0,0.9893617021276596,0.9583333333333334,,,0,7,8,False,False,3266,7,,,False,False
001-180296,8,medium,0.997,1.0,1.0,1.0,1.0,1.0,1.0,0.9305555555555556,,,0,7,8,False,False,3266,7,,,False,False
001-180296,8,heavy,1.0077,1.0,1.0,1.0,1.0,1.0,1.0,0.9583333333333334,,,0,7,9,False,False,3266,7,,,False,False
001-180505,8,light,0.9903,1.0,1.0,1.0,1.0,1.0,1.0,0.9857142857142858,,,0,2,1,False,False,2908,9,,,False,False
001-180505,8,medium,0.988,1.0,1.0,1.0,1.0,1.0,0.9850746268656716,0.9571428571428572,,,0,2,1,False,False,2908,9,,,False,False
001-180505,8,heavy,0.9808,1.0,1.0,1.0,1.0,1.0,0.9850746268656716,0.9428571428571428,,,0,2,1,False,False,2908,9,,,False,False
001-180841,P1-1,light,0.9891,1.0,1.0,1.0,,,1.0,1.0,,,0,0,0,False,False,2743,2,,,False,False
001-180841,P1-1,medium,0.9677,1.0,1.0,1.0,,,1.0,0.9459459459459459,,,0,0,0,False,False,2743,2,,,False,False
001-180841,P1-1,heavy,0.9707,1.0,1.0,1.0,,,1.0,0.918918918918919,,,0,0,0,False,False,2743,2,,,False,False
001-180843,P1-1,light,0.9821,1.0,1.0,1.0,1.0,1.0,0.9880952380952381,1.0,,,0,4,4,False,False,3770,8,,,False,False
001-180843,P1-1,medium,0.9809,1.0,1.0,1.0,1.0,1.0,0.9761904761904762,0.9848484848484849,,,0,4,5,False,False,3770,8,,,False,False
001-180843,P1-1,heavy,0.9842,1.0,1.0,1.0,1.0,1.0,0.9880952380952381,0.9848484848484849,,,0,4,5,False,False,3770,8,,,False,False
001-181068,6,light,1.035,1.0,1.0,1.0,,,0.8974358974358975,0.9090909090909091,,,0,0,0,False,False,2826,1,,844,False,False
001-181068,6,medium,1.1628,1.0,1.0,1.0,,,0.8974358974358975,0.8484848484848485,,,0,0,0,False,False,2826,1,,898,False,False
001-181068,6,heavy,1.1427,1.0,1.0,1.0,,,0.9230769230769231,0.8484848484848485,,,0,0,0,False,False,2826,1,,878,False,False
001-181202,8,light,0.9971,1.0,0.9811320754716981,0.9696969696969697,1.0,1.0,0.9939759036144579,0.9876543209876543,2007-05-13,2003-05-13,1,17,16,False,True,4621,19,,,False,False
001-181202,8,medium,0.9946,1.0,0.9811320754716981,0.9696969696969697,0.9787234042553191,1.0,0.9819277108433735,0.9506172839506173,2003-05-09,,0,17,7,False,True,4621,19,,,False,False
001-181202,8,heavy,0.9954,1.0,1.0,1.0,1.0,1.0,0.9819277108433735,0.9753086419753086,,,0,17,8,False,True,4621,19,,,False,False
001-181210,10,light,0.9963,1.0,1.0,1.0,0.9285714285714286,0.9230769230769231,0.6402877697841727,0.9702970297029703,10.4,,0,3,3,False,False,25762,1,1.0,5375,False,False
001-181210,10,medium,0.9871,1.0,1.0,1.0,0.9285714285714286,0.9230769230769231,0.6474820143884892,0.9306930693069307,10.4,,0,3,1,False,False,25762,1,1.0,5196,False,False
001-181210,10,heavy,0.9994,1.0,1.0,1.0,0.9285714285714286,0.9230769230769231,0.6546762589928058,0.8712871287128713,10.4,,0,3,2,False,False,25762,1,1.0,5224,False,False
001-181278,P1-1,light,0.9997,1.0,1.0,1.0,1.0,1.0,0.9915966386554622,0.9824561403508771,,,0,9,9,False,False,5851,8,,,False,False
001-181278,P1-1,medium,0.9606,1.0,0.9534883720930233,1.0,1.0,1.0,0.9831932773109243,0.9824561403508771,,,0,9,11,False,False,5851,8,,,False,False
001-181278,P1-1,heavy,0.9737,1.0,1.0,1.0,1.0,1.0,0.9915966386554622,0.9473684210526315,,,0,9,11,False,False,5851,8,,,False,False
001-181393,2,light,0.984,1.0,1.0,1.0,1.0,1.0,1.0,1.0,,,0,6,6,False,False,6066,14,,,False,False
001-181393,2,medium,0.9651,1.0,1.0,1.0,0.9855072463768116,0.9705882352941176,0.9748427672955975,0.9882352941176471,100,,0,6,5,False,False,6066,14,,,False,False
001-181393,2,heavy,0.9675,1.0,1.0,1.0,0.9855072463768116,0.9705882352941176,0.9748427672955975,1.0,100,,0,6,7,False,False,6066,14,,,False,False
001-181394,5,light,0.983,1.0,0.9555555555555556,0.9523809523809523,1.0,1.0,1.0,1.0,2014-11-27 2015-03-27,,0,2,1,False,False,6550,4,,,False,False
001-181394,5,medium,0.9907,1.0,0.9555555555555556,0.9523809523809523,1.0,1.0,1.0,1.0,2014-11-27 2015-03-27,,0,2,0,False,False,6550,4,,,False,False
001-181394,5,heavy,0.9897,1.0,1.0,1.0,1.0,1.0,0.9830508474576272,1.0,,,0,2,0,False,False,6550,4,,,False,False
001-181584,8,light,0.9852,1.0,1.0,1.0,1.0,1.0,0.9934640522875817,0.9885057471264368,,,0,0,1,False,False,10708,11,,,False,False
001-181584,8,medium,0.9677,1.0,1.0,1.0,1.0,1.0,0.9738562091503268,0.9770114942528736,,,0,0,1,False,False,10708,11,,,False,False
001-181584,8,heavy,0.984,1.0,1.0,1.0,1.0,1.0,0.9803921568627451,0.9655172413793104,,,0,0,2,False,False,10708,11,,,False,False
001-181595,10,light,0.9801,1.0,1.0,1.0,1.0,1.0,1.0,0.9871794871794872,,,0,4,4,False,False,6131,9,,,False,False
001-181595,10,medium,0.9804,1.0,1.0,1.0,1.0,1.0,0.9361702127659575,0.8846153846153846,,,0,4,4,False,False,6131,9,,,False,False
001-181595,10,heavy,0.9892,1.0,1.0,1.0,1.0,1.0,0.9787234042553191,0.9615384615384616,,,0,4,4,False,False,6131,9,,,False,False
001-181847,3,light,1.005,1.0,1.0,1.0,1.0,1.0,1.0,0.9444444444444444,,,0,0,0,False,False,2998,7,,,False,False
001-181847,3,medium,1.0447,1.0,1.0,1.0,1.0,1.0,0.9896907216494846,0.9027777777777778,,,0,0,0,False,False,2998,7,,,False,False
001-181847,3,heavy,1.0427,1.0,1.0,1.0,0.8412698412698413,1.0,0.9226804123711341,0.8611111111111112,,,0,0,0,False,False,2998,7,,,False,False
001-181850,3,light,1.017,1.0,1.0,1.0,1.0,1.0,1.0,0.9459459459459459,,,0,0,0,False,False,2949,1,,761,False,False
001-181850,3,medium,1.1028,1.0,1.0,1.0,1.0,1.0,0.85,0.8378378378378378,,,0,0,0,False,False,2949,1,,775,False,False
001-181850,3,heavy,1.1191,1.0,1.0,1.0,1.0,1.0,1.0,0.8378378378378378,,,0,0,0,False,False,2949,1,,777,False,False
001-181859,6,light,0.9884,1.0,1.0,1.0,1.0,1.0,1.0,1.0,,,0,0,0,False,False,5655,2,,,False,False
001-181859,6,medium,0.9934,1.0,1.0,1.0,1.0,1.0,1.0,1.0,,,0,0,0,False,False,5655,2,,,False,False
001-181859,6,heavy,0.9912,1.0,1.0,1.0,1.0,1.0,1.0,1.0,,,0,0,0,False,False,5655,2,,,False,False
001-181877,5,light,0.9926,1.0,1.0,1.0,1.0,1.0,0.5517241379310345,1.0,,,0,0,0,False,False,30916,1,1.0,6469,False,False
001-181877,5,medium,0.9802,1.0,1.0,1.0,1.0,1.0,0.5574712643678161,1.0,,,0,0,1,False,False,30916,1,1.0,6334,False,False
001-181877,5,heavy,0.9879,1.0,1.0,1.0,1.0,1.0,0.5574712643678161,1.0,,,0,0,1,False,False,30916,1,1.0,6379,False,False
001-181882,3,light,0.988,1.0,1.0,1.0,1.0,1.0,1.0,0.9863013698630136,,,0,9,8,False,False,2903,11,,,False,False
001-181882,3,medium,0.9902,1.0,0.9736842105263158,1.0,0.9821428571428571,1.0,0.9878542510121457,0.9863013698630136,,,0,9,5,False,False,2903,11,,,False,False
001-181882,3,heavy,0.998,1.0,1.0,1.0,0.9821428571428571,1.0,0.9959514170040485,0.9863013698630136,,,0,9,6,False,False,2903,11,,,False,False
001-182213,8,light,0.9828,1.0,1.0,1.0,1.0,1.0,0.975609756097561,1.0,,,0,2,1,False,False,10532,7,,,False,False
001-182213,8,medium,0.9669,1.0,0.9814814814814815,1.0,1.0,1.0,0.975609756097561,1.0,,,0,2,0,False,False,10532,7,,,False,False
001-182213,8,heavy,0.9789,1.0,0.9814814814814815,1.0,1.0,1.0,1.0,1.0,,,0,2,2,False,False,10532,7,,,False,False
001-182605,13,light,1.0359,1.0,1.0,1.0,,,0.6923076923076923,1.0,,,0,0,0,False,False,2034,1,,526,False,False
001-182605,13,medium,1.0644,1.0,1.0,1.0,,,0.6923076923076923,0.918918918918919,,,0,0,0,False,False,2034,1,,513,False,False
001-182605,13,heavy,0.9902,1.0,1.0,1.0,,,0.6923076923076923,0.8378378378378378,,,0,0,0,False,False,2034,1,,505,False,False
001-182853,6,light,0.9957,1.0,1.0,1.0,1.0,1.0,1.0,1.0,,,0,0,0,False,False,1642,2,,,False,False
001-182853,6,medium,0.9878,1.0,1.0,1.0,1.0,1.0,0.9090909090909091,0.9230769230769231,,,0,0,0,False,False,1642,2,,,False,False
001-182853,6,heavy,1.0017,1.0,1.0,1.0,1.0,1.0,0.9090909090909091,0.9743589743589743,,,0,0,0,False,False,1642,2,,,False,False
001-183126,5,light,0.9885,1.0,1.0,1.0,1.0,1.0,0.9864864864864865,1.0,,,0,7,7,False,False,7231,5,,,False,False
001-183126,5,medium,0.9494,1.0,0.975,1.0,1.0,1.0,0.9864864864864865,0.9838709677419355,,,0,7,8,False,False,7231,5,,,False,False
001-183126,5,heavy,0.9607,1.0,1.0,1.0,1.0,1.0,0.9864864864864865,0.8870967741935484,,,0,7,8,False,False,7231,5,,,False,False
001-183206,6,light,0.9858,1.0,1.0,1.0,1.0,1.0,1.0,1.0,,,0,0,0,False,False,2396,1,,563,False,False
001-183206,6,medium,0.9833,1.0,1.0,1.0,1.0,1.0,1.0,0.9285714285714286,,,0,0,0,False,False,2396,1,,559,False,False
001-183206,6,heavy,0.9958,1.0,1.0,1.0,1.0,1.0,1.0,0.9285714285714286,,,0,0,0,False,False,2396,1,,560,False,False
001-183337,6,light,0.9886,1.0,1.0,1.0,1.0,1.0,0.9166666666666666,1.0,,,0,0,0,False,False,3120,2,,,False,False
001-183337,6,medium,0.9706,1.0,1.0,1.0,1.0,1.0,0.9166666666666666,1.0,,,0,0,0,False,False,3120,2,,,False,False
001-183337,6,heavy,0.998,1.0,1.0,1.0,1.0,1.0,1.0,0.9795918367346939,,,0,0,0,False,False,3120,2,,,False,False
001-183338,3,light,0.9797,1.0,1.0,1.0,1.0,1.0,0.9833333333333333,0.9882352941176471,,,0,2,1,False,True,6279,18,,,False,False
001-183338,3,medium,0.9822,1.0,0.9841269841269841,1.0,0.9791666666666666,1.0,0.975,0.9764705882352941,,,0,2,0,False,True,6279,18,,,False,False
001-183338,3,heavy,0.9893,1.0,1.0,1.0,0.9791666666666666,1.0,0.9916666666666667,0.9647058823529412,,,0,2,0,False,True,6279,18,,,False,False
001-183373,8,light,0.9916,1.0,1.0,1.0,0.9696969696969697,0.9523809523809523,0.9834710743801653,0.9846153846153847,1992,1992-06-06,1,3,2,False,False,3906,7,,,False,False
001-183373,8,medium,0.9931,1.0,0.9642857142857143,0.9629629629629629,0.9696969696969697,0.9523809523809523,0.9669421487603306,0.9846153846153847,1992 2018-03-27,1992-06-06,1,3,2,False,False,3906,7,,,False,False
001-183373,8,heavy,1.0078,1.0,1.0,1.0,0.9696969696969697,0.9523809523809523,0.9752066115702479,0.9846153846153847,1992,1992-06-06,1,3,3,False,False,3906,7,,,False,False
001-183376,6,light,0.9676,1.0,1.0,1.0,1.0,1.0,1.0,1.0,,,0,0,0,False,False,8215,5,,,False,False
001-183376,6,medium,0.9209,1.0,1.0,1.0,1.0,1.0,0.9661016949152542,0.9821428571428571,,2007-11-10,1,0,0,False,False,8215,5,,,False,False
001-183376,6,heavy,0.9349,1.0,1.0,1.0,1.0,1.0,1.0,0.875,,,0,0,0,False,False,8215,5,,,False,False
001-183395,6,light,0.9809,1.0,1.0,1.0,1.0,1.0,0.9956709956709957,1.0,,,0,10,10,False,True,10776,17,,,False,False
001-183395,6,medium,0.974,1.0,1.0,1.0,1.0,1.0,0.9956709956709957,0.963302752293578,,,0,10,7,False,True,10776,17,,,False,False
001-183395,6,heavy,0.9747,1.0,0.9743589743589743,1.0,1.0,1.0,0.9913419913419913,0.9724770642201835,,,0,10,12,False,True,10776,17,,,False,False
001-183395,P1-1,light,0.9842,1.0,1.0,1.0,1.0,1.0,0.9913419913419913,0.9908256880733946,,,0,10,10,False,True,10776,17,,,False,False
001-183395,P1-1,medium,0.9648,1.0,1.0,1.0,1.0,1.0,0.9913419913419913,0.963302752293578,,,0,10,10,False,True,10776,17,,,False,False
001-183395,P1-1,heavy,0.9715,1.0,1.0,1.0,1.0,1.0,0.9913419913419913,0.981651376146789,,,0,10,11,False,True,10776,17,,,False,False
001-183542,6,light,0.9749,1.0,1.0,1.0,1.0,1.0,0.9852941176470589,1.0,,,0,3,2,False,True,12948,11,1.0,,False,False
001-183542,6,medium,0.9313,1.0,0.9871794871794872,1.0,1.0,1.0,0.9313725490196079,1.0,,,0,3,1,False,True,12948,11,1.0,,False,False
001-183542,6,heavy,0.9447,1.0,0.9871794871794872,1.0,1.0,1.0,0.9607843137254902,1.0,,,0,3,2,False,True,12948,11,1.0,,False,False
001-183546,3,light,1.0017,1.0,1.0,1.0,1.0,1.0,1.0,0.9655172413793104,,,0,0,0,False,False,2943,2,,,False,False
001-183546,3,medium,0.9371,1.0,1.0,1.0,1.0,1.0,0.9636363636363636,0.8448275862068966,,,0,0,0,False,False,2943,2,,,False,False
001-183546,3,heavy,0.986,1.0,1.0,1.0,1.0,1.0,1.0,0.8793103448275862,,,0,0,0,False,False,2943,2,,,False,False
001-183558,3,light,1.0104,1.0,1.0,1.0,1.0,1.0,1.0,0.8888888888888888,,,0,0,0,False,False,2907,2,,,False,False
001-183558,3,medium,1.0799,1.0,1.0,1.0,1.0,1.0,0.8846153846153846,0.8666666666666667,,,0,0,0,False,False,2907,2,,,False,False
001-183558,3,heavy,1.0466,1.0,1.0,1.0,1.0,1.0,1.0,0.8222222222222222,,,0,0,0,False,False,2907,2,,,False,False
001-183586,13,light,1.0357,1.0,1.0,1.0,,,0.9,1.0,,,0,0,0,False,False,2974,2,,,False,False
001-183586,13,medium,1.0311,1.0,1.0,1.0,,,0.9,0.8444444444444444,,,0,0,0,False,False,2974,2,,,False,False
001-183586,13,heavy,1.0109,1.0,1.0,1.0,,,0.9,0.8444444444444444,,,0,0,0,False,False,2974,2,,,False,False
001-183817,6,light,0.9932,1.0,1.0,1.0,1.0,1.0,1.0,1.0,,,0,2,2,False,False,5749,5,,,False,False
001-183817,6,medium,0.9916,1.0,1.0,1.0,1.0,1.0,1.0,0.9722222222222222,,,0,2,1,False,False,5749,5,,,False,False
001-183817,6,heavy,1.0058,1.0,1.0,1.0,1.0,1.0,1.0,0.9722222222222222,,,0,2,1,False,False,5749,5,,,False,False
001-183862,6,light,0.954,1.0,1.0,1.0,1.0,1.0,1.0,1.0,,,0,0,0,False,False,7182,4,,,False,False
001-183862,6,medium,0.9313,1.0,1.0,1.0,1.0,1.0,1.0,0.9875,,,0,0,0,False,False,7182,4,,,False,False
001-183862,6,heavy,0.9348,1.0,1.0,1.0,1.0,1.0,1.0,0.9875,,,0,0,0,False,False,7182,4,,,False,False
001-184496,5,light,0.9793,1.0,1.0,1.0,1.0,1.0,1.0,1.0,,,0,0,0,False,False,2136,2,,,False,False
001-184496,5,medium,0.9404,1.0,0.8888888888888888,0.9411764705882353,1.0,1.0,1.0,0.95,2004-10-05,,0,0,0,False,False,2136,2,,,False,False
001-184496,5,heavy,0.9705,1.0,1.0,1.0,1.0,1.0,1.0,1.0,,,0,0,0,False,False,2136,2,,,False,False
001-184651,13,light,0.9893,1.0,1.0,1.0,1.0,1.0,1.0,1.0,,,0,1,0,False,False,9052,2,,,False,False
001-184651,13,medium,0.9804,1.0,1.0,1.0,1.0,1.0,1.0,0.9759036144578314,,,0,1,0,False,False,9052,2,,,False,False
001-184651,13,heavy,0.9604,1.0,1.0,1.0,1.0,1.0,1.0,0.963855421686747,,,0,1,0,False,False,9052,2,,,False,False
001-184651,P1-1,light,0.9919,1.0,1.0,1.0,1.0,1.0,1.0,1.0,,,0,1,0,False,False,9052,2,,,False,False
001-184651,P1-1,medium,0.9493,1.0,1.0,1.0,1.0,1.0,1.0,0.963855421686747,,,0,1,0,False,False,9052,2,,,False,False
001-184651,P1-1,heavy,0.97,1.0,1.0,1.0,1.0,1.0,1.0,0.9759036144578314,,,0,1,0,False,False,9052,2,,,False,False
001-184671,3,light,0.9602,1.0,1.0,1.0,1.0,1.0,1.0,0.9838709677419355,,,0,1,1,False,False,2943,4,,,False,False
001-184671,3,medium,0.9623,1.0,1.0,1.0,1.0,1.0,1.0,0.967741935483871,,148,1,1,1,False,False,2943,4,,,False,False
001-184671,3,heavy,0.9915,1.0,1.0,1.0,1.0,1.0,1.0,0.9838709677419355,,148,1,1,1,False,False,2943,4,,,False,False
001-184673,3,light,0.9828,1.0,1.0,1.0,1.0,1.0,1.0,1.0,,,0,1,1,False,False,4404,3,,,False,False
001-184673,3,medium,0.9947,1.0,0.9411764705882353,1.0,1.0,1.0,0.9361702127659575,0.9803921568627451,,,0,1,1,False,False,4404,3,,,False,False
001-184673,3,heavy,0.9941,1.0,1.0,1.0,1.0,1.0,0.9574468085106383,1.0,,,0,1,1,False,False,4404,3,,,False,False
001-185031,5,light,1.013,1.0,1.0,1.0,,,0.9344262295081968,0.9482758620689655,,,0,0,0,False,False,2913,2,,,False,False
001-185031,5,medium,0.9965,1.0,1.0,1.0,,,0.9344262295081968,0.8620689655172413,,,0,0,0,False,False,2913,2,,,False,False
001-185031,5,heavy,0.9696,1.0,1.0,1.0,,,0.9344262295081968,0.8620689655172413,,,0,0,0,False,False,2913,2,,,False,False
001-185308,6,light,0.9951,1.0,1.0,1.0,1.0,1.0,1.0,1.0,,,0,0,0,False,False,2887,3,,,False,False
001-185308,6,medium,0.9975,1.0,1.0,1.0,1.0,1.0,1.0,1.0,,,0,0,0,False,False,2887,3,,,False,False
001-185308,6,heavy,0.993,1.0,1.0,1.0,1.0,1.0,0.972972972972973,1.0,,,0,0,0,False,False,2887,3,,,False,False
001-186048,8,light,0.9792,1.0,1.0,1.0,1.0,1.0,0.996309963099631,1.0,,,0,5,8,False,True,2992,20,,,False,False
001-186048,8,medium,0.9816,1.0,1.0,1.0,1.0,1.0,0.996309963099631,0.9583333333333334,,,0,5,5,False,True,2992,20,,,False,False
001-186048,8,heavy,0.9803,1.0,1.0,1.0,1.0,1.0,1.0,0.9652777777777778,,,0,5,7,False,True,2992,20,,,False,False
001-186116,8,light,0.9916,1.0,0.9714285714285714,0.9615384615384616,1.0,1.0,1.0,1.0,2005-01-01,,0,3,3,False,False,3380,9,,,False,False
001-186116,8,medium,0.9844,1.0,0.9714285714285714,0.9615384615384616,1.0,1.0,0.9642857142857143,0.9692307692307692,2005-01-01,,0,3,2,False,False,3380,9,,,False,False
001-186116,8,heavy,0.9815,1.0,1.0,1.0,1.0,1.0,1.0,0.9846153846153847,,,0,3,1,False,False,3380,9,,,False,False
001-186117,10,light,1.0005,1.0,1.0,1.0,1.0,1.0,0.9807692307692307,0.926829268292683,,,0,2,1,False,False,2959,5,,,False,False
001-186117,10,medium,1.0186,1.0,1.0,1.0,1.0,1.0,0.9807692307692307,0.9146341463414634,,,0,2,0,False,False,2959,5,,,False,False
001-186117,10,heavy,1.0148,1.0,1.0,1.0,1.0,1.0,0.9807692307692307,0.9024390243902439,,,0,2,0,False,False,2959,5,,,False,False
001-186126,5,light,0.9852,1.0,0.9876543209876543,1.0,1.0,1.0,0.9941520467836257,0.9849624060150376,,,0,2,2,False,True,6049,18,,,False,False
001-186126,5,medium,0.9721,1.0,0.9753086419753086,1.0,1.0,1.0,1.0,0.9097744360902256,,,0,2,2,False,True,6049,18,,,False,False
001-186126,5,heavy,0.9783,1.0,0.9753086419753086,1.0,1.0,1.0,1.0,0.9398496240601504,,,0,2,2,False,True,6049,18,,,False,False
001-186424,P1-1,light,0.9842,1.0,1.0,1.0,1.0,1.0,1.0,1.0,,,0,2,2,False,False,2233,3,,,False,False
001-186424,P1-1,medium,0.9992,1.0,1.0,1.0,1.0,1.0,1.0,1.0,,,0,2,2,False,False,2233,3,,,False,False
001-186424,P1-1,heavy,0.9507,1.0,1.0,1.0,1.0,1.0,1.0,1.0,,,0,2,2,False,False,2233,3,,,False,False
001-186770,6,light,0.9729,1.0,1.0,1.0,1.0,1.0,1.0,1.0,,,0,0,0,False,False,3716,3,,,False,False
001-186770,6,medium,0.9528,1.0,1.0,1.0,1.0,1.0,0.9636363636363636,1.0,,,0,0,0,False,False,3716,3,,,False,False
001-186770,6,heavy,0.9543,1.0,1.0,1.0,1.0,1.0,0.9636363636363636,1.0,,,0,0,1,False,False,3716,3,,,False,False
001-187195,6,light,0.9827,1.0,1.0,1.0,1.0,1.0,1.0,0.975609756097561,,,0,0,0,False,False,3172,2,,,False,False
001-187195,6,medium,0.9827,1.0,1.0,1.0,1.0,1.0,1.0,0.9512195121951219,,,0,0,0,False,False,3172,2,,,False,False
001-187195,6,heavy,0.9735,1.0,1.0,1.0,1.0,1.0,1.0,0.9512195121951219,,,0,0,0,False,False,3172,2,,,False,False
001-187200,14,light,0.9566,1.0,1.0,1.0,0.9824561403508771,0.9642857142857143,0.9693877551020408,0.9824561403508771,2876,2876.26,1,6,6,False,False,3707,6,,,False,False
001-187200,14,medium,0.913,1.0,1.0,1.0,0.9649122807017544,0.9642857142857143,0.9591836734693877,0.9649122807017544,2876,2876.26,1,6,4,False,False,3707,6,,,False,False
001-187200,14,heavy,0.9173,1.0,1.0,1.0,0.9649122807017544,0.9642857142857143,0.9591836734693877,0.9649122807017544,2876,2876.26,1,6,4,False,False,3707,6,,,False,False
001-187251,5,light,0.9791,1.0,1.0,1.0,0.9523809523809523,0.9090909090909091,0.9895833333333334,0.9850746268656716,137,,0,0,0,False,False,8461,6,,,False,False
001-187251,5,medium,0.9532,1.0,1.0,1.0,0.9523809523809523,0.9090909090909091,0.9791666666666666,0.9850746268656716,137,,0,0,0,False,False,8461,6,,,False,False
001-187251,5,heavy,0.9717,1.0,1.0,1.0,0.9523809523809523,0.9090909090909091,0.9895833333333334,0.9850746268656716,137,,0,0,0,False,False,8461,6,,,False,False
001-187455,12,light,0.989,1.0,1.0,1.0,1.0,1.0,0.9759036144578314,1.0,,,0,1,1,False,False,10373,5,,,False,False
001-187455,12,medium,0.9735,1.0,1.0,1.0,1.0,1.0,0.9759036144578314,0.9,,,0,1,1,False,False,10373,5,,,False,False
001-187455,12,heavy,0.9872,1.0,1.0,1.0,1.0,1.0,0.963855421686747,0.9,,,0,1,1,False,False,10373,5,,,False,False
001-187465,34,light,0.9959,1.0,1.0,1.0,1.0,1.0,0.4857142857142857,1.0,,,0,0,0,False,False,11162,1,,2231,False,False
001-187465,34,medium,0.974,1.0,0.967741935483871,1.0,1.0,1.0,0.4714285714285714,0.9545454545454546,,,0,0,0,False,False,11162,1,,2190,False,False
001-187465,34,heavy,0.9746,1.0,1.0,1.0,1.0,1.0,0.4857142857142857,0.9545454545454546,,,0,0,0,False,False,11162,1,,2198,False,False
001-187474,8,light,0.9721,1.0,0.9855072463768116,0.984375,1.0,1.0,1.0,0.9868421052631579,2014-07-02,,0,3,3,False,True,7468,17,,,False,False
001-187474,8,medium,0.9449,1.0,0.9855072463768116,0.984375,1.0,1.0,1.0,0.9078947368421053,2014-07-02,,0,3,3,False,True,7468,17,,,False,False
001-187474,8,heavy,0.9508,1.0,1.0,1.0,1.0,1.0,0.9841269841269841,0.9736842105263158,,,0,3,3,False,True,7468,17,,,False,False
001-187476,7,light,0.9833,1.0,1.0,1.0,1.0,1.0,0.9734513274336283,0.9848484848484849,,,0,8,7,False,False,12033,7,,,False,False
001-187476,7,medium,0.9665,1.0,0.9696969696969697,1.0,1.0,1.0,0.9646017699115044,0.9696969696969697,,,0,8,6,False,False,12033,7,,,False,False
001-187476,7,heavy,0.9637,1.0,1.0,1.0,1.0,1.0,0.9646017699115044,0.9848484848484849,,,0,8,5,False,False,12033,7,,,False,False
001-187510,6,light,0.9858,1.0,1.0,1.0,1.0,1.0,0.9791666666666666,0.971830985915493,,,0,4,4,False,False,3834,7,,,False,False
001-187510,6,medium,0.978,1.0,1.0,1.0,1.0,1.0,0.9583333333333334,0.971830985915493,,,0,4,4,False,False,3834,7,,,False,False
001-187510,6,heavy,0.9838,1.0,1.0,1.0,1.0,1.0,0.9375,0.9859154929577465,,,0,4,5,False,False,3834,7,,,False,False
001-187574,13,light,1.0384,1.0,1.0,1.0,,,1.0,0.9795918367346939,,,0,0,0,False,False,2958,2,,,False,False
001-187574,13,medium,0.9464,1.0,1.0,1.0,,,0.9459459459459459,0.8571428571428571,,,0,0,0,False,False,2958,2,,,False,False
001-187574,13,heavy,0.9418,1.0,1.0,1.0,,,1.0,0.8571428571428571,,,0,0,0,False,False,2958,2,,,False,False
001-187686,34,light,1.0003,1.0,1.0,1.0,1.0,1.0,0.5192307692307693,0.9444444444444444,,,0,0,0,False,False,10204,1,,2040,False,False
001-187686,34,medium,1.0141,1.0,1.0,1.0,1.0,1.0,0.5384615384615384,0.8888888888888888,,,0,0,0,False,False,10204,1,,2039,False,False
001-187686,34,heavy,0.9982,1.0,1.0,1.0,1.0,1.0,0.5192307692307693,0.8703703703703703,,,0,0,0,False,False,10204,1,,2013,False,False
001-187818,34,light,1.0021,1.0,0.9111111111111111,0.8857142857142857,0.5454545454545454,0.5,0.6808510638297872,0.9782608695652174,0515491.7114419 1342.0927627 3421.3425007 3421.3430 65717 571-12-26 605-08-28 656-06-06 656-12-14,1.34 1.71 144 15.49 2.09 250 56.3 657 71.13,9,1,1,False,False,14028,1,0.6538,3141,False,False
001-187818,34,medium,0.9807,1.0,0.9111111111111111,0.8857142857142857,0.5454545454545454,0.5,0.6702127659574468,0.9347826086956522,0515491.7114419 1342.0927627 3421.3425007 3421.3430 65717 571-12-26 605-08-28 656-06-06 656-12-14,1.34 1.71 144 15.4 2.09 2500 56.3 657 71.1,9,1,1,False,False,14028,1,0.6538,3073,False,False
001-187818,34,heavy,0.9895,1.0,0.9111111111111111,0.8857142857142857,0.5454545454545454,0.5,0.6808510638297872,0.8695652173913043,0515491.7114419 1342.0927627 3421.3425007 3421.3430 65717 571-12-26 605-08-28 656-06-06 656-12-14,1.34 1.71 144 15.4 2.09 500 56.3 657 71.1,9,1,1,False,False,14028,1,0.6538,3089,False,False
001-187923,8,light,0.9963,1.0,1.0,1.0,1.0,1.0,0.5416666666666666,1.0,,,0,0,0,False,False,4332,1,,991,False,False
001-187923,8,medium,1.0143,1.0,1.0,1.0,1.0,1.0,0.5416666666666666,0.9761904761904762,,,0,0,0,False,False,4332,1,,991,False,False
001-187923,8,heavy,0.9905,1.0,1.0,1.0,1.0,1.0,0.5416666666666666,1.0,,,0,0,0,False,False,4332,1,,972,False,False
001-187931,8,light,0.9862,1.0,1.0,1.0,1.0,1.0,0.9791666666666666,0.98,,,0,0,0,False,False,3135,8,,,False,False
001-187931,8,medium,0.9941,1.0,1.0,1.0,1.0,1.0,0.9791666666666666,0.96,,,0,0,0,False,False,3135,8,,,False,False
001-187931,8,heavy,1.0042,1.0,1.0,1.0,1.0,1.0,0.9166666666666666,0.96,,,0,0,0,False,False,3135,8,,,False,False
001-188360,P1-1,light,0.9872,1.0,1.0,1.0,1.0,1.0,1.0,1.0,,,0,0,0,False,False,5025,5,,,False,False
001-188360,P1-1,medium,0.9624,1.0,1.0,1.0,1.0,1.0,0.9868421052631579,1.0,,,0,0,0,False,False,5025,5,,,False,False
001-188360,P1-1,heavy,0.9673,1.0,1.0,1.0,1.0,1.0,0.9868421052631579,1.0,,,0,0,0,False,False,5025,5,,,False,False
001-188374,8,light,0.981,1.0,0.9743589743589743,1.0,0.75,0.75,0.5116279069767442,1.0,9.00,,0,2,2,False,False,7327,1,,1667,False,False
001-188374,8,medium,0.9797,1.0,0.9230769230769231,1.0,0.75,0.75,0.5116279069767442,1.0,9.00,,0,2,1,False,False,7327,1,,1637,False,False
001-188374,8,heavy,0.9825,1.0,0.9743589743589743,1.0,1.0,1.0,0.5116279069767442,0.9574468085106383,,,0,2,1,False,False,7327,1,,1648,False,False
001-188382,34,light,0.9898,1.0,1.0,1.0,1.0,1.0,0.4936708860759494,0.953125,,,0,0,0,False,False,13172,1,1.0,2827,False,False
001-188382,34,medium,0.9857,1.0,1.0,1.0,1.0,1.0,0.5443037974683544,0.984375,,,0,0,0,False,False,13172,1,1.0,2764,False,False
001-188382,34,heavy,1.0027,1.0,1.0,1.0,1.0,1.0,0.5443037974683544,0.984375,,,0,0,0,False,False,13172,1,1.0,2796,False,False
001-188991,14,light,0.9893,1.0,1.0,1.0,1.0,1.0,0.9930555555555556,0.975609756097561,,,0,6,5,False,False,4092,13,,,False,False
001-188991,14,medium,0.9692,1.0,1.0,1.0,1.0,1.0,0.9930555555555556,0.9146341463414634,,,0,6,5,False,False,4092,13,,,False,False
001-188991,14,heavy,0.9735,1.0,1.0,1.0,1.0,1.0,1.0,0.9146341463414634,,,0,6,5,False,False,4092,13,,,False,False
001-188997,7,light,0.9843,1.0,1.0,1.0,1.0,1.0,0.975,0.975,,,0,2,3,False,False,6073,8,,,False,False
001-188997,7,medium,0.9781,1.0,0.95,0.9411764705882353,0.967741935483871,1.0,0.9333333333333333,0.9625,2016-04-26,2012,1,2,3,False,False,6073,8,,,False,False
001-188997,7,heavy,0.9823,1.0,1.0,1.0,0.967741935483871,1.0,0.9666666666666667,0.9625,,,0,2,3,False,False,6073,8,,,False,False
001-189092,6,light,1.0341,1.0,1.0,1.0,,,1.0,0.9210526315789473,,,0,0,0,False,False,2984,2,,,False,False
001-189092,6,medium,1.0306,1.0,1.0,1.0,,,0.8947368421052632,0.8421052631578947,,,0,0,0,False,False,2984,2,,,False,False
001-189092,6,heavy,1.0187,1.0,1.0,1.0,,,0.8947368421052632,0.8947368421052632,,,0,0,0,False,False,2984,2,,,False,False
001-189092,P1-1,light,0.9985,1.0,1.0,1.0,,,1.0,0.9210526315789473,,,0,0,0,False,False,2984,2,,,False,False
001-189092,P1-1,medium,1.024,1.0,1.0,1.0,,,1.0,0.868421052631579,,,0,0,0,False,False,2984,2,,,False,False
001-189092,P1-1,heavy,1.022,1.0,1.0,1.0,,,0.8947368421052632,0.8421052631578947,,,0,0,0,False,False,2984,2,,,False,False
001-189589,6,light,0.964,1.0,1.0,1.0,1.0,1.0,1.0,1.0,,,0,0,0,False,False,6362,2,,,False,False
001-189589,6,medium,0.9559,1.0,1.0,1.0,1.0,1.0,1.0,1.0,,,0,0,0,False,False,6362,2,,,False,False
001-189589,6,heavy,0.9799,1.0,1.0,1.0,1.0,1.0,1.0,1.0,,,0,0,0,False,False,6362,2,,,False,False
001-189621,2,light,0.9924,1.0,1.0,1.0,1.0,1.0,0.5,1.0,,2013-07-22,1,0,0,False,False,5916,1,,1287,False,False
001-189621,2,medium,0.9708,1.0,1.0,1.0,1.0,1.0,0.5,1.0,,2013-07-22,1,0,0,False,False,5916,1,,1242,False,False
001-189621,2,heavy,0.9613,1.0,1.0,1.0,1.0,1.0,0.5,1.0,,2013-07-22,1,0,0,False,False,5916,1,,1227,False,False
001-189740,34,light,0.9871,1.0,1.0,1.0,1.0,1.0,0.6216216216216216,0.9787234042553191,,,0,0,0,False,False,12727,1,1.0,2621,False,False
001-189740,34,medium,0.9797,1.0,1.0,1.0,1.0,1.0,0.581081081081081,0.851063829787234,,,0,0,0,False,False,12727,1,1.0,2569,False,False
001-189740,34,heavy,0.978,1.0,1.0,1.0,1.0,1.0,0.581081081081081,0.9787234042553191,,,0,0,0,False,False,12727,1,1.0,2545,False,False
001-189741,6,light,0.9685,1.0,1.0,1.0,1.0,1.0,1.0,0.972972972972973,,,0,0,0,False,False,2774,2,,,False,False
001-189741,6,medium,0.953,1.0,1.0,1.0,1.0,1.0,1.0,0.972972972972973,,,0,0,0,False,False,2774,2,,,False,False
001-189741,6,heavy,0.9328,1.0,1.0,1.0,1.0,1.0,1.0,0.972972972972973,,,0,0,0,False,False,2774,2,,,False,False
001-189786,13,light,0.9673,1.0,1.0,1.0,1.0,1.0,1.0,1.0,,,0,3,3,False,False,3966,3,,,False,False
001-189786,13,medium,0.9655,1.0,0.9285714285714286,1.0,1.0,1.0,1.0,0.9302325581395349,,,0,3,1,False,False,3966,3,,,False,False
001-189786,13,heavy,0.9637,1.0,0.9285714285714286,1.0,1.0,1.0,1.0,0.9767441860465116,,,0,3,2,False,False,3966,3,,,False,False
001-189786,6,light,0.972,1.0,1.0,1.0,1.0,1.0,1.0,1.0,,,0,3,3,False,False,3966,3,,,False,False
001-189786,6,medium,0.9595,1.0,0.9285714285714286,1.0,1.0,1.0,1.0,0.9302325581395349,,,0,3,1,False,False,3966,3,,,False,False
001-189786,6,heavy,0.9576,1.0,0.9285714285714286,1.0,1.0,1.0,1.0,0.9302325581395349,,,0,3,1,False,False,3966,3,,,False,False
001-189795,P1-1,light,0.9784,1.0,1.0,1.0,1.0,1.0,1.0,1.0,,,0,1,1,False,False,3414,4,,,False,False
001-189795,P1-1,medium,0.9784,1.0,1.0,1.0,1.0,1.0,1.0,1.0,,,0,1,1,False,False,3414,4,,,False,False
001-189795,P1-1,heavy,0.9808,1.0,1.0,1.0,1.0,1.0,1.0,1.0,,,0,1,0,False,False,3414,4,,,False,False
001-190020,34,light,0.9689,1.0,1.0,1.0,1.0,1.0,0.5384615384615384,0.9850746268656716,,,0,0,0,False,False,8541,1,,1768,False,False
001-190020,34,medium,0.9422,1.0,1.0,1.0,1.0,1.0,0.5384615384615384,0.9850746268656716,,,0,0,0,False,False,8541,1,,1726,False,False
001-190020,34,heavy,0.9422,1.0,1.0,1.0,1.0,1.0,0.5192307692307693,0.9552238805970149,,,0,0,0,False,False,8541,1,,1727,False,False
001-190025,13,light,0.9701,1.0,1.0,1.0,1.0,1.0,0.48120300751879697,1.0,,,0,0,0,False,False,26022,1,1.0,5475,False,False
001-190025,13,medium,0.952,1.0,0.9900990099009901,0.987012987012987,1.0,1.0,0.48120300751879697,1.0,2013-07-05,,0,0,0,False,False,26022,1,1.0,5297,False,False
001-190025,13,heavy,0.9563,1.0,1.0,1.0,1.0,1.0,0.48120300751879697,1.0,,,0,0,0,False,False,26022,1,1.0,5316,False,False
001-191359,34,light,1.0234,1.0,1.0,1.0,,,0.5,0.96875,,,0,0,0,False,False,2979,2,,,False,False
001-191359,34,medium,0.9808,1.0,1.0,1.0,,,0.5,0.921875,,,0,0,0,False,False,2979,2,,,False,False
001-191359,34,heavy,0.9595,1.0,1.0,1.0,,,0.5,0.953125,,,0,0,0,False,False,2979,2,,,False,False
001-191369,P4-2,light,1.0189,1.0,1.0,1.0,,,0.5555555555555556,1.0,,,0,0,0,False,False,1586,1,,390,False,False
001-191369,P4-2,medium,1.0158,1.0,1.0,1.0,,,0.5555555555555556,0.8333333333333334,,,0,0,0,False,False,1586,1,,381,False,False
001-191369,P4-2,heavy,1.0013,1.0,1.0,1.0,,,0.5555555555555556,0.9,,,0,0,0,False,False,1586,1,,385,False,False
001-191487,5,light,0.9917,1.0,1.0,1.0,1.0,1.0,0.9896373056994818,1.0,,,0,5,4,False,False,10378,7,,,False,False
001-191487,5,medium,1.0008,1.0,1.0,1.0,0.7857142857142857,0.6785714285714286,0.8756476683937824,0.9866666666666667,002 028 035 047 049 057 058 152 348,,0,5,5,False,False,10378,7,,,False,False
001-191487,5,heavy,0.9869,1.0,1.0,1.0,0.8333333333333334,0.75,0.9119170984455959,0.9866666666666667,002 028 035 047 049 057 058,,0,5,5,False,False,10378,7,,,False,False
001-191717,8,light,0.9925,1.0,1.0,1.0,1.0,1.0,0.631578947368421,0.9705882352941176,,,0,0,0,False,False,2531,1,,588,False,False
001-191717,8,medium,1.0142,1.0,1.0,1.0,1.0,1.0,0.631578947368421,1.0,,,0,0,0,False,False,2531,1,,586,False,False
001-191717,8,heavy,1.0087,1.0,1.0,1.0,1.0,1.0,0.631578947368421,0.9117647058823529,,,0,0,0,False,False,2531,1,,580,False,False
001-191721,3,light,0.9984,1.0,1.0,1.0,1.0,1.0,0.9975728155339806,1.0,,,0,6,6,False,True,14009,13,1.0,,False,False
001-191721,3,medium,0.9971,1.0,0.968,0.9714285714285714,0.975,0.9883720930232558,0.9684466019417476,0.9791666666666666,038 2014-03-27 2016-04-18 2018-07-25,,0,6,1,False,True,14009,13,1.0,,False,False
001-191721,3,heavy,0.9944,1.0,1.0,1.0,0.99375,0.9883720930232558,0.9805825242718447,0.90625,038,,0,6,1,False,True,14009,13,1.0,,False,False
001-192202,P7-4,light,0.9798,1.0,1.0,1.0,1.0,1.0,1.0,0.9848484848484849,,,0,15,14,False,False,3361,7,,,False,False
001-192202,P7-4,medium,0.9419,1.0,1.0,1.0,0.972972972972973,0.9444444444444444,0.9894736842105263,0.9848484848484849,100,100000,1,15,8,False,False,3361,7,,,False,False
001-192202,P7-4,heavy,0.9507,1.0,1.0,1.0,1.0,1.0,1.0,0.9545454545454546,,,0,15,10,False,False,3361,7,,,False,False
001-192424,10,light,0.9973,1.0,1.0,1.0,1.0,1.0,0.92,1.0,,,0,0,0,False,False,5365,3,,,False,False
001-192424,10,medium,1.0034,1.0,1.0,1.0,1.0,1.0,0.92,0.9354838709677419,,,0,0,0,False,False,5365,3,,,False,False
001-192424,10,heavy,1.0389,1.0,1.0,1.0,1.0,1.0,0.92,0.9354838709677419,,,0,0,0,False,False,5365,3,,,False,False
001-192787,6,light,0.9863,1.0,1.0,1.0,1.0,1.0,0.9846153846153847,0.9852941176470589,,,0,2,2,False,False,6405,7,,,False,False
001-192787,6,medium,0.9554,1.0,1.0,1.0,1.0,1.0,1.0,0.9852941176470589,,,0,2,1,False,False,6405,7,,,False,False
001-192787,6,heavy,0.963,1.0,1.0,1.0,1.0,1.0,1.0,0.9852941176470589,,,0,2,2,False,False,6405,7,,,False,False
001-192892,P1-1,light,1.0101,1.0,1.0,1.0,,,1.0,0.9814814814814815,,,0,0,0,False,False,2943,2,,,False,False
001-192892,P1-1,medium,1.045,1.0,1.0,1.0,,,1.0,0.7592592592592593,,,0,0,0,False,False,2943,2,,,False,False
001-192892,P1-1,heavy,0.9799,1.0,1.0,1.0,,,1.0,0.7962962962962963,,,0,0,0,False,False,2943,2,,,False,False
001-192983,P1-1,light,0.9944,1.0,1.0,1.0,1.0,1.0,1.0,1.0,,,0,0,0,False,False,5554,3,,,False,False
001-192983,P1-1,medium,0.9828,1.0,1.0,1.0,1.0,1.0,1.0,1.0,,,0,0,0,False,False,5554,3,,,False,False
001-192983,P1-1,heavy,0.9873,1.0,1.0,1.0,1.0,1.0,1.0,0.96,,,0,0,0,False,False,5554,3,,,False,False
001-192985,8,light,0.983,1.0,1.0,1.0,1.0,1.0,1.0,1.0,,,0,1,1,False,False,2869,6,,,False,False
001-192985,8,medium,0.9831,1.0,1.0,1.0,1.0,1.0,1.0,0.8928571428571429,,,0,1,0,False,False,2869,6,,,False,False
001-192985,8,heavy,0.9786,1.0,1.0,1.0,1.0,1.0,1.0,0.9821428571428571,,,0,1,1,False,False,2869,6,,,False,False
001-192995,3,light,1.0007,1.0,1.0,1.0,,,0.2,0.9642857142857143,,,0,0,0,False,False,1504,1,,383,False,False
001-192995,3,medium,1.0299,1.0,1.0,1.0,,,0.2,0.9285714285714286,,,0,0,0,False,False,1504,1,,382,False,False
001-192995,3,heavy,0.9973,1.0,1.0,1.0,,,0.2,0.8571428571428571,,,0,0,0,False,False,1504,1,,380,False,False
001-193083,6,light,0.9594,1.0,1.0,1.0,1.0,1.0,1.0,1.0,,,0,2,2,False,False,9285,4,,,False,False
001-193083,6,medium,0.9516,1.0,1.0,1.0,0.9,0.9,0.9425287356321839,0.9787234042553191,11.00 3.00 8.00,,0,2,1,False,False,9285,4,,,False,False
001-193083,6,heavy,0.9489,1.0,1.0,1.0,1.0,1.0,0.9770114942528736,0.9787234042553191,,,0,2,1,False,False,9285,4,,,False,False
001-193251,6,light,0.9834,1.0,1.0,1.0,1.0,1.0,0.9964912280701754,1.0,,,0,11,10,False,False,7439,14,,,False,False
001-193251,6,medium,0.9475,1.0,0.9855072463768116,0.9821428571428571,1.0,1.0,0.9964912280701754,1.0,2008-03-17,,0,11,3,False,False,7439,14,,,False,False
001-193251,6,heavy,0.9601,1.0,0.9855072463768116,0.9821428571428571,1.0,1.0,0.9894736842105263,1.0,2008-03-17,,0,11,6,False,False,7439,14,,,False,False
001-193259,6,light,0.9688,1.0,1.0,1.0,1.0,1.0,0.984375,1.0,,,0,4,4,False,False,2960,8,,,False,False
001-193259,6,medium,0.9382,1.0,1.0,1.0,1.0,1.0,0.96875,0.9866666666666667,,2016-02-18,1,4,5,False,False,2960,8,,,False,False
001-193259,6,heavy,0.9427,1.0,1.0,1.0,1.0,1.0,0.984375,0.96,,,0,4,4,False,False,2960,8,,,False,False
001-193469,3,light,0.9888,1.0,1.0,1.0,1.0,1.0,0.5853658536585366,1.0,,,0,0,0,False,False,12362,1,1.0,2570,False,False
001-193469,3,medium,0.9311,1.0,1.0,1.0,1.0,1.0,0.5975609756097561,0.9782608695652174,,,0,0,0,False,False,12362,1,1.0,2429,False,False
001-193469,3,heavy,0.9361,1.0,1.0,1.0,1.0,1.0,0.5975609756097561,0.9347826086956522,,,0,0,0,False,False,12362,1,1.0,2435,False,False
001-193590,3,light,0.9903,1.0,1.0,1.0,1.0,1.0,1.0,0.9864864864864865,,,0,1,2,False,False,2833,8,,,False,False
001-193590,3,medium,1.0111,1.0,1.0,1.0,0.9473684210526315,1.0,0.9659090909090909,0.9594594594594594,,,0,1,2,False,False,2833,8,,,False,False
001-193590,3,heavy,1.0075,1.0,1.0,1.0,1.0,1.0,1.0,0.9594594594594594,,,0,1,2,False,False,2833,8,,,False,False
001-193870,6,light,1.0057,1.0,1.0,1.0,1.0,1.0,1.0,0.975,,,0,0,0,False,False,2798,1,,677,False,False
001-193870,6,medium,1.0157,1.0,1.0,1.0,1.0,1.0,1.0,0.975,,,0,0,0,False,False,2798,1,,678,False,False
001-193870,6,heavy,1.0089,1.0,1.0,1.0,1.0,1.0,1.0,0.975,,,0,0,0,False,False,2798,1,,672,False,False
001-193994,6,light,0.9962,1.0,1.0,1.0,0.9333333333333333,0.9230769230769231,0.6956521739130435,0.9848484848484849,1.4,,0,1,2,False,False,17021,1,1.0,3408,False,False
001-193994,6,medium,0.979,1.0,1.0,1.0,0.9333333333333333,0.9230769230769231,0.6782608695652174,0.9696969696969697,1.4,,0,1,3,False,False,17021,1,1.0,3311,False,False
001-193994,6,heavy,0.9686,1.0,1.0,1.0,0.9333333333333333,0.9230769230769231,0.7043478260869566,0.9696969696969697,1.4,,0,1,3,False,False,17021,1,1.0,3287,False,False
001-194001,6,light,0.9966,1.0,1.0,1.0,,,1.0,0.9375,,,0,0,0,False,False,2085,1,,523,False,False
001-194001,6,medium,1.0264,1.0,1.0,1.0,,,1.0,0.78125,,,0,0,0,False,False,2085,1,,516,False,False
001-194001,6,heavy,1.0499,1.0,1.0,1.0,,,1.0,0.78125,,,0,0,0,False,False,2085,1,,539,False,False
001-194106,8,light,0.9782,1.0,1.0,1.0,1.0,1.0,0.9859154929577465,1.0,,,0,0,0,False,False,5242,10,,,False,False
001-194106,8,medium,0.9794,1.0,1.0,1.0,1.0,1.0,0.9436619718309859,1.0,,,0,0,0,False,False,5242,10,,,False,False
001-194106,8,heavy,0.9679,1.0,1.0,1.0,1.0,1.0,0.971830985915493,0.90625,,,0,0,0,False,False,5242,10,,,False,False
001-194183,P1-1,light,0.986,1.0,1.0,1.0,1.0,1.0,0.5862068965517241,0.9821428571428571,,,0,1,1,False,False,11749,1,,2468,False,False
001-194183,P1-1,medium,0.9963,1.0,1.0,1.0,1.0,1.0,0.5747126436781609,0.8928571428571429,,,0,1,0,False,False,11749,1,,2477,False,False
001-194183,P1-1,heavy,0.9814,1.0,1.0,1.0,1.0,1.0,0.5862068965517241,0.8928571428571429,,,0,1,1,False,False,11749,1,,2455,False,False
001-194188,18,light,0.9894,1.0,1.0,1.0,0.9850746268656716,0.9787234042553191,0.7280701754385965,0.9905660377358491,20151,,0,2,2,False,True,50001,1,1.0,10304,False,False
001-194188,18,medium,0.9904,1.0,1.0,1.0,0.9850746268656716,0.9787234042553191,0.7105263157894737,0.9433962264150944,20151,,0,2,0,False,True,50001,1,1.0,10126,False,False
001-194188,18,heavy,0.9904,1.0,1.0,1.0,0.9850746268656716,0.9787234042553191,0.7339181286549707,0.9622641509433962,20151,,0,2,1,False,True,50001,1,1.0,10098,False,False
001-194240,3,light,0.9771,1.0,0.9655172413793104,1.0,1.0,1.0,1.0,0.9852941176470589,,,0,0,0,False,False,3834,6,,,False,False
001-194240,3,medium,1.0033,1.0,0.9310344827586207,0.9545454545454546,1.0,1.0,0.9523809523809523,0.9705882352941176,2009-10-14,,0,0,0,False,False,3834,6,,,False,False
001-194240,3,heavy,1.0107,1.0,1.0,1.0,1.0,1.0,0.9523809523809523,0.9558823529411765,,,0,0,0,False,False,3834,6,,,False,False
001-194241,6,light,0.9895,1.0,1.0,1.0,1.0,1.0,1.0,1.0,,,0,0,0,False,False,3845,3,,,False,False
001-194241,6,medium,0.9859,1.0,0.9166666666666666,0.9444444444444444,1.0,1.0,1.0,0.9791666666666666,2008-02-07,,0,0,0,False,False,3845,3,,,False,False
001-194241,6,heavy,1.001,1.0,1.0,1.0,1.0,1.0,1.0,0.9375,,,0,0,0,False,False,3845,3,,,False,False
001-194303,3,light,1.0139,1.0,1.0,1.0,1.0,1.0,0.6666666666666666,0.9166666666666666,,,0,0,0,False,False,2667,1,,685,False,False
001-194303,3,medium,1.1155,1.0,1.0,1.0,1.0,1.0,0.5714285714285714,0.8055555555555556,,,0,0,0,False,False,2667,1,,702,False,False
001-194303,3,heavy,1.0611,1.0,1.0,1.0,1.0,1.0,0.6666666666666666,0.8888888888888888,,,0,0,0,False,False,2667,1,,704,False,False
001-195540,6,light,0.987,1.0,1.0,1.0,1.0,1.0,0.9902912621359223,1.0,,,0,2,2,False,False,2814,8,,,False,False
001-195540,6,medium,1.0522,1.0,1.0,1.0,1.0,1.0,0.941747572815534,0.975609756097561,,,0,2,5,False,False,2814,8,,,False,False
001-195540,6,heavy,1.0559,1.0,1.0,1.0,1.0,1.0,0.9611650485436893,0.975609756097561,,,0,2,3,False,False,2814,8,,,False,False
001-195861,6,light,1.0295,1.0,1.0,1.0,1.0,1.0,1.0,0.9791666666666666,,,0,0,0,False,False,2924,2,,,False,False
001-195861,6,medium,1.0278,1.0,1.0,1.0,1.0,1.0,1.0,0.75,,,0,0,0,False,False,2924,2,,,False,False
001-195861,6,heavy,0.9875,1.0,1.0,1.0,1.0,1.0,1.0,0.8541666666666666,,,0,0,0,False,False,2924,2,,,False,False
001-195869,13,light,1.028,1.0,1.0,1.0,,,1.0,0.8387096774193549,,,0,0,0,False,False,1609,1,,397,False,False
001-195869,13,medium,1.0062,1.0,1.0,1.0,,,1.0,0.8064516129032258,,,0,0,0,False,False,1609,1,,384,False,False
001-195869,13,heavy,1.0498,1.0,1.0,1.0,,,1.0,0.8064516129032258,,,0,0,0,False,False,1609,1,,403,False,False
001-195909,8,light,0.9817,1.0,1.0,1.0,1.0,1.0,1.0,1.0,,,0,2,2,False,True,5492,18,,,False,False
001-195909,8,medium,0.9819,0.5,0.9661016949152542,0.9811320754716981,0.9473684210526315,0.9166666666666666,0.9777777777777777,0.9785714285714285,1.5 2009-09-01,,0,2,2,False,True,5492,18,,,False,False
001-195909,8,heavy,0.9917,1.0,1.0,1.0,1.0,1.0,0.9851851851851852,0.9857142857142858,,,0,2,2,False,True,5492,18,,,False,False
001-196149,6,light,0.9885,1.0,1.0,1.0,1.0,1.0,0.9887640449438202,1.0,,,0,3,3,False,False,6881,9,,,False,False
001-196149,6,medium,0.9763,1.0,1.0,1.0,1.0,1.0,0.9775280898876404,0.9696969696969697,,,0,3,3,False,False,6881,9,,,False,False
001-196149,6,heavy,0.9662,1.0,1.0,1.0,1.0,1.0,0.9887640449438202,0.9848484848484849,,,0,3,2,False,False,6881,9,,,False,False
001-196152,3,light,0.994,1.0,1.0,1.0,1.0,1.0,1.0,0.9916666666666667,,,0,2,0,False,False,3000,19,,,False,False
001-196152,3,medium,0.9965,1.0,0.9607843137254902,0.975609756097561,1.0,1.0,1.0,0.9833333333333333,2012-03-29,,0,2,2,False,False,3000,19,,,False,False
001-196152,3,heavy,0.9999,1.0,1.0,1.0,1.0,1.0,1.0,0.9833333333333333,,,0,2,2,False,False,3000,19,,,False,False
001-196421,P1-1,light,0.9843,1.0,1.0,1.0,1.0,1.0,1.0,0.9605263157894737,,,0,4,4,False,False,4029,11,,,False,False
001-196421,P1-1,medium,0.9685,1.0,0.9523809523809523,1.0,1.0,1.0,1.0,0.9605263157894737,,,0,4,3,False,False,4029,11,,,False,False
001-196421,P1-1,heavy,0.9684,1.0,0.9761904761904762,1.0,1.0,1.0,1.0,0.9605263157894737,,,0,4,3,False,False,4029,11,,,False,False
001-196423,8,light,0.9958,1.0,1.0,1.0,0.9807692307692307,1.0,0.9838709677419355,0.9876543209876543,,2007-03-14,1,4,4,False,False,8789,11,,,False,False
001-196423,8,medium,1.0141,1.0,1.0,1.0,0.9807692307692307,1.0,0.9758064516129032,0.9382716049382716,,2007-03-14 2008-06-05,2,4,3,False,False,8789,11,,,False,False
001-196423,8,heavy,1.0038,1.0,1.0,1.0,0.9807692307692307,1.0,0.9758064516129032,0.9382716049382716,,2007-03-14 2008-06-05,2,4,3,False,False,8789,11,,,False,False
001-196600,13,light,1.0269,1.0,1.0,1.0,,,0.7142857142857143,1.0,,,0,0,0,False,False,1968,1,,518,False,False
001-196600,13,medium,1.0839,1.0,1.0,1.0,,,0.6428571428571429,0.9090909090909091,,,0,0,0,False,False,1968,1,,503,False,False
001-196600,13,heavy,1.0117,1.0,1.0,1.0,,,0.7142857142857143,0.8181818181818182,,,0,0,0,False,False,1968,1,,504,False,False
001-196680,6,light,0.9789,1.0,1.0,1.0,1.0,1.0,1.0,0.9868421052631579,,,0,11,11,False,False,9478,10,,,False,False
001-196680,6,medium,0.9604,1.0,1.0,1.0,1.0,1.0,0.9813084112149533,0.9342105263157895,,,0,11,4,False,False,9478,10,,,False,False
001-196680,6,heavy,0.9758,1.0,1.0,1.0,1.0,1.0,0.9719626168224299,0.9473684210526315,,,0,11,8,False,False,9478,10,,,False,False
001-196682,3,light,1.0284,1.0,1.0,1.0,1.0,1.0,0.6,0.95,,2.6 3.1 3.5,3,0,0,False,False,2866,2,,,False,False
001-196682,3,medium,1.0602,1.0,1.0,1.0,1.0,1.0,0.48,0.9,,2.6 3.1 3.5,3,0,0,False,False,2866,2,,,False,False
001-196682,3,heavy,1.02,1.0,1.0,1.0,1.0,1.0,0.84,0.825,,,0,0,0,False,False,2866,2,,,False,False
001-196836,5,light,0.9823,1.0,1.0,1.0,1.0,1.0,1.0,1.0,,,0,4,5,False,False,8442,6,,,False,False
001-196836,5,medium,0.9532,1.0,1.0,1.0,1.0,1.0,0.9882352941176471,1.0,,,0,4,1,False,False,8442,6,,,False,False
001-196836,5,heavy,0.9517,1.0,1.0,1.0,1.0,1.0,0.9882352941176471,0.9066666666666666,,,0,4,2,False,False,8442,6,,,False,False
001-196879,6,light,0.9824,1.0,1.0,1.0,1.0,1.0,1.0,1.0,,,0,1,1,False,False,1750,2,,,False,False
001-196879,6,medium,1.0261,1.0,1.0,1.0,1.0,1.0,0.9444444444444444,1.0,,,0,1,1,False,False,1750,2,,,False,False
001-196879,6,heavy,1.0151,1.0,1.0,1.0,1.0,1.0,0.9444444444444444,1.0,,,0,1,1,False,False,1750,2,,,False,False
001-196887,6,light,0.974,1.0,1.0,1.0,1.0,1.0,1.0,1.0,,,0,1,1,False,False,4256,5,,,False,False
001-196887,6,medium,0.9869,1.0,1.0,1.0,1.0,1.0,0.9772727272727273,0.9761904761904762,,,0,1,0,False,False,4256,5,,,False,False
001-196887,6,heavy,0.9857,1.0,1.0,1.0,1.0,1.0,0.9545454545454546,0.9761904761904762,,,0,1,1,False,False,4256,5,,,False,False
001-196893,5,light,0.9704,1.0,1.0,1.0,1.0,1.0,0.3333333333333333,1.0,,,0,0,0,False,False,5095,1,,1082,False,False
001-196893,5,medium,0.9855,1.0,1.0,1.0,1.0,1.0,0.3333333333333333,1.0,,,0,0,0,False,False,5095,1,,1098,False,False
001-196893,5,heavy,0.9633,1.0,1.0,1.0,1.0,1.0,0.3333333333333333,1.0,,,0,0,0,False,False,5095,1,,1072,False,False
001-196897,14,light,0.9923,1.0,1.0,1.0,1.0,1.0,0.990521327014218,1.0,,2.11,1,1,1,False,False,2999,18,,,False,False
001-196897,14,medium,1.0008,1.0,1.0,1.0,0.9482758620689655,0.9459459459459459,0.9478672985781991,0.9827586206896551,147 2008,2.11 4.6,2,1,0,False,False,2999,18,,,False,False
001-196897,14,heavy,0.999,1.0,1.0,1.0,0.9827586206896551,0.972972972972973,0.985781990521327,0.9051724137931034,147,2.11,1,1,0,False,False,2999,18,,,False,False
001-197215,P12-1,light,0.9925,1.0,1.0,1.0,1.0,1.0,0.984375,0.9642857142857143,,,0,0,0,False,False,3000,12,,,False,False
001-197215,P12-1,medium,0.9976,1.0,1.0,1.0,0.9824561403508771,1.0,0.9791666666666666,0.9196428571428571,,,0,0,1,False,False,3000,12,,,False,False
001-197215,P12-1,heavy,1.004,1.0,1.0,1.0,1.0,1.0,0.984375,0.8571428571428571,,,0,0,1,False,False,3000,12,,,False,False
001-198472,8,light,0.9684,1.0,1.0,1.0,1.0,1.0,0.9811320754716981,0.9726027397260274,,,0,3,3,False,False,5726,3,,,False,False
001-198472,8,medium,0.9516,1.0,0.9375,1.0,0.9230769230769231,1.0,0.9245283018867925,0.9452054794520548,,,0,3,2,False,False,5726,3,,,False,False
001-198472,8,heavy,0.9589,1.0,1.0,1.0,0.9230769230769231,1.0,0.9245283018867925,0.9726027397260274,,,0,3,2,False,False,5726,3,,,False,False
001-198485,34,light,0.9829,1.0,1.0,1.0,0.9523809523809523,0.9411764705882353,0.4825174825174825,0.9375,1.8,,0,0,1,False,False,29526,1,1.0,6057,False,False
001-198485,34,medium,0.9655,1.0,1.0,1.0,0.9523809523809523,0.9411764705882353,0.4825174825174825,0.9375,1.8,,0,0,2,False,False,29526,1,1.0,5953,False,False
001-198485,34,heavy,0.9584,1.0,1.0,1.0,0.9523809523809523,0.9411764705882353,0.48951048951048953,0.90625,1.8,,0,0,2,False,False,29526,1,1.0,5908,False,False
001-198718,6,light,0.9897,1.0,1.0,1.0,1.0,1.0,1.0,1.0,,,0,1,1,False,False,2999,1,,692,False,False
001-198718,6,medium,0.9807,1.0,1.0,1.0,1.0,1.0,1.0,1.0,,,0,1,1,False,False,2999,1,,684,False,False
001-198718,6,heavy,1.0007,1.0,1.0,1.0,1.0,1.0,1.0,1.0,,,0,1,1,False,False,2999,1,,692,False,False
001-198882,6,light,0.9677,1.0,1.0,1.0,1.0,1.0,0.34146341463414637,1.0,,,0,3,1,False,False,7711,1,,1653,False,False
001-198882,6,medium,0.9729,1.0,1.0,1.0,1.0,1.0,0.34146341463414637,0.88,,,0,3,1,False,False,7711,1,,1641,False,False
001-198882,6,heavy,1.0038,1.0,1.0,1.0,1.0,1.0,0.34146341463414637,0.88,,,0,3,0,False,False,7711,1,,1686,False,False
001-198884,3,light,0.9786,1.0,1.0,1.0,1.0,1.0,0.46774193548387094,0.9761904761904762,,,0,0,0,False,False,11627,1,,2363,False,False
001-198884,3,medium,0.9728,1.0,1.0,1.0,1.0,1.0,0.46774193548387094,0.9285714285714286,,,0,0,0,False,False,11627,1,,2315,False,False
001-198884,3,heavy,0.9763,1.0,1.0,1.0,1.0,1.0,0.46774193548387094,0.9285714285714286,,,0,0,0,False,False,11627,1,,2324,False,False
001-198885,P1-1,light,0.974,1.0,1.0,1.0,1.0,1.0,1.0,1.0,,,0,1,1,False,False,6146,4,,,False,False
001-198885,P1-1,medium,0.978,1.0,1.0,1.0,1.0,1.0,1.0,0.9722222222222222,,,0,1,1,False,False,6146,4,,,False,False
001-198885,P1-1,heavy,0.9563,1.0,1.0,1.0,1.0,1.0,1.0,0.9583333333333334,,,0,1,1,False,False,6146,4,,,False,False
001-199168,2,light,0.9877,1.0,1.0,1.0,1.0,1.0,0.4074074074074074,0.9464285714285714,,,0,1,1,False,False,11582,1,,2489,False,False
001-199168,2,medium,0.9636,1.0,1.0,1.0,1.0,1.0,0.4074074074074074,0.9285714285714286,,,0,1,1,False,False,11582,1,,2387,False,False
001-199168,2,heavy,0.9355,1.0,1.0,1.0,1.0,1.0,0.4074074074074074,0.9285714285714286,,,0,1,1,False,False,11582,1,,2333,False,False
001-199173,34,light,0.9686,1.0,1.0,1.0,1.0,1.0,0.6037735849056604,1.0,,,0,0,0,False,False,10623,1,,2159,False,False
001-199173,34,medium,0.9616,1.0,0.967741935483871,1.0,1.0,1.0,0.6037735849056604,1.0,,,0,0,0,False,False,10623,1,,2113,False,False
001-199173,34,heavy,1.0029,1.0,1.0,1.0,1.0,1.0,0.6037735849056604,0.9591836734693877,,,0,0,0,False,False,10623,1,,2192,False,False
001-199173,5,light,0.9715,1.0,1.0,1.0,1.0,1.0,0.6037735849056604,0.9591836734693877,,,0,0,0,False,False,10623,1,,2160,False,False
001-199173,5,medium,0.9927,1.0,0.967741935483871,1.0,1.0,1.0,0.6037735849056604,0.9387755102040817,,,0,0,0,False,False,10623,1,,2166,False,False
001-199173,5,heavy,1.0111,1.0,0.967741935483871,1.0,1.0,1.0,0.6037735849056604,0.9591836734693877,,,0,0,0,False,False,10623,1,,2226,False,False
001-199381,8,light,0.9863,1.0,1.0,1.0,1.0,1.0,0.9238095238095239,0.9824561403508771,,,0,1,1,False,False,18624,7,,,False,False
001-199381,8,medium,0.9381,1.0,1.0,1.0,1.0,1.0,0.9523809523809523,0.9473684210526315,,,0,1,0,False,False,18624,7,,,False,False
001-199381,8,heavy,0.9497,1.0,1.0,1.0,1.0,1.0,0.9523809523809523,0.9473684210526315,,,0,1,0,False,False,18624,7,,,False,False
001-199382,8,light,0.9764,1.0,1.0,1.0,1.0,1.0,0.9310344827586207,1.0,,,0,2,1,False,False,13548,5,,,False,False
001-199382,8,medium,0.9522,1.0,1.0,1.0,1.0,1.0,0.8620689655172413,0.9583333333333334,,,0,2,0,False,False,13548,5,,,False,False
001-199382,8,heavy,0.967,1.0,1.0,1.0,1.0,1.0,0.896551724137931,0.9722222222222222,,,0,2,0,False,False,13548,5,,,False,False
001-200209,P1-1,light,1.0077,1.0,1.0,1.0,0.85,1.0,0.7708333333333334,1.0,,,0,0,0,False,False,3788,1,,953,False,False
001-200209,P1-1,medium,1.0267,1.0,1.0,1.0,0.9,1.0,0.7916666666666666,0.94,,,0,0,0,False,False,3788,1,,955,False,False
001-200209,P1-1,heavy,1.0177,1.0,1.0,1.0,0.8,1.0,0.75,0.96,,,0,0,0,False,False,3788,1,,944,False,False
001-200213,34,light,0.9784,1.0,1.0,1.0,1.0,1.0,0.6,0.9795918367346939,,,0,0,0,False,False,5323,1,,1221,False,False
001-200213,34,medium,0.9966,1.0,1.0,1.0,1.0,1.0,0.6,0.9591836734693877,,,0,0,0,False,False,5323,1,,1228,False,False
001-200213,34,heavy,0.9853,1.0,1.0,1.0,1.0,1.0,0.6,0.9591836734693877,,,0,0,0,False,False,5323,1,,1227,False,False
001-200214,3,light,1.0618,1.0,1.0,1.0,1.0,1.0,0.9635036496350365,1.0,,,0,0,0,False,False,2333,7,,,False,False
001-200214,3,medium,1.1517,0.75,1.0,1.0,1.0,1.0,0.5036496350364964,0.9772727272727273,,2006-04-08 2006-04-13 2006-06-18 2006-06-20 2007-04-24 2007-04-25 2007-04-27 2007-04-28 2007-04-29 2007-05-07 2007-05-08 2007-05-21 2007-06-18 2008-01-28 2008-01-30 2008-02-01 2008-02-28 2008-10-20 2009-02-24 2009-08-18,21,0,0,False,False,2333,7,,,False,False
001-200214,3,heavy,1.1143,1.0,1.0,1.0,1.0,1.0,0.9379562043795621,0.9318181818181818,,,0,0,0,False,False,2333,7,,,False,False
001-200434,6,light,0.9711,1.0,1.0,1.0,1.0,1.0,1.0,1.0,,,0,0,0,False,False,3960,3,,,False,False
001-200434,6,medium,0.9394,1.0,1.0,1.0,1.0,1.0,1.0,0.9583333333333334,,,0,0,1,False,False,3960,3,,,False,False
001-200434,6,heavy,0.9595,1.0,1.0,1.0,1.0,1.0,1.0,0.9583333333333334,,,0,0,1,False,False,3960,3,,,False,False
001-200450,P1-1,light,0.9953,1.0,1.0,1.0,0.9722222222222222,0.9655172413793104,0.9272727272727272,1.0,0.08,0.0008,1,4,4,False,False,3354,5,,,False,False
001-200450,P1-1,medium,0.9792,1.0,0.9545454545454546,0.9444444444444444,1.0,1.0,0.9272727272727272,0.9591836734693877,1964-05-16,,0,4,4,False,False,3354,5,,,False,False
001-200450,P1-1,heavy,1.0042,1.0,1.0,1.0,1.0,1.0,0.9272727272727272,1.0,,,0,4,3,False,False,3354,5,,,False,False
001-200547,2,light,0.9886,1.0,0.9791666666666666,0.9761904761904762,1.0,1.0,0.9896907216494846,1.0,2006-05-05,,0,0,0,False,True,4390,19,,,False,False
001-200547,2,medium,0.9892,1.0,0.9583333333333334,0.9523809523809523,0.9230769230769231,0.9166666666666666,0.9690721649484536,0.9801980198019802,11.00 4.20 2006-05-05 2009-05-05,,0,0,0,False,True,4390,19,,,False,False
001-200547,2,heavy,0.9965,1.0,0.9583333333333334,0.9523809523809523,1.0,1.0,0.9896907216494846,0.9900990099009901,2006-05-05 2009-05-05,,0,0,0,False,True,4390,19,,,False,False
001-200709,5,light,1.0273,1.0,1.0,1.0,,,0.7272727272727273,0.9615384615384616,,,0,0,0,False,False,1430,1,,382,False,False
001-200709,5,medium,1.0483,1.0,1.0,1.0,,,0.7272727272727273,0.9615384615384616,,,0,0,0,False,False,1430,1,,378,False,False
001-200709,5,heavy,1.0511,1.0,1.0,1.0,,,0.7272727272727273,0.8846153846153846,,,0,0,0,False,False,1430,1,,387,False,False
001-200815,6,light,1.008,1.0,1.0,1.0,1.0,1.0,1.0,1.0,,,0,0,0,False,False,2528,3,,,False,False
001-200815,6,medium,0.9855,1.0,1.0,1.0,0.8333333333333334,1.0,0.9375,0.9302325581395349,,,0,0,0,False,False,2528,3,,,False,False
001-200815,6,heavy,0.9983,1.0,1.0,1.0,0.8333333333333334,1.0,0.9375,0.9302325581395349,,,0,0,0,False,False,2528,3,,,False,False
001-201139,6,light,1.0233,1.0,1.0,1.0,,,1.0,1.0,,,0,0,0,False,False,2963,2,,,False,False
001-201139,6,medium,1.1559,1.0,1.0,1.0,,,1.0,0.8055555555555556,,,0,0,0,False,False,2963,2,,,False,False
001-201139,6,heavy,1.2528,1.0,1.0,1.0,,,1.0,0.8333333333333334,,,0,0,0,False,False,2963,2,,,False,False
001-201329,6,light,0.9808,1.0,1.0,1.0,1.0,1.0,1.0,0.9358974358974359,,,0,2,1,False,False,4220,7,,,False,False
001-201329,6,medium,0.9566,1.0,1.0,1.0,1.0,1.0,0.9911504424778761,0.8846153846153846,,,0,2,1,False,False,4220,7,,,False,False
001-201329,6,heavy,0.9733,1.0,1.0,1.0,1.0,1.0,1.0,0.8717948717948718,,,0,2,2,False,False,4220,7,,,False,False
001-201351,2,light,0.9982,1.0,1.0,1.0,1.0,1.0,1.0,0.9481481481481482,,,0,4,3,False,False,4369,14,,,False,False
001-201351,2,medium,1.0093,1.0,0.9523809523809523,1.0,1.0,1.0,0.991869918699187,0.9111111111111111,,,0,4,2,False,False,4369,14,,,False,False
001-201351,2,heavy,1.0164,1.0,1.0,1.0,1.0,1.0,0.991869918699187,0.9259259259259259,,,0,4,2,False,False,4369,14,,,False,False
001-201531,6,light,1.0254,1.0,1.0,1.0,,,1.0,0.9722222222222222,,,0,0,0,False,False,1775,1,,469,False,False
001-201531,6,medium,1.0784,1.0,1.0,1.0,,,1.0,0.7777777777777778,,,0,0,0,False,False,1775,1,,472,False,False
001-201531,6,heavy,1.1251,1.0,1.0,1.0,,,1.0,0.7777777777777778,,,0,0,0,False,False,1775,1,,501,False,False
001-201641,6,light,0.9709,1.0,0.9473684210526315,0.9473684210526315,1.0,1.0,0.6296296296296297,1.0,2009-06-30,,0,2,2,False,False,15717,1,1.0,3411,False,False
001-201641,6,medium,0.9844,1.0,0.9473684210526315,0.9473684210526315,1.0,1.0,0.6419753086419753,0.896551724137931,2009-06-30,,0,2,1,False,False,15717,1,1.0,3407,False,False
001-201641,6,heavy,0.9822,1.0,1.0,1.0,1.0,1.0,0.6172839506172839,0.896551724137931,,,0,2,2,False,False,15717,1,1.0,3420,False,False
001-201738,P1-1,light,0.9638,1.0,1.0,1.0,1.0,1.0,1.0,1.0,,,0,1,1,False,False,6558,5,,,False,False
001-201738,P1-1,medium,0.9213,1.0,1.0,1.0,0.967741935483871,1.0,0.98,0.9811320754716981,,,0,1,1,False,False,6558,5,,,False,False
001-201738,P1-1,heavy,0.9224,1.0,1.0,1.0,0.967741935483871,1.0,0.99,0.9811320754716981,,,0,1,0,False,False,6558,5,,,False,False
001-202222,5,light,1.0312,1.0,1.0,1.0,1.0,1.0,0.8148148148148148,0.9333333333333333,,,0,0,0,False,False,2596,1,,706,False,False
001-202222,5,medium,1.1056,1.0,1.0,1.0,1.0,1.0,0.7407407407407407,0.8666666666666667,,,0,0,0,False,False,2596,1,,708,False,False
001-202222,5,heavy,1.1395,1.0,1.0,1.0,1.0,1.0,0.8148148148148148,0.8333333333333334,,,0,0,0,False,False,2596,1,,729,False,False
001-202411,13,light,0.9836,1.0,0.9871794871794872,1.0,0.9910714285714286,1.0,0.9919354838709677,0.9919354838709677,,,0,23,22,False,False,5855,18,,,False,False
001-202411,13,medium,0.973,1.0,0.9487179487179487,1.0,0.9732142857142857,1.0,0.9758064516129032,0.9596774193548387,,,0,23,17,False,False,5855,18,,,False,False
001-202411,13,heavy,0.9681,1.0,0.9871794871794872,1.0,1.0,1.0,0.967741935483871,0.9354838709677419,,,0,23,17,False,False,5855,18,,,False,False
001-202411,6,light,0.9857,1.0,0.9871794871794872,1.0,0.9910714285714286,1.0,0.9919354838709677,1.0,,,0,23,23,False,False,5855,18,,,False,False
001-202411,6,medium,0.9624,1.0,0.9743589743589743,1.0,0.9732142857142857,1.0,0.9354838709677419,0.967741935483871,,2017-02-07,1,23,18,False,False,5855,18,,,False,False
001-202411,6,heavy,0.9696,1.0,0.9871794871794872,1.0,0.9910714285714286,1.0,0.9637096774193549,0.9193548387096774,,,0,23,18,False,False,5855,18,,,False,False
001-202524,14,light,0.9874,1.0,1.0,1.0,1.0,1.0,1.0,0.9733333333333334,,,0,7,7,False,True,5288,18,,,False,False
001-202524,14,medium,0.9856,1.0,1.0,1.0,0.9761904761904762,1.0,0.9864253393665159,0.9288888888888889,,,0,7,3,False,True,5288,18,,,False,False
001-202524,14,heavy,0.9981,1.0,1.0,1.0,0.9761904761904762,1.0,0.9819004524886877,0.92,,,0,7,4,False,True,5288,18,,,False,False
001-202524,2,light,0.9868,1.0,1.0,1.0,1.0,1.0,1.0,0.9733333333333334,,,0,7,7,False,True,5288,18,,,False,False
001-202524,2,medium,0.9899,1.0,1.0,1.0,0.9642857142857143,1.0,0.9864253393665159,0.9244444444444444,,,0,7,4,False,True,5288,18,,,False,False
001-202524,2,heavy,0.994,1.0,1.0,1.0,0.9880952380952381,1.0,0.9909502262443439,0.9022222222222223,,,0,7,5,False,True,5288,18,,,False,False
001-202524,38,light,0.9865,1.0,1.0,1.0,1.0,1.0,1.0,0.9733333333333334,,,0,7,7,False,True,5288,18,,,False,False
001-202524,38,medium,0.9893,1.0,1.0,1.0,0.9166666666666666,1.0,0.9638009049773756,0.88,,,0,7,3,False,True,5288,18,,,False,False
001-202524,38,heavy,0.9933,1.0,1.0,1.0,1.0,1.0,1.0,0.8933333333333333,,,0,7,4,False,True,5288,18,,,False,False
001-202529,P1-1,light,0.9623,1.0,1.0,1.0,1.0,1.0,1.0,1.0,,,0,0,0,False,False,2834,2,,,False,False
001-202529,P1-1,medium,0.9559,1.0,1.0,1.0,0.875,0.8571428571428571,0.8571428571428571,1.0,3266792.00,3266792,1,0,0,False,False,2834,2,,,False,False
001-202529,P1-1,heavy,0.9629,1.0,1.0,1.0,1.0,1.0,0.9047619047619048,0.9583333333333334,,,0,0,0,False,False,2834,2,,,False,False
001-202531,3,light,0.9798,1.0,1.0,1.0,1.0,1.0,1.0,1.0,,,0,1,0,False,False,2876,2,,,False,False
001-202531,3,medium,0.9872,1.0,1.0,1.0,1.0,1.0,1.0,1.0,,,0,1,1,False,False,2876,2,,,False,False
001-202531,3,heavy,0.9765,1.0,1.0,1.0,1.0,1.0,1.0,1.0,,,0,1,1,False,False,2876,2,,,False,False
001-202619,5,light,0.9856,1.0,1.0,1.0,1.0,1.0,1.0,1.0,,,0,1,1,False,False,4111,4,,,False,False
001-202619,5,medium,0.9689,1.0,1.0,1.0,1.0,1.0,1.0,1.0,,,0,1,1,False,False,4111,4,,,False,False
001-202619,5,heavy,0.9669,1.0,1.0,1.0,1.0,1.0,1.0,1.0,,,0,1,1,False,False,4111,4,,,False,False
001-202622,3,light,0.9816,1.0,1.0,1.0,1.0,1.0,1.0,1.0,,,0,1,1,False,False,4776,7,,,False,False
001-202622,3,medium,0.9619,1.0,0.98,0.972972972972973,1.0,1.0,1.0,0.9852941176470589,2006-06-12,,0,1,1,False,False,4776,7,,,False,False
001-202622,3,heavy,0.9635,1.0,1.0,1.0,1.0,1.0,1.0,0.9852941176470589,,,0,1,1,False,False,4776,7,,,False,False
001-202750,34,light,0.9935,1.0,1.0,1.0,1.0,1.0,0.6706586826347305,0.8970588235294118,,,0,4,3,False,False,35739,1,1.0,7029,False,False
001-202750,34,medium,0.9988,1.0,0.9428571428571428,0.9629629629629629,1.0,1.0,0.688622754491018,0.8676470588235294,2010-07-01,,0,4,3,False,False,35739,1,0.8571,6908,False,False
001-202750,34,heavy,1.0119,1.0,1.0,1.0,1.0,1.0,0.7305389221556886,0.8161764705882353,,,0,4,3,False,False,35739,1,1.0,7005,False,False
001-202750,5,light,0.9956,1.0,1.0,1.0,1.0,1.0,0.6826347305389222,0.8970588235294118,,,0,4,3,False,False,35739,1,1.0,7035,False,False
001-202750,5,medium,0.9963,1.0,0.9714285714285714,0.9629629629629629,1.0,1.0,0.688622754491018,0.875,2010-07-01,,0,4,2,False,False,35739,1,0.8571,6904,False,False
001-202750,5,heavy,1.0146,1.0,1.0,1.0,1.0,1.0,0.7005988023952096,0.8161764705882353,,,0,4,3,False,False,35739,1,1.0,7027,False,False
001-202991,P1-1,light,0.974,1.0,1.0,1.0,1.0,1.0,0.7959183673469388,1.0,,,0,0,0,False,False,5696,1,,1274,False,False
001-202991,P1-1,medium,0.9547,1.0,1.0,1.0,1.0,1.0,0.7959183673469388,1.0,,,0,0,0,False,False,5696,1,,1252,False,False
001-202991,P1-1,heavy,0.9912,1.0,1.0,1.0,1.0,1.0,0.8163265306122449,0.9347826086956522,,,0,0,0,False,False,5696,1,,1267,False,False
001-203048,6,light,1.0489,1.0,1.0,1.0,,,0.7333333333333333,0.8947368421052632,,,0,0,0,False,False,1942,1,,535,False,False
001-203048,6,medium,1.0546,1.0,1.0,1.0,,,0.8,0.8421052631578947,,,0,0,0,False,False,1942,1,,512,False,False
001-203048,6,heavy,1.0139,1.0,1.0,1.0,,,0.8,0.868421052631579,,,0,0,0,False,False,1942,1,,500,False,False
001-203165,9,light,0.982,1.0,1.0,1.0,1.0,1.0,1.0,0.9365079365079365,,,0,2,1,False,False,2965,5,,,False,False
001-203165,9,medium,0.9993,1.0,1.0,1.0,1.0,1.0,1.0,0.9365079365079365,,,0,2,0,False,False,2965,5,,,False,False
001-203165,9,heavy,1.005,1.0,1.0,1.0,1.0,1.0,0.9696969696969697,0.9365079365079365,,,0,2,0,False,False,2965,5,,,False,False
001-203187,3,light,0.9866,1.0,1.0,1.0,1.0,1.0,1.0,0.9803921568627451,,,0,0,0,False,False,12084,4,1.0,,False,False
001-203187,3,medium,0.9404,1.0,0.9795918367346939,1.0,1.0,1.0,0.9661016949152542,0.9803921568627451,,,0,0,0,False,False,12084,4,1.0,,False,False
001-203187,3,heavy,0.966,1.0,0.9795918367346939,1.0,1.0,1.0,0.9661016949152542,0.9803921568627451,,,0,0,0,False,False,12084,4,1.0,,False,False
001-203294,P1-1,light,1.0047,1.0,1.0,1.0,1.0,1.0,0.75,1.0,,,0,0,0,False,False,3812,1,,959,False,False
001-203294,P1-1,medium,1.0239,1.0,1.0,1.0,0.8333333333333334,1.0,0.75,0.9622641509433962,,,0,0,0,False,False,3812,1,,953,False,False
001-203294,P1-1,heavy,1.0234,1.0,1.0,1.0,1.0,1.0,0.75,0.9433962264150944,,,0,0,0,False,False,3812,1,,950,False,False
001-203492,8,light,0.9928,1.0,1.0,1.0,1.0,1.0,1.0,1.0,,,0,0,0,False,False,4492,3,,,False,False
001-203492,8,medium,0.9389,1.0,0.9736842105263158,1.0,1.0,1.0,1.0,1.0,,,0,0,0,False,False,4492,3,,,False,False
001-203492,8,heavy,0.9616,1.0,1.0,1.0,1.0,1.0,1.0,1.0,,,0,0,0,False,False,4492,3,,,False,False
001-203559,13,light,0.9975,1.0,1.0,1.0,1.0,1.0,0.6855670103092784,0.9534883720930233,,,0,3,3,False,True,50001,1,1.0,10147,False,False
001-203559,13,medium,1.0003,1.0,1.0,1.0,1.0,1.0,0.654639175257732,0.9534883720930233,,,0,3,3,False,True,50001,1,1.0,9939,False,False
001-203559,13,heavy,0.9968,1.0,1.0,1.0,1.0,1.0,0.6649484536082474,0.9418604651162791,,,0,3,3,False,True,50001,1,1.0,9887,False,False
001-203645,3,light,0.9988,1.0,1.0,1.0,1.0,1.0,0.9911504424778761,0.9302325581395349,,,0,1,2,False,True,8278,19,,,False,False
001-203645,3,medium,1.0085,1.0,0.9936305732484076,0.9916666666666667,1.0,1.0,0.9734513274336283,0.8682170542635659,2013-05-28,,0,1,2,False,True,8278,19,,,False,False
001-203645,3,heavy,1.009,1.0,1.0,1.0,1.0,1.0,0.9778761061946902,0.9224806201550387,,,0,1,3,False,True,8278,19,,,False,False
001-203885,13,light,0.9898,1.0,1.0,1.0,1.0,1.0,0.9795918367346939,0.9785714285714285,,,0,1,0,False,False,10131,14,,,False,False
001-203885,13,medium,0.9842,1.0,1.0,1.0,1.0,1.0,0.9540816326530612,0.9357142857142857,,,0,1,1,False,False,10131,14,,,False,False
001-203885,13,heavy,0.9875,1.0,1.0,1.0,1.0,1.0,0.9642857142857143,0.9428571428571428,,,0,1,3,False,False,10131,14,,,False,False
001-203885,P1-3,light,0.9867,1.0,1.0,1.0,1.0,1.0,0.9795918367346939,0.9714285714285714,,,0,1,0,False,False,10131,14,,,False,False
001-203885,P1-3,medium,0.9817,1.0,1.0,1.0,1.0,1.0,0.9540816326530612,0.9357142857142857,,,0,1,2,False,False,10131,14,,,False,False
001-203885,P1-3,heavy,0.984,1.0,1.0,1.0,1.0,1.0,0.9642857142857143,0.9357142857142857,,,0,1,1,False,False,10131,14,,,False,False
001-203931,8,light,0.993,1.0,1.0,1.0,0.9791666666666666,0.96,0.7074468085106383,0.9594594594594594,1953,,0,4,5,False,False,36807,1,1.0,7362,False,False
001-203931,8,medium,0.9771,1.0,0.9782608695652174,1.0,0.9791666666666666,0.96,0.7021276595744681,0.8918918918918919,1953,,0,4,3,False,False,36807,1,1.0,7097,False,False
001-203931,8,heavy,0.9773,1.0,1.0,1.0,0.9791666666666666,0.96,0.6968085106382979,0.8513513513513513,1954,,0,4,3,False,False,36807,1,0.9167,7104,False,False
001-203976,13,light,0.989,1.0,1.0,1.0,1.0,1.0,0.9955555555555555,0.987012987012987,,,0,21,21,False,False,3037,15,,,False,False
001-203976,13,medium,0.9676,1.0,0.9873417721518988,1.0,0.9574468085106383,1.0,0.9911111111111112,0.961038961038961,,,0,21,17,False,False,3037,15,,,False,False
001-203976,13,heavy,0.985,1.0,0.9873417721518988,1.0,0.9787234042553191,1.0,0.9955555555555555,0.974025974025974,,,0,21,14,False,False,3037,15,,,False,False
001-204194,3,light,0.9722,1.0,1.0,1.0,1.0,1.0,0.5533980582524272,1.0,,,0,0,0,False,False,17292,1,1.0,3515,False,False
001-204194,3,medium,0.9459,1.0,1.0,1.0,1.0,1.0,0.5631067961165048,0.9516129032258065,,,0,0,0,False,False,17292,1,1.0,3399,False,False
001-204194,3,heavy,0.9467,1.0,1.0,1.0,1.0,1.0,0.5631067961165048,0.9838709677419355,,,0,0,0,False,False,17292,1,1.0,3421,False,False
001-204473,5,light,0.9801,1.0,1.0,1.0,1.0,1.0,0.9714285714285714,1.0,,,0,3,4,False,False,6070,5,,,False,False
001-204473,5,medium,0.9369,1.0,0.9696969696969697,0.9655172413793104,1.0,1.0,0.9714285714285714,1.0,2002-10-25,,0,3,3,False,False,6070,5,,,False,False
001-204473,5,heavy,0.9515,1.0,1.0,1.0,1.0,1.0,0.9714285714285714,1.0,,,0,3,3,False,False,6070,5,,,False,False
001-204584,18,light,0.9765,1.0,0.9642857142857143,1.0,1.0,1.0,0.9852941176470589,0.9891304347826086,,,0,3,3,False,False,4903,6,,,False,False
001-204584,18,medium,0.9476,1.0,0.9285714285714286,1.0,1.0,1.0,0.9852941176470589,0.9891304347826086,,,0,3,1,False,False,4903,6,,,False,False
001-204584,18,heavy,0.9683,1.0,0.9642857142857143,1.0,1.0,1.0,0.9852941176470589,0.967391304347826,,,0,3,1,False,False,4903,6,,,False,False
001-204584,5,light,0.9826,1.0,0.9642857142857143,1.0,1.0,1.0,0.9852941176470589,0.9891304347826086,,,0,3,3,False,False,4903,6,,,False,False
001-204584,5,medium,0.9438,1.0,0.9285714285714286,1.0,1.0,1.0,0.9852941176470589,0.9891304347826086,,,0,3,1,False,False,4903,6,,,False,False
001-204584,5,heavy,0.971,1.0,0.9642857142857143,1.0,1.0,1.0,0.9852941176470589,0.9782608695652174,,,0,3,1,False,False,4903,6,,,False,False
001-204584,6,light,0.9755,1.0,0.9642857142857143,1.0,1.0,1.0,0.9852941176470589,0.9891304347826086,,,0,3,2,False,False,4903,6,,,False,False
001-204584,6,medium,0.9593,1.0,0.9285714285714286,1.0,1.0,1.0,0.9852941176470589,0.9891304347826086,,,0,3,2,False,False,4903,6,,,False,False
001-204584,6,heavy,0.9508,1.0,0.9642857142857143,1.0,1.0,1.0,0.9852941176470589,0.9782608695652174,,,0,3,1,False,False,4903,6,,,False,False
001-204584,8,light,0.982,1.0,1.0,1.0,1.0,1.0,0.9852941176470589,0.9891304347826086,,,0,3,3,False,False,4903,6,,,False,False
001-204584,8,medium,0.9478,1.0,0.9642857142857143,1.0,1.0,1.0,0.9852941176470589,0.9891304347826086,,,0,3,1,False,False,4903,6,,,False,False
001-204584,8,heavy,0.9604,1.0,0.9642857142857143,1.0,1.0,1.0,0.9852941176470589,0.9891304347826086,,,0,3,2,False,False,4903,6,,,False,False
001-204601,6,light,0.9807,1.0,1.0,1.0,1.0,1.0,0.9941176470588236,0.9625,,,0,3,2,False,False,5105,19,,,False,False
001-204601,6,medium,0.9672,1.0,1.0,1.0,1.0,1.0,0.9941176470588236,0.9625,,,0,3,3,False,False,5105,19,,,False,False
001-204601,6,heavy,0.9786,1.0,1.0,1.0,1.0,1.0,1.0,0.9875,,,0,3,3,False,False,5105,19,,,False,False
001-204602,3,light,0.9908,1.0,1.0,1.0,1.0,1.0,0.9899328859060402,0.9680851063829787,,,0,6,6,False,True,6238,19,,,False,False
001-204602,3,medium,0.988,1.0,0.9855072463768116,1.0,0.9803921568627451,0.990909090909091,0.9697986577181208,0.925531914893617,11.00,,0,6,4,False,True,6238,19,,,False,False
001-204602,3,heavy,0.9961,1.0,1.0,1.0,1.0,1.0,0.9966442953020134,0.9468085106382979,,,0,6,4,False,True,6238,19,,,False,False
001-204660,3,light,1.037,1.0,1.0,1.0,1.0,1.0,0.9791666666666666,1.0,,,0,0,0,False,False,2893,4,,,False,False
001-204660,3,medium,1.1915,1.0,1.0,1.0,1.0,1.0,0.5083333333333333,0.94,,2008-08-23 2008-08-24 2008-09-15 2008-09-26 2008-09-29 2010-01-05 2010-01-06 2010-01-13 2010-01-21 2010-06-22 2010-10-27 2010-11-17 2011-01-04 2011-09-08 2011-12-07 2011-12-13 2011-12-29 2012-05-04 2012-08-01 2012-10-16,23,0,0,False,False,2893,4,,,False,False
001-204660,3,heavy,1.1757,1.0,1.0,1.0,1.0,1.0,0.7291666666666666,0.94,,2008-08-23 2008-08-24 2008-09-14 2008-09-15 2008-09-26 2008-09-29 2010-10-21 2010-11-17 2011-01-04 2011-12-13,10,0,0,False,False,2893,4,,,False,False
001-204812,6,light,0.9845,1.0,1.0,1.0,1.0,1.0,0.9897959183673469,0.9494949494949495,,,0,7,6,False,False,6172,11,,,False,False
001-204812,6,medium,0.9829,1.0,1.0,1.0,1.0,1.0,0.9693877551020408,0.8686868686868687,,,0,7,3,False,False,6172,11,,,False,False
001-204812,6,heavy,1.0005,1.0,1.0,1.0,1.0,1.0,0.9897959183673469,0.9191919191919192,,,0,7,4,False,False,6172,11,,,False,False
001-204995,3,light,0.9953,1.0,1.0,1.0,1.0,1.0,0.717391304347826,0.9827586206896551,,,0,0,0,False,False,4020,1,,962,False,False
001-204995,3,medium,1.0296,1.0,1.0,1.0,1.0,1.0,0.6956521739130435,0.9655172413793104,,,0,0,0,False,False,4020,1,,968,False,False
001-204995,3,heavy,1.0276,1.0,1.0,1.0,1.0,1.0,0.6956521739130435,0.9482758620689655,,,0,0,0,False,False,4020,1,,966,False,False
001-205140,5,light,1.022,1.0,1.0,1.0,1.0,1.0,0.3,1.0,,,0,0,0,False,False,3685,1,,846,False,False
001-205140,5,medium,1.0518,1.0,1.0,1.0,1.0,1.0,0.35,1.0,,,0,0,0,False,False,3685,1,,866,False,False
001-205140,5,heavy,1.0383,1.0,1.0,1.0,1.0,1.0,0.3,1.0,,,0,0,0,False,False,3685,1,,855,False,False
001-205141,3,light,1.0251,1.0,1.0,1.0,1.0,1.0,0.46153846153846156,0.9333333333333333,,3.3 3.6,2,0,0,False,False,1870,1,,459,False,False
001-205141,3,medium,1.1247,1.0,1.0,1.0,1.0,1.0,0.38461538461538464,0.8333333333333334,,3.3 3.6,2,0,0,False,False,1870,1,,481,False,False
001-205141,3,heavy,1.0792,1.0,1.0,1.0,1.0,1.0,0.46153846153846156,0.8333333333333334,,3.3 3.6,2,0,0,False,False,1870,1,,468,False,False
001-205166,6,light,0.9796,1.0,1.0,1.0,1.0,1.0,0.9705882352941176,1.0,,,0,1,1,False,False,5970,3,,,False,False
001-205166,6,medium,0.9438,1.0,1.0,1.0,1.0,1.0,0.9411764705882353,1.0,,,0,1,1,False,False,5970,3,,,False,False
001-205166,6,heavy,0.9383,1.0,1.0,1.0,1.0,1.0,0.9411764705882353,1.0,,,0,1,1,False,False,5970,3,,,False,False
001-205170,8,light,0.9476,1.0,1.0,1.0,1.0,1.0,0.9936708860759493,1.0,,,0,0,0,False,False,20377,6,,,False,False
001-205170,8,medium,0.9147,1.0,1.0,1.0,1.0,1.0,0.9683544303797469,1.0,,,0,0,0,False,False,20377,6,,,False,False
001-205170,8,heavy,0.912,1.0,1.0,1.0,1.0,1.0,0.9873417721518988,0.9818181818181818,,,0,0,0,False,False,20377,6,,,False,False
001-205538,3,light,0.9683,1.0,0.9916666666666667,1.0,1.0,1.0,1.0,0.945054945054945,,,0,4,3,False,False,5205,15,,,False,False
001-205538,3,medium,0.945,1.0,0.9416666666666667,1.0,1.0,1.0,0.9591836734693877,0.9230769230769231,,,0,4,2,False,False,5205,15,,,False,False
001-205538,3,heavy,0.9635,1.0,0.9916666666666667,1.0,1.0,1.0,0.9693877551020408,0.9010989010989011,,,0,4,2,False,False,5205,15,,,False,False
001-205539,5,light,0.9999,1.0,1.0,1.0,1.0,1.0,0.5645161290322581,0.9482758620689655,,,0,1,1,False,False,8372,1,,1775,False,False
001-205539,5,medium,0.9664,1.0,0.9655172413793104,0.96,1.0,1.0,0.5645161290322581,0.9137931034482759,2012-11-15,,0,1,0,False,False,8372,1,,1716,False,False
001-205539,5,heavy,0.9783,1.0,1.0,1.0,1.0,1.0,0.5645161290322581,0.9137931034482759,,,0,1,1,False,False,8372,1,,1723,False,False
001-205797,3,light,0.9862,1.0,1.0,1.0,1.0,1.0,0.6736111111111112,0.9615384615384616,,,0,2,2,False,False,22760,1,1.0,4776,False,False
001-205797,3,medium,0.9966,1.0,0.9615384615384616,1.0,0.9655172413793104,1.0,0.6875,0.9615384615384616,,,0,2,1,False,False,22760,1,1.0,4725,False,False
001-205797,3,heavy,0.9967,1.0,1.0,1.0,1.0,1.0,0.6944444444444444,0.9615384615384616,,,0,2,2,False,False,22760,1,1.0,4723,False,False
001-206159,6,light,0.9932,1.0,1.0,1.0,1.0,1.0,1.0,1.0,,,0,3,3,False,False,2910,7,,,False,False
001-206159,6,medium,0.9792,1.0,1.0,1.0,1.0,1.0,0.9852941176470589,1.0,,,0,3,1,False,False,2910,7,,,False,False
001-206159,6,heavy,0.9884,1.0,1.0,1.0,1.0,1.0,0.9852941176470589,1.0,,,0,3,2,False,False,2910,7,,,False,False
001-206266,11,light,0.9874,1.0,1.0,1.0,1.0,1.0,0.9852941176470589,1.0,,,0,4,3,False,False,4742,10,,,False,False
001-206266,11,medium,0.9857,1.0,1.0,1.0,1.0,1.0,0.9852941176470589,1.0,,,0,4,1,False,False,4742,10,,,False,False
001-206266,11,heavy,1.003,1.0,1.0,1.0,1.0,1.0,0.9852941176470589,0.975609756097561,,,0,4,0,False,False,4742,10,,,False,False
001-206268,8,light,0.9739,1.0,1.0,1.0,1.0,1.0,1.0,1.0,,,0,2,1,False,False,3972,9,,,False,False
001-206268,8,medium,0.9496,1.0,0.9696969696969697,0.9761904761904762,1.0,1.0,0.9714285714285714,0.9885057471264368,2017-06-19,,0,2,0,False,False,3972,9,,,False,False
001-206268,8,heavy,0.9625,1.0,0.9848484848484849,1.0,1.0,1.0,1.0,0.9195402298850575,,,0,2,0,False,False,3972,9,,,False,False
001-206342,6,light,0.9897,1.0,1.0,1.0,1.0,1.0,1.0,0.9772727272727273,,,0,0,0,False,False,2952,3,,,False,False
001-206342,6,medium,0.9978,1.0,1.0,1.0,1.0,1.0,1.0,0.9772727272727273,,,0,0,0,False,False,2952,3,,,False,False
001-206342,6,heavy,0.9995,1.0,1.0,1.0,1.0,1.0,1.0,0.9772727272727273,,,0,0,0,False,False,2952,3,,,False,False
001-206345,3,light,0.9839,1.0,1.0,1.0,1.0,1.0,0.9772727272727273,1.0,,,0,0,0,False,False,4824,5,,,False,False
001-206345,3,medium,0.9884,1.0,0.972972972972973,1.0,1.0,1.0,0.8863636363636364,1.0,,,0,0,0,False,False,4824,5,,,False,False
001-206345,3,heavy,1.0033,1.0,1.0,1.0,1.0,1.0,0.9090909090909091,1.0,,,0,0,0,False,False,4824,5,,,False,False
001-206360,P7-4,light,0.9972,1.0,1.0,1.0,1.0,1.0,0.7281553398058253,1.0,,,0,3,1,False,False,14660,1,1.0,3204,False,False
001-206360,P7-4,medium,0.9523,1.0,0.9523809523809523,1.0,0.9411764705882353,1.0,0.6990291262135923,0.9361702127659575,,,0,3,0,False,False,14660,1,1.0,3010,False,False
001-206360,P7-4,heavy,0.9679,1.0,0.9761904761904762,1.0,1.0,1.0,0.7281553398058253,0.9361702127659575,,,0,3,0,False,False,14660,1,1.0,3054,False,False
001-206371,6,light,0.9948,1.0,0.9852941176470589,1.0,1.0,1.0,0.47368421052631576,0.9655172413793104,,,0,1,1,False,False,12615,1,1.0,2759,False,False
001-206371,6,medium,0.9595,1.0,0.9705882352941176,1.0,1.0,1.0,0.4868421052631579,0.9655172413793104,,,0,1,0,False,False,12615,1,1.0,2651,False,False
001-206371,6,heavy,0.97,1.0,1.0,1.0,1.0,1.0,0.47368421052631576,0.9655172413793104,,,0,1,0,False,False,12615,1,1.0,2716,False,False
001-206504,6,light,0.9597,1.0,1.0,1.0,1.0,1.0,0.9821428571428571,1.0,,,0,1,1,False,False,3255,7,,,False,False
001-206504,6,medium,0.9461,1.0,0.9743589743589743,1.0,1.0,1.0,0.9821428571428571,0.9545454545454546,,,0,1,1,False,False,3255,7,,,False,False
001-206504,6,heavy,0.9456,1.0,1.0,1.0,1.0,1.0,0.9642857142857143,0.9242424242424242,,,0,1,1,False,False,3255,7,,,False,False
001-206511,2,light,0.9941,1.0,1.0,1.0,1.0,1.0,0.5909090909090909,0.9850746268656716,,,0,0,0,False,False,25932,1,1.0,5613,False,False
001-206511,2,medium,0.9867,1.0,0.9861111111111112,1.0,1.0,1.0,0.5636363636363636,0.8955223880597015,,,0,0,0,False,False,25932,1,1.0,5506,False,False
001-206511,2,heavy,0.9853,1.0,1.0,1.0,1.0,1.0,0.5727272727272728,0.8805970149253731,,,0,0,1,False,False,25932,1,1.0,5496,False,False
001-206516,3,light,0.9921,1.0,1.0,1.0,1.0,1.0,0.5,1.0,,,0,0,0,False,False,3426,1,,776,False,False
001-206516,3,medium,1.0339,1.0,1.0,1.0,1.0,1.0,0.5,0.9302325581395349,,,0,0,0,False,False,3426,1,,797,False,False
001-206516,3,heavy,1.0164,1.0,1.0,1.0,1.0,1.0,0.5,0.9534883720930233,,,0,0,0,False,False,3426,1,,781,False,False
001-206525,3,light,1.0042,1.0,1.0,1.0,1.0,1.0,0.8709677419354839,0.9873417721518988,,,0,0,0,False,False,2957,4,,,False,False
001-206525,3,medium,0.93,1.0,1.0,1.0,1.0,1.0,0.8709677419354839,0.9113924050632911,,,0,0,0,False,False,2957,4,,,False,False
001-206525,3,heavy,0.9256,1.0,1.0,1.0,1.0,1.0,0.8709677419354839,0.9367088607594937,,,0,0,0,False,False,2957,4,,,False,False
001-207136,8,light,0.9941,1.0,1.0,1.0,1.0,1.0,1.0,0.9912280701754386,,,0,5,3,False,True,5558,21,,,False,False
001-207136,8,medium,0.9735,1.0,1.0,1.0,1.0,1.0,0.9912023460410557,0.9824561403508771,,,0,5,3,False,True,5558,21,,,False,False
001-207136,8,heavy,0.9804,1.0,1.0,1.0,1.0,1.0,1.0,0.9824561403508771,,,0,5,4,False,True,5558,21,,,False,False
001-207366,6,light,0.986,1.0,1.0,1.0,1.0,1.0,1.0,0.9836065573770492,,,0,0,0,False,False,2831,5,,,False,False
001-207366,6,medium,0.9572,1.0,1.0,1.0,1.0,1.0,0.9736842105263158,0.9836065573770492,,,0,0,0,False,False,2831,5,,,False,False
001-207366,6,heavy,0.9648,1.0,1.0,1.0,1.0,1.0,0.9736842105263158,0.9508196721311475,,,0,0,0,False,False,2831,5,,,False,False
001-207474,3,light,0.9802,1.0,1.0,1.0,0.875,0.8333333333333334,0.45,1.0,3.25,,0,0,0,False,False,10797,1,,2396,False,False
001-207474,3,medium,0.9373,1.0,1.0,1.0,0.875,0.8333333333333334,0.4166666666666667,0.9565217391304348,3.25,,0,0,0,False,False,10797,1,,2255,False,False
001-207474,3,heavy,0.9621,1.0,1.0,1.0,0.875,0.8333333333333334,0.43333333333333335,0.9347826086956522,3.25,,0,0,0,False,False,10797,1,,2346,False,False
001-207667,14,light,0.9793,1.0,1.0,1.0,0.9701492537313433,1.0,0.9856115107913669,1.0,,,0,5,4,False,True,10740,18,,,False,False
001-207667,14,medium,0.9213,1.0,1.0,1.0,0.9701492537313433,1.0,0.960431654676259,0.9732142857142857,,,0,5,5,False,True,10740,18,,,False,False
001-207667,14,heavy,0.9387,1.0,1.0,1.0,0.9701492537313433,1.0,0.9784172661870504,0.9821428571428571,,,0,5,4,False,True,10740,18,,,False,False
001-207695,8,light,0.9827,0.8333333333333334,1.0,1.0,1.0,1.0,0.9867109634551495,0.9707602339181286,,,0,11,8,False,True,4336,19,,,False,False
001-207695,8,medium,0.9465,0.8333333333333334,0.9772727272727273,1.0,0.98,1.0,0.9169435215946844,0.9415204678362573,,,0,11,12,False,True,4336,19,,,False,False
001-207695,8,heavy,0.9641,1.0,1.0,1.0,0.99,1.0,0.9568106312292359,0.9415204678362573,,,0,11,13,False,True,4336,19,,,False,False
001-207806,5,light,1.0011,1.0,1.0,1.0,1.0,1.0,0.9846153846153847,1.0,,,0,0,0,False,False,4009,7,,,False,False
001-207806,5,medium,0.9896,1.0,1.0,1.0,1.0,1.0,0.9846153846153847,0.967741935483871,,,0,0,0,False,False,4009,7,,,False,False
001-207806,5,heavy,1.0006,1.0,1.0,1.0,1.0,1.0,0.9846153846153847,0.967741935483871,,,0,0,0,False,False,4009,7,,,False,False
001-207848,P1-1,light,1.007,1.0,1.0,1.0,1.0,1.0,1.0,0.96875,,,0,0,0,False,False,1570,1,,385,False,False
001-207848,P1-1,medium,1.028,1.0,1.0,1.0,1.0,1.0,1.0,0.84375,,,0,0,0,False,False,1570,1,,387,False,False
001-207848,P1-1,heavy,1.0357,1.0,1.0,1.0,1.0,1.0,1.0,0.84375,,,0,0,0,False,False,1570,1,,391,False,False
001-207849,P1-1,light,1.0063,1.0,1.0,1.0,,,1.0,0.9459459459459459,,,0,0,0,False,False,2066,1,,545,False,False
001-207849,P1-1,medium,1.0973,1.0,1.0,1.0,,,1.0,0.8918918918918919,,,0,0,0,False,False,2066,1,,558,False,False
001-207849,P1-1,heavy,1.0426,1.0,1.0,1.0,,,1.0,0.7837837837837838,,,0,0,0,False,False,2066,1,,571,False,False
001-207850,P1-1,light,1.04,1.0,1.0,1.0,1.0,1.0,1.0,0.8787878787878788,,,0,0,0,False,False,2700,1,,740,False,False
001-207850,P1-1,medium,1.0778,1.0,1.0,1.0,1.0,1.0,0.95,0.8484848484848485,,,0,0,0,False,False,2700,1,,705,False,False
001-207850,P1-1,heavy,1.0489,1.0,1.0,1.0,1.0,1.0,1.0,0.7878787878787878,,,0,0,0,False,False,2700,1,,728,False,False
001-208280,10,light,0.9914,1.0,1.0,1.0,1.0,1.0,1.0,1.0,,,0,6,6,False,False,7011,8,,,False,False
001-208280,10,medium,0.9885,1.0,1.0,1.0,1.0,1.0,1.0,0.9866666666666667,,,0,6,5,False,False,7011,8,,,False,False
001-208280,10,heavy,0.9889,1.0,1.0,1.0,1.0,1.0,1.0,0.9733333333333334,,,0,6,6,False,False,7011,8,,,False,False
001-208447,34,light,0.9951,1.0,1.0,1.0,1.0,1.0,0.9807692307692307,0.9693877551020408,,,0,0,0,False,False,6008,11,,,False,False
001-208447,34,medium,0.996,1.0,0.9607843137254902,0.95,1.0,1.0,0.9519230769230769,0.8775510204081632,2018-04-09 2019-05-17,,0,0,0,False,False,6008,11,,,False,False
001-208447,34,heavy,1.0021,1.0,1.0,1.0,1.0,1.0,1.0,0.8775510204081632,,,0,0,0,False,False,6008,11,,,False,False
001-208534,6,light,0.9752,1.0,1.0,1.0,1.0,1.0,1.0,0.9866666666666667,,,0,1,1,False,False,7059,6,,,False,False
001-208534,6,medium,0.9612,1.0,1.0,1.0,1.0,1.0,1.0,0.9733333333333334,,,0,1,1,False,False,7059,6,,,False,False
001-208534,6,heavy,0.9664,1.0,1.0,1.0,1.0,1.0,1.0,0.9733333333333334,,,0,1,1,False,False,7059,6,,,False,False
001-208547,6,light,0.9843,1.0,1.0,1.0,1.0,1.0,0.9881656804733728,1.0,,,0,1,1,False,False,15686,7,1.0,,False,False
001-208547,6,medium,0.945,1.0,1.0,1.0,1.0,1.0,0.9881656804733728,0.9696969696969697,,2000-03-24,1,1,2,False,False,15686,7,1.0,,False,False
001-208547,6,heavy,0.9584,1.0,1.0,1.0,1.0,1.0,0.9822485207100592,0.9848484848484849,,2000-03-24,1,1,2,False,False,15686,7,1.0,,False,False
001-208589,3,light,0.9989,1.0,1.0,1.0,1.0,1.0,1.0,0.979381443298969,,,0,7,7,False,False,13852,11,1.0,,False,False
001-208589,3,medium,0.988,1.0,1.0,1.0,1.0,1.0,0.9935897435897436,0.9381443298969072,,,0,7,3,False,False,13852,11,1.0,,False,False
001-208589,3,heavy,0.9994,1.0,1.0,1.0,1.0,1.0,1.0,0.865979381443299,,,0,7,4,False,False,13852,11,1.0,,False,False
001-208592,2,light,1.0096,1.0,1.0,1.0,1.0,1.0,1.0,0.98,,,0,0,0,False,False,3474,3,,,False,False
001-208592,2,medium,1.0113,1.0,0.9230769230769231,1.0,1.0,1.0,1.0,0.98,,,0,0,0,False,False,3474,3,,,False,False
001-208592,2,heavy,1.0153,1.0,1.0,1.0,1.0,1.0,1.0,0.98,,,0,0,0,False,False,3474,3,,,False,False
001-208764,P1-1,light,0.9924,1.0,1.0,1.0,1.0,1.0,1.0,1.0,,,0,3,3,False,False,4827,6,,,False,False
001-208764,P1-1,medium,0.9664,1.0,1.0,1.0,1.0,1.0,0.9852941176470589,1.0,,,0,3,3,False,False,4827,6,,,False,False
001-208764,P1-1,heavy,0.9667,1.0,1.0,1.0,1.0,1.0,0.9926470588235294,1.0,,,0,3,2,False,False,4827,6,,,False,False
001-209035,8,light,0.9905,1.0,1.0,1.0,1.0,1.0,0.9929577464788732,1.0,,,0,6,4,False,False,7818,6,,,False,False
001-209035,8,medium,0.995,1.0,1.0,1.0,1.0,1.0,0.9929577464788732,0.9775280898876404,,,0,6,4,False,False,7818,6,,,False,False
001-209035,8,heavy,0.9898,1.0,1.0,1.0,1.0,1.0,0.9859154929577465,0.9775280898876404,,,0,6,4,False,False,7818,6,,,False,False
001-209152,3,light,0.9948,1.0,1.0,1.0,1.0,1.0,1.0,0.8985507246376812,,,0,0,0,False,False,2940,4,,,False,False
001-209152,3,medium,1.0012,1.0,1.0,1.0,1.0,1.0,0.9425287356321839,0.8115942028985508,,1.26,1,0,0,False,False,2940,4,,,False,False
001-209152,3,heavy,0.9592,1.0,1.0,1.0,1.0,1.0,0.9655172413793104,0.782608695652174,,,0,0,0,False,False,2940,4,,,False,False
001-209154,13,light,0.9934,1.0,1.0,1.0,1.0,1.0,0.96875,1.0,,,0,1,1,False,False,2627,3,,,False,False
001-209154,13,medium,1.0177,1.0,1.0,1.0,1.0,1.0,1.0,1.0,,,0,1,1,False,False,2627,3,,,False,False
001-209154,13,heavy,1.024,1.0,1.0,1.0,1.0,1.0,0.96875,0.9534883720930233,,,0,1,0,False,False,2627,3,,,False,False
001-209330,13,light,0.9979,1.0,1.0,1.0,1.0,1.0,0.6296296296296297,1.0,,,0,0,0,False,False,2892,1,,720,False,False
001-209330,13,medium,1.0073,1.0,1.0,1.0,1.0,1.0,0.6296296296296297,1.0,,,0,0,0,False,False,2892,1,,710,False,False
001-209330,13,heavy,1.0419,1.0,1.0,1.0,1.0,1.0,0.6296296296296297,1.0,,,0,0,0,False,False,2892,1,,725,False,False
001-209358,6,light,0.9987,1.0,1.0,1.0,1.0,1.0,1.0,0.9864864864864865,,,0,9,9,False,False,16460,5,1.0,,False,False
001-209358,6,medium,0.92,1.0,1.0,1.0,1.0,1.0,1.0,0.972972972972973,,,0,9,8,False,False,16460,5,1.0,,False,False
001-209358,6,heavy,0.9433,1.0,1.0,1.0,1.0,1.0,1.0,1.0,,,0,9,8,False,False,16460,5,1.0,,False,False
001-209373,3,light,0.9841,1.0,1.0,1.0,1.0,1.0,1.0,0.9814814814814815,,,0,1,1,False,False,5528,3,,,False,False
001-209373,3,medium,1.0101,1.0,1.0,1.0,1.0,1.0,1.0,0.9629629629629629,,,0,1,1,False,False,5528,3,,,False,False
001-209373,3,heavy,1.0054,1.0,1.0,1.0,1.0,1.0,1.0,0.9814814814814815,,,0,1,1,False,False,5528,3,,,False,False
001-209438,5,light,0.982,1.0,1.0,1.0,1.0,1.0,1.0,1.0,,,0,0,0,False,False,2858,4,,,False,False
001-209438,5,medium,0.9627,1.0,1.0,1.0,1.0,1.0,1.0,0.9583333333333334,,,0,0,0,False,False,2858,4,,,False,False
001-209438,5,heavy,0.9724,1.0,1.0,1.0,1.0,1.0,1.0,0.9583333333333334,,,0,0,0,False,False,2858,4,,,False,False
001-209520,3,light,0.9824,1.0,1.0,1.0,1.0,1.0,1.0,0.9739130434782609,,,0,2,0,False,True,7241,21,,,False,False
001-209520,3,medium,0.9813,1.0,1.0,1.0,1.0,1.0,0.9806201550387597,0.9739130434782609,,2015,1,2,1,False,True,7241,21,,,False,False
001-209520,3,heavy,0.9782,1.0,1.0,1.0,1.0,1.0,0.9844961240310077,0.9739130434782609,,,0,2,2,False,True,7241,21,,,False,False
001-209992,8,light,0.9915,1.0,1.0,1.0,1.0,1.0,1.0,0.9655172413793104,,,0,3,3,False,False,15303,9,,,False,False
001-209992,8,medium,0.9564,1.0,1.0,1.0,1.0,1.0,0.9793103448275862,0.9655172413793104,,,0,3,3,False,False,15303,9,,,False,False
001-209992,8,heavy,0.9606,1.0,1.0,1.0,1.0,1.0,1.0,0.9655172413793104,,,0,3,3,False,False,15303,9,,,False,False
001-210046,5,light,1.0089,1.0,1.0,1.0,1.0,1.0,0.9809523809523809,1.0,,,0,7,8,False,False,7789,5,,,False,False
001-210046,5,medium,1.0069,1.0,1.0,1.0,1.0,1.0,0.8380952380952381,1.0,,1.54 10.40 12.10 12.30 9.30,5,7,7,False,False,7789,5,,,False,False
001-210046,5,heavy,1.0201,1.0,1.0,1.0,1.0,1.0,0.8571428571428571,1.0,,1.54 10.40 12.10 12.30 9.30,5,7,4,False,False,7789,5,,,False,False
001-210078,8,light,0.9869,1.0,1.0,1.0,1.0,1.0,0.9816849816849816,0.9870967741935484,,,0,2,2,False,True,7773,16,,,False,False
001-210078,8,medium,0.9789,1.0,1.0,1.0,1.0,1.0,0.9743589743589743,0.9870967741935484,,2019-07-11,1,2,3,False,True,7773,16,,,False,False
001-210078,8,heavy,0.9911,1.0,1.0,1.0,1.0,1.0,0.9963369963369964,0.8838709677419355,,2019-07-11,1,2,2,False,True,7773,16,,,False,False
001-210089,P1-3,light,0.9854,1.0,1.0,1.0,1.0,1.0,0.9934640522875817,0.9811320754716981,,,0,2,2,False,False,3798,15,,,False,False
001-210089,P1-3,medium,0.9706,1.0,1.0,1.0,0.9545454545454546,1.0,0.9738562091503268,0.9339622641509434,,,0,2,2,False,False,3798,15,,,False,False
001-210089,P1-3,heavy,0.9784,1.0,1.0,1.0,0.9772727272727273,1.0,0.9803921568627451,0.9433962264150944,,,0,2,4,False,False,3798,15,,,False,False
001-210257,P1-3,light,1.0054,1.0,1.0,1.0,1.0,1.0,1.0,0.9863013698630136,,,0,0,0,False,False,2989,3,,,False,False
001-210257,P1-3,medium,0.9966,1.0,1.0,1.0,1.0,1.0,1.0,0.8356164383561644,,,0,0,0,False,False,2989,3,,,False,False
001-210257,P1-3,heavy,1.025,1.0,1.0,1.0,1.0,1.0,1.0,0.7534246575342466,,,0,0,0,False,False,2989,3,,,False,False
001-210282,13,light,0.9786,1.0,1.0,1.0,1.0,1.0,0.9958677685950413,0.9752066115702479,,,0,7,6,False,False,3981,21,,,False,False
001-210282,13,medium,0.9859,1.0,1.0,1.0,1.0,1.0,0.9752066115702479,0.9504132231404959,,,0,7,1,False,False,3981,21,,,False,False
001-210282,13,heavy,0.9834,1.0,1.0,1.0,1.0,1.0,0.987603305785124,0.9669421487603306,,,0,7,1,False,False,3981,21,,,False,False
001-210304,5,light,1.0047,1.0,1.0,1.0,1.0,1.0,0.8,0.8666666666666667,,,0,0,0,False,False,2752,1,,701,False,False
001-210304,5,medium,1.0985,1.0,1.0,1.0,1.0,1.0,0.65,0.8,,,0,0,0,False,False,2752,1,,704,False,False
001-210304,5,heavy,1.0734,1.0,1.0,1.0,1.0,1.0,0.8,0.8666666666666667,,,0,0,0,False,False,2752,1,,712,False,False
001-210322,2,light,1.0004,1.0,1.0,1.0,1.0,1.0,0.559322033898305,1.0,,,0,1,0,False,False,14244,1,1.0,3036,False,False
001-210322,2,medium,0.9445,1.0,1.0,1.0,0.8421052631578947,0.9166666666666666,0.5423728813559322,0.9629629629629629,7.00,,0,1,0,False,False,14244,1,1.0,2815,False,False
001-210322,2,heavy,0.9572,1.0,1.0,1.0,1.0,1.0,0.5932203389830508,0.9444444444444444,,,0,1,0,False,False,14244,1,1.0,2843,False,False
001-210332,11,light,0.9761,1.0,1.0,1.0,1.0,1.0,0.9805194805194806,0.992,,,0,5,5,False,True,17713,14,,,False,False
001-210332,11,medium,0.9482,1.0,1.0,1.0,1.0,1.0,0.9675324675324676,0.96,,,0,5,5,False,True,17713,14,,,False,False
001-210332,11,heavy,0.9665,1.0,1.0,1.0,0.9772727272727273,1.0,0.948051948051948,0.928,,,0,5,6,False,True,17713,14,,,False,False
001-210413,11,light,0.9808,1.0,1.0,1.0,1.0,1.0,1.0,0.9787234042553191,,,0,2,1,False,False,2242,2,,,False,False
001-210413,11,medium,0.9805,1.0,1.0,1.0,1.0,1.0,1.0,0.9574468085106383,,,0,2,1,False,False,2242,2,,,False,False
001-210413,11,heavy,1.0024,1.0,1.0,1.0,1.0,1.0,1.0,0.9148936170212766,,,0,2,1,False,False,2242,2,,,False,False
001-210537,2,light,0.9913,1.0,1.0,1.0,1.0,1.0,0.6595744680851063,0.9615384615384616,,,0,0,0,False,False,8092,1,,1730,False,False
001-210537,2,medium,0.9942,1.0,1.0,1.0,1.0,1.0,0.6170212765957447,0.9423076923076923,,,0,0,0,False,False,8092,1,,1735,False,False
001-210537,2,heavy,0.9868,1.0,1.0,1.0,1.0,1.0,0.7021276595744681,0.9615384615384616,,,0,0,0,False,False,8092,1,,1726,False,False
001-210680,5,light,0.9893,1.0,1.0,1.0,1.0,1.0,0.9957805907172996,0.9818181818181818,,,0,2,2,False,True,3483,21,,,False,False
001-210680,5,medium,0.9774,1.0,0.9847328244274809,0.9871794871794872,1.0,1.0,0.9915611814345991,0.9636363636363636,2013-07-19,,0,2,0,False,True,3483,21,,,False,False
001-210680,5,heavy,0.9859,1.0,1.0,1.0,1.0,1.0,0.9915611814345991,0.9090909090909091,,,0,2,1,False,True,3483,21,,,False,False
001-210689,6,light,0.9827,1.0,1.0,1.0,1.0,1.0,1.0,0.9777777777777777,,,0,0,0,False,False,2727,2,,,False,False
001-210689,6,medium,1.0017,1.0,1.0,1.0,1.0,1.0,1.0,0.8888888888888888,,,0,0,0,False,False,2727,2,,,False,False
001-210689,6,heavy,1.0206,1.0,1.0,1.0,1.0,1.0,1.0,0.9333333333333333,,,0,0,0,False,False,2727,2,,,False,False
001-211017,13,light,0.991,1.0,1.0,1.0,1.0,1.0,1.0,1.0,,,0,1,1,False,False,4766,4,,,False,False
001-211017,13,medium,1.0132,1.0,1.0,1.0,1.0,1.0,0.9714285714285714,0.9583333333333334,,,0,1,0,False,False,4766,4,,,False,False
001-211017,13,heavy,0.9995,1.0,1.0,1.0,1.0,1.0,0.9714285714285714,1.0,,,0,1,0,False,False,4766,4,,,False,False
001-211020,9,light,1.0,1.0,1.0,1.0,1.0,1.0,1.0,1.0,,,0,0,0,False,False,2948,1,,721,False,False
001-211020,9,medium,1.0316,1.0,1.0,1.0,1.0,1.0,1.0,1.0,,,0,0,0,False,False,2948,1,,731,False,False
001-211020,9,heavy,1.0183,1.0,1.0,1.0,1.0,1.0,1.0,1.0,,,0,0,0,False,False,2948,1,,713,False,False
001-211138,6,light,1.0,1.0,1.0,1.0,1.0,1.0,1.0,0.96875,,,0,0,0,False,False,1616,1,,391,False,False
001-211138,6,medium,1.0043,1.0,1.0,1.0,1.0,1.0,1.0,0.8125,,,0,0,0,False,False,1616,1,,386,False,False
001-211138,6,heavy,1.0223,1.0,1.0,1.0,1.0,1.0,1.0,0.8125,,,0,0,0,False,False,1616,1,,397,False,False
001-211596,P7-4,light,0.9856,1.0,1.0,1.0,1.0,1.0,0.9836065573770492,0.9846153846153847,,,0,3,5,False,False,2929,4,,,False,False
001-211596,P7-4,medium,0.9993,1.0,1.0,1.0,1.0,1.0,0.9836065573770492,0.9692307692307692,,,0,3,4,False,False,2929,4,,,False,False
001-211596,P7-4,heavy,1.0103,1.0,1.0,1.0,1.0,1.0,1.0,0.9846153846153847,,,0,3,5,False,False,2929,4,,,False,False
001-211777,10,light,0.9847,1.0,1.0,1.0,1.0,1.0,0.9952153110047847,0.9622641509433962,,,0,2,1,False,True,9864,17,,,False,False
001-211777,10,medium,0.9876,1.0,1.0,1.0,1.0,1.0,0.9617224880382775,0.9056603773584906,,,0,2,0,False,True,9864,17,,,False,False
001-211777,10,heavy,0.9852,1.0,1.0,1.0,1.0,1.0,0.9665071770334929,0.8584905660377359,,,0,2,0,False,True,9864,17,,,False,False
001-211795,8,light,0.9818,1.0,1.0,1.0,1.0,1.0,0.9838709677419355,0.9875,,,0,2,1,False,False,3781,5,,,False,False
001-211795,8,medium,0.9998,1.0,1.0,1.0,1.0,1.0,0.967741935483871,0.95,,,0,2,0,False,False,3781,5,,,False,False
001-211795,8,heavy,0.9836,1.0,1.0,1.0,1.0,1.0,0.967741935483871,0.875,,,0,2,0,False,False,3781,5,,,False,False
001-211814,11,light,0.9828,1.0,1.0,1.0,0.9629629629629629,1.0,0.9743589743589743,0.9791666666666666,,,0,2,2,False,False,3905,7,,,False,False
001-211814,11,medium,0.9865,1.0,1.0,1.0,0.9629629629629629,1.0,0.9615384615384616,0.9270833333333334,,,0,2,0,False,False,3905,7,,,False,False
001-211814,11,heavy,0.9783,1.0,1.0,1.0,0.9629629629629629,1.0,0.9615384615384616,0.9375,,,0,2,1,False,False,3905,7,,,False,False
001-211892,2,light,0.9847,1.0,1.0,1.0,1.0,1.0,1.0,1.0,,,0,0,0,False,False,2844,3,,,False,False
001-211892,2,medium,0.9957,1.0,1.0,1.0,1.0,1.0,1.0,1.0,,,0,0,0,False,False,2844,3,,,False,False
001-211892,2,heavy,1.017,1.0,1.0,1.0,1.0,1.0,1.0,1.0,,,0,0,0,False,False,2844,3,,,False,False
001-212150,8,light,0.9888,1.0,1.0,1.0,1.0,1.0,1.0,0.98,,,0,4,4,False,False,12960,3,1.0,,False,False
001-212150,8,medium,0.9708,1.0,1.0,1.0,1.0,1.0,1.0,0.86,,,0,4,3,False,False,12960,3,1.0,,False,False
001-212150,8,heavy,0.976,1.0,1.0,1.0,1.0,1.0,1.0,0.96,,,0,4,2,False,False,12960,3,1.0,,False,False
001-212829,P7-4,light,0.999,1.0,1.0,1.0,1.0,1.0,0.9920634920634921,1.0,,,0,3,3,False,False,6275,6,,,False,False
001-212829,P7-4,medium,1.0112,1.0,1.0,1.0,1.0,1.0,0.9761904761904762,1.0,,,0,3,2,False,False,6275,6,,,False,False
001-212829,P7-4,heavy,1.0066,1.0,1.0,1.0,1.0,1.0,0.9761904761904762,0.8888888888888888,,,0,3,3,False,False,6275,6,,,False,False
001-212843,3,light,1.0121,1.0,1.0,1.0,1.0,1.0,1.0,0.9245283018867925,,,0,0,0,False,False,2998,3,,,False,False
001-212843,3,medium,1.0169,1.0,1.0,1.0,1.0,1.0,1.0,0.8113207547169812,,,0,0,0,False,False,2998,3,,,False,False
001-212843,3,heavy,1.013,1.0,1.0,1.0,1.0,1.0,1.0,0.8113207547169812,,,0,0,0,False,False,2998,3,,,False,False
001-212897,7,light,0.9893,1.0,1.0,1.0,1.0,1.0,0.84375,0.8703703703703703,,,0,7,7,False,False,27952,1,1.0,5991,False,False
001-212897,7,medium,0.9737,1.0,1.0,1.0,0.9818181818181818,1.0,0.8333333333333334,0.8333333333333334,,,0,7,6,False,False,27952,1,1.0,5722,False,False
001-212897,7,heavy,0.985,1.0,1.0,1.0,1.0,1.0,0.8263888888888888,0.8333333333333334,,,0,7,6,False,False,27952,1,1.0,5804,False,False
001-212970,8,light,0.9882,1.0,1.0,1.0,1.0,1.0,0.968503937007874,0.9891304347826086,,,0,8,8,False,False,14697,8,1.0,,False,False
001-212970,8,medium,0.9823,1.0,1.0,1.0,1.0,1.0,0.9606299212598425,0.9782608695652174,,,0,8,0,False,False,14697,8,1.0,,False,False
001-212970,8,heavy,0.9839,1.0,1.0,1.0,1.0,1.0,0.984251968503937,0.9782608695652174,,2013-02-18,1,8,0,False,False,14697,8,1.0,,False,False
001-213203,14,light,0.9758,1.0,1.0,1.0,1.0,1.0,1.0,1.0,,,0,2,2,False,False,10039,7,,,False,False
001-213203,14,medium,0.9614,1.0,1.0,1.0,1.0,1.0,0.9849624060150376,0.9032258064516129,,,0,2,3,False,False,10039,7,,,False,False
001-213203,14,heavy,0.9753,1.0,1.0,1.0,1.0,1.0,0.9924812030075187,0.9032258064516129,,,0,2,1,False,False,10039,7,,,False,False
001-213406,8,light,0.97,1.0,1.0,1.0,1.0,1.0,1.0,1.0,,,0,0,0,False,False,10434,4,,,False,False
001-213406,8,medium,0.9336,1.0,1.0,1.0,1.0,1.0,0.8775510204081632,0.9629629629629629,,,0,0,0,False,False,10434,4,,,False,False
001-213406,8,heavy,0.928,1.0,1.0,1.0,1.0,1.0,0.8775510204081632,0.9629629629629629,,,0,0,0,False,False,10434,4,,,False,False
001-213407,8,light,0.9782,1.0,1.0,1.0,1.0,1.0,0.9210526315789473,0.9743589743589743,,,0,0,0,False,False,5954,5,,,False,False
001-213407,8,medium,0.9501,1.0,1.0,1.0,1.0,1.0,0.8157894736842105,0.9230769230769231,,,0,0,0,False,False,5954,5,,,False,False
001-213407,8,heavy,0.9691,1.0,1.0,1.0,1.0,1.0,0.8947368421052632,0.9230769230769231,,,0,0,0,False,False,5954,5,,,False,False
001-213522,8,light,0.9886,1.0,1.0,1.0,1.0,1.0,1.0,0.9545454545454546,,,0,3,1,False,False,3056,5,,,False,False
001-213522,8,medium,1.0083,1.0,1.0,1.0,1.0,1.0,0.9803921568627451,0.9545454545454546,,,0,3,0,False,False,3056,5,,,False,False
001-213522,8,heavy,1.0129,1.0,1.0,1.0,1.0,1.0,0.9803921568627451,0.9545454545454546,,,0,3,0,False,False,3056,5,,,False,False
001-213525,6,light,0.9869,1.0,1.0,1.0,1.0,1.0,1.0,0.9795918367346939,,,0,2,1,False,False,2988,3,,,False,False
001-213525,6,medium,1.0071,1.0,1.0,1.0,1.0,1.0,0.9743589743589743,0.9183673469387755,,,0,2,1,False,False,2988,3,,,False,False
001-213525,6,heavy,0.9963,1.0,1.0,1.0,1.0,1.0,0.9743589743589743,0.9183673469387755,,,0,2,1,False,False,2988,3,,,False,False
001-213529,6,light,0.9899,1.0,1.0,1.0,1.0,1.0,1.0,0.9871794871794872,,,0,1,1,False,False,6248,9,,,False,False
001-213529,6,medium,0.9881,1.0,1.0,1.0,0.9545454545454546,1.0,0.9714285714285714,0.9871794871794872,,,0,1,2,False,False,6248,9,,,False,False
001-213529,6,heavy,0.9859,1.0,1.0,1.0,0.9545454545454546,1.0,0.9714285714285714,0.9871794871794872,,,0,1,2,False,False,6248,9,,,False,False
001-213706,13,light,0.9958,1.0,1.0,1.0,1.0,1.0,1.0,1.0,,,0,0,0,False,False,3245,3,,,False,False
001-213706,13,medium,0.9857,1.0,1.0,1.0,1.0,1.0,1.0,1.0,,,0,0,0,False,False,3245,3,,,False,False
001-213706,13,heavy,1.0012,1.0,1.0,1.0,1.0,1.0,1.0,1.0,,,0,0,0,False,False,3245,3,,,False,False
001-213706,P4-2,light,0.9832,1.0,1.0,1.0,1.0,1.0,1.0,1.0,,,0,0,0,False,False,3245,3,,,False,False
001-213706,P4-2,medium,1.0147,1.0,1.0,1.0,1.0,1.0,1.0,1.0,,,0,0,0,False,False,3245,3,,,False,False
001-213706,P4-2,heavy,0.9994,1.0,1.0,1.0,1.0,1.0,1.0,1.0,,,0,0,0,False,False,3245,3,,,False,False
001-213730,5,light,1.0156,1.0,1.0,1.0,1.0,1.0,1.0,0.9705882352941176,,,0,0,0,False,False,2961,2,,,False,False
001-213730,5,medium,0.9385,1.0,1.0,1.0,1.0,1.0,1.0,0.8235294117647058,,,0,0,0,False,False,2961,2,,,False,False
001-213730,5,heavy,0.9466,1.0,1.0,1.0,1.0,1.0,1.0,0.8529411764705882,,,0,0,0,False,False,2961,2,,,False,False
001-213788,10,light,0.9818,1.0,1.0,1.0,1.0,1.0,1.0,1.0,,,0,2,2,False,False,5120,6,,,False,False
001-213788,10,medium,0.9701,1.0,1.0,1.0,0.975609756097561,1.0,0.9753086419753086,1.0,,,0,2,1,False,False,5120,6,,,False,False
001-213788,10,heavy,0.9901,1.0,1.0,1.0,1.0,1.0,0.9876543209876543,0.8823529411764706,,,0,2,1,False,False,5120,6,,,False,False
001-213796,13,light,0.9952,1.0,1.0,1.0,1.0,1.0,0.9861111111111112,0.9833333333333333,,,0,3,3,False,False,4002,5,,,False,False
001-213796,13,medium,1.0044,1.0,0.9444444444444444,1.0,0.98,1.0,0.9583333333333334,0.95,,2011 2012,2,3,2,False,False,4002,5,,,False,False
001-213796,13,heavy,1.0004,1.0,0.9444444444444444,1.0,0.98,1.0,0.9583333333333334,0.9833333333333333,,2011 2012,2,3,3,False,False,4002,5,,,False,False
001-213853,6,light,0.9861,1.0,1.0,1.0,1.0,1.0,0.9831932773109243,0.9701492537313433,,,0,6,6,False,False,3012,11,,,False,False
001-213853,6,medium,0.9544,1.0,1.0,1.0,1.0,1.0,0.9831932773109243,0.9552238805970149,,,0,6,6,False,False,3012,11,,,False,False
001-213853,6,heavy,0.9716,1.0,1.0,1.0,1.0,1.0,0.9915966386554622,0.9701492537313433,,,0,6,5,False,False,3012,11,,,False,False
001-213901,6,light,0.9794,1.0,1.0,1.0,1.0,1.0,0.9949238578680203,0.9615384615384616,,,0,17,18,False,True,23452,9,1.0,,False,False
001-213901,6,medium,0.95,1.0,1.0,1.0,1.0,1.0,0.9847715736040609,0.8589743589743589,,,0,17,12,False,True,23452,9,1.0,,False,False
001-213901,6,heavy,0.9613,1.0,1.0,1.0,1.0,1.0,0.9847715736040609,0.8333333333333334,,,0,17,15,False,True,23452,9,1.0,,False,False
001-214012,8,light,0.9837,1.0,1.0,1.0,1.0,1.0,1.0,1.0,,,0,4,3,False,False,3001,6,,,False,False
001-214012,8,medium,0.9654,1.0,0.9629629629629629,0.9583333333333334,0.8888888888888888,1.0,0.9375,1.0,2021-06-15,,0,4,2,False,False,3001,6,,,False,False
001-214012,8,heavy,0.9603,1.0,1.0,1.0,1.0,1.0,1.0,1.0,,,0,4,3,False,False,3001,6,,,False,False
001-214047,3,light,0.9979,1.0,1.0,1.0,1.0,1.0,1.0,0.9333333333333333,,,0,0,0,False,False,2971,3,,,False,False
001-214047,3,medium,1.0123,1.0,0.9444444444444444,0.9347826086956522,1.0,1.0,0.9565217391304348,0.8333333333333334,2016-02-18 2016-07-31 2016-08-11,,0,0,0,False,False,2971,3,,,False,False
001-214047,3,heavy,0.9923,1.0,1.0,1.0,1.0,1.0,1.0,0.85,,,0,0,0,False,False,2971,3,,,False,False
001-214048,3,light,0.9985,1.0,1.0,1.0,1.0,1.0,1.0,0.9,,,0,0,0,False,False,2994,6,,,False,False
001-214048,3,medium,0.9688,0.9230769230769231,0.9906542056074766,0.9893617021276596,1.0,1.0,0.986013986013986,0.875,2016-05-26,,0,0,0,False,False,2994,6,,,False,False
001-214048,3,heavy,1.0086,0.9743589743589743,1.0,1.0,1.0,1.0,0.993006993006993,0.8875,,2013-11-22 2015-10-07,2,0,0,False,False,2994,6,,,False,False
001-214780,2,light,0.9978,1.0,1.0,1.0,1.0,1.0,0.75,0.975609756097561,,2016,1,0,0,False,False,2793,3,,,False,False
001-214780,2,medium,0.983,1.0,1.0,1.0,0.8571428571428571,1.0,0.75,0.926829268292683,,2016,1,0,0,False,False,2793,3,,,False,False
001-214780,2,heavy,0.9935,1.0,1.0,1.0,1.0,1.0,0.75,0.926829268292683,,,0,0,0,False,False,2793,3,,,False,False
001-215132,13,light,1.0279,1.0,1.0,1.0,1.0,1.0,0.9333333333333333,1.0,,,0,1,1,False,False,2975,1,,696,False,False
001-215132,13,medium,1.0847,1.0,1.0,1.0,1.0,1.0,0.9333333333333333,0.9444444444444444,,,0,1,1,False,False,2975,1,,717,False,False
001-215132,13,heavy,1.0551,1.0,1.0,1.0,1.0,1.0,0.9333333333333333,0.9444444444444444,,,0,1,1,False,False,2975,1,,692,False,False
001-215132,P1-1,light,1.0017,1.0,1.0,1.0,1.0,1.0,0.9333333333333333,1.0,,,0,1,1,False,False,2975,1,,685,False,False
001-215132,P1-1,medium,1.0797,1.0,1.0,1.0,1.0,1.0,0.9333333333333333,0.9444444444444444,,,0,1,1,False,False,2975,1,,714,False,False
001-215132,P1-1,heavy,1.0518,1.0,1.0,1.0,1.0,1.0,0.9333333333333333,0.9444444444444444,,,0,1,1,False,False,2975,1,,697,False,False
001-215166,6,light,0.9771,1.0,1.0,1.0,1.0,1.0,0.9861111111111112,0.9761904761904762,,,0,1,1,False,False,7674,13,,,False,False
001-215166,6,medium,0.9597,1.0,0.9615384615384616,1.0,0.975609756097561,0.96,0.9166666666666666,0.9642857142857143,6.3,7.23 9.45,2,1,1,False,False,7674,13,,,False,False
001-215166,6,heavy,0.9628,1.0,0.9615384615384616,1.0,1.0,1.0,0.9513888888888888,0.9642857142857143,,,0,1,0,False,False,7674,13,,,False,False
001-215170,3,light,0.9881,1.0,1.0,1.0,1.0,1.0,1.0,1.0,,,0,3,2,False,False,2598,1,,549,False,False
001-215170,3,medium,1.0323,1.0,1.0,1.0,1.0,1.0,1.0,0.9375,,,0,3,2,False,False,2598,1,,568,False,False
001-215170,3,heavy,1.0127,1.0,1.0,1.0,1.0,1.0,1.0,1.0,,,0,3,2,False,False,2598,1,,556,False,False
001-215176,8,light,0.9761,1.0,1.0,1.0,1.0,1.0,1.0,1.0,,,0,1,1,False,False,10159,6,,,False,False
001-215176,8,medium,0.9432,1.0,1.0,1.0,1.0,1.0,0.9833333333333333,0.9076923076923077,,,0,1,0,False,False,10159,6,,,False,False
001-215176,8,heavy,0.9649,1.0,1.0,1.0,1.0,1.0,0.9833333333333333,0.9076923076923077,,,0,1,0,False,False,10159,6,,,False,False
001-215177,8,light,0.9776,1.0,1.0,1.0,1.0,1.0,1.0,0.9682539682539683,,,0,0,0,False,False,10592,5,,,False,False
001-215177,8,medium,0.9739,1.0,1.0,1.0,1.0,1.0,0.9814814814814815,0.9682539682539683,,,0,0,0,False,False,10592,5,,,False,False
001-215177,8,heavy,0.9601,1.0,1.0,1.0,1.0,1.0,1.0,0.873015873015873,,,0,0,0,False,False,10592,5,,,False,False
001-215350,8,light,0.9924,1.0,1.0,1.0,0.8333333333333334,0.8333333333333334,0.5483870967741935,1.0,4.2,,0,1,1,False,False,6279,1,,1295,False,False
001-215350,8,medium,0.9917,1.0,1.0,1.0,0.8333333333333334,0.8333333333333334,0.5483870967741935,0.9523809523809523,4.2,,0,1,1,False,False,6279,1,,1285,False,False
001-215350,8,heavy,1.0217,1.0,1.0,1.0,0.8333333333333334,0.8333333333333334,0.5483870967741935,0.9523809523809523,4.2,,0,1,1,False,False,6279,1,,1326,False,False
001-215708,6,light,0.9818,1.0,1.0,1.0,1.0,1.0,1.0,1.0,,,0,14,14,False,False,4265,8,,,False,False
001-215708,6,medium,0.9717,1.0,0.9722222222222222,1.0,0.9807692307692307,0.9615384615384616,0.9907407407407407,0.9850746268656716,100,,0,14,11,False,False,4265,8,,,False,False
001-215708,6,heavy,0.9754,1.0,0.9722222222222222,1.0,0.9807692307692307,0.9615384615384616,0.9907407407407407,0.9850746268656716,100,,0,14,9,False,False,4265,8,,,False,False
001-215716,14,light,0.9872,1.0,1.0,1.0,1.0,1.0,1.0,0.9807692307692307,,,0,1,1,False,False,6042,5,,,False,False
001-215716,14,medium,0.9693,1.0,1.0,1.0,1.0,1.0,1.0,0.8653846153846154,,,0,1,0,False,False,6042,5,,,False,False
001-215716,14,heavy,0.9906,1.0,1.0,1.0,1.0,1.0,1.0,0.8653846153846154,,,0,1,0,False,False,6042,5,,,False,False
001-215735,6,light,1.0097,1.0,1.0,1.0,,,1.0,1.0,,,0,0,0,False,False,1650,1,,404,False,False
001-215735,6,medium,1.0334,1.0,1.0,1.0,,,1.0,0.8387096774193549,,,0,0,0,False,False,1650,1,,403,False,False
001-215735,6,heavy,1.0406,1.0,1.0,1.0,,,1.0,0.8064516129032258,,,0,0,0,False,False,1650,1,,400,False,False
001-215898,13,light,0.9967,1.0,1.0,1.0,1.0,1.0,0.9285714285714286,0.94,,,0,0,0,False,False,2964,3,,,False,False
001-215898,13,medium,1.0332,1.0,1.0,1.0,1.0,1.0,0.8928571428571429,0.76,,,0,0,0,False,False,2964,3,,,False,False
001-215898,13,heavy,1.0238,1.0,1.0,1.0,1.0,1.0,0.9285714285714286,0.8,,,0,0,0,False,False,2964,3,,,False,False
001-215913,6,light,0.9932,1.0,1.0,1.0,1.0,1.0,1.0,1.0,,,0,0,0,False,False,3643,2,,,False,False
001-215913,6,medium,1.0016,1.0,1.0,1.0,1.0,1.0,0.9285714285714286,1.0,,,0,0,0,False,False,3643,2,,,False,False
001-215913,6,heavy,0.9858,1.0,1.0,1.0,1.0,1.0,0.9285714285714286,1.0,,,0,0,0,False,False,3643,2,,,False,False
001-216184,6,light,0.993,1.0,1.0,1.0,1.0,1.0,1.0,0.9880952380952381,,,0,2,2,False,False,5446,4,,,False,False
001-216184,6,medium,0.9863,1.0,1.0,1.0,1.0,1.0,0.9821428571428571,0.9285714285714286,,,0,2,1,False,False,5446,4,,,False,False
001-216184,6,heavy,1.0007,1.0,1.0,1.0,1.0,1.0,0.9642857142857143,0.8571428571428571,,,0,2,1,False,False,5446,4,,,False,False
001-216193,P1-1,light,1.0189,1.0,1.0,1.0,0.9876543209876543,1.0,0.9882352941176471,0.972972972972973,,,0,1,1,False,False,2982,5,,,False,False
001-216193,P1-1,medium,0.9814,1.0,1.0,1.0,0.9876543209876543,1.0,0.9882352941176471,0.8378378378378378,,,0,1,1,False,False,2982,5,,,False,False
001-216193,P1-1,heavy,0.9946,1.0,1.0,1.0,0.9876543209876543,1.0,0.9882352941176471,0.8243243243243243,,,0,1,1,False,False,2982,5,,,False,False
001-216196,P1-1,light,0.9894,1.0,1.0,1.0,1.0,1.0,0.991869918699187,1.0,,,0,4,4,False,False,3621,13,,,False,False
001-216196,P1-1,medium,0.9885,1.0,0.9830508474576272,0.9811320754716981,1.0,1.0,0.975609756097561,0.9795918367346939,2005-04-26,2005-04-28,1,4,2,False,False,3621,13,,,False,False
001-216196,P1-1,heavy,0.9995,1.0,0.9830508474576272,0.9811320754716981,1.0,1.0,0.983739837398374,0.9795918367346939,2005-04-26,,0,4,2,False,False,3621,13,,,False,False
001-216348,8,light,0.9841,1.0,1.0,1.0,1.0,1.0,1.0,1.0,,,0,4,3,False,True,16944,9,,,False,False
001-216348,8,medium,0.9368,1.0,1.0,1.0,1.0,1.0,0.9919354838709677,0.9659090909090909,,,0,4,4,False,True,16944,9,,,False,False
001-216348,8,heavy,0.9445,1.0,1.0,1.0,1.0,1.0,0.9919354838709677,0.9659090909090909,,,0,4,6,False,True,16944,9,,,False,False
001-216349,P1-1,light,1.0012,1.0,1.0,1.0,1.0,1.0,1.0,1.0,,,0,0,0,False,False,3635,3,,,False,False
001-216349,P1-1,medium,0.9966,1.0,1.0,1.0,1.0,1.0,1.0,1.0,,,0,0,0,False,False,3635,3,,,False,False
001-216349,P1-1,heavy,1.0052,1.0,1.0,1.0,1.0,1.0,1.0,1.0,,,0,0,1,False,False,3635,3,,,False,False
001-216352,5,light,0.9931,1.0,1.0,1.0,0.95,0.9230769230769231,0.9855072463768116,0.979381443298969,3.5,,0,0,0,False,False,11493,7,,,False,False
001-216352,5,medium,0.9921,1.0,1.0,1.0,0.95,0.9230769230769231,0.9782608695652174,0.9587628865979382,3.5,,0,0,0,False,False,11493,7,,,False,False
001-216352,5,heavy,0.987,1.0,1.0,1.0,1.0,1.0,0.9927536231884058,0.9381443298969072,,,0,0,0,False,False,11493,7,,,False,False
001-216454,8,light,1.0005,1.0,1.0,1.0,1.0,1.0,0.9910714285714286,0.9787234042553191,,,0,16,16,False,False,12515,7,1.0,,False,False
001-216454,8,medium,1.0105,1.0,1.0,1.0,1.0,1.0,1.0,0.8297872340425532,,,0,16,6,False,False,12515,7,1.0,,False,False
001-216454,8,heavy,1.0152,1.0,1.0,1.0,1.0,1.0,1.0,0.851063829787234,,,0,16,11,False,False,12515,7,1.0,,False,False
001-216463,11,light,0.9923,1.0,1.0,1.0,1.0,1.0,1.0,0.95,,,0,3,2,False,False,5237,10,,,False,False
001-216463,11,medium,1.0085,1.0,1.0,1.0,1.0,1.0,0.9897959183673469,0.8333333333333334,,,0,3,3,False,False,5237,10,,,False,False
001-216463,11,heavy,1.0041,1.0,1.0,1.0,1.0,1.0,0.9948979591836735,0.9333333333333333,,,0,3,3,False,False,5237,10,,,False,False
001-216464,14,light,0.9806,1.0,1.0,1.0,1.0,1.0,1.0,0.9852941176470589,,,0,0,0,False,False,4978,11,,,False,False
001-216464,14,medium,0.9679,1.0,0.9661016949152542,0.9583333333333334,1.0,1.0,0.9846153846153847,0.9852941176470589,2014-10-30 2014-11-28,,0,0,0,False,False,4978,11,,,False,False
001-216464,14,heavy,0.9712,1.0,1.0,1.0,1.0,1.0,1.0,0.9117647058823529,,,0,0,0,False,False,4978,11,,,False,False
001-216535,6,light,1.0235,1.0,1.0,1.0,1.0,1.0,1.0,0.9736842105263158,,,0,0,0,False,False,2957,2,,,False,False
001-216535,6,medium,1.014,1.0,1.0,1.0,1.0,1.0,1.0,0.8157894736842105,,,0,0,0,False,False,2957,2,,,False,False
001-216535,6,heavy,0.9163,1.0,1.0,1.0,1.0,1.0,1.0,0.7894736842105263,,,0,0,0,False,False,2957,2,,,False,False
001-216686,6,light,0.9815,1.0,1.0,1.0,1.0,1.0,1.0,1.0,,,0,2,1,False,False,3983,9,,,False,False
001-216686,6,medium,0.9788,1.0,1.0,1.0,1.0,1.0,1.0,0.9891304347826086,,,0,2,1,False,False,3983,9,,,False,False
001-216686,6,heavy,0.9854,1.0,1.0,1.0,1.0,1.0,1.0,0.9130434782608695,,,0,2,1,False,False,3983,9,,,False,False
001-216720,5,light,1.0221,1.0,1.0,1.0,1.0,1.0,1.0,0.9444444444444444,,,0,0,0,False,False,2964,2,,,False,False
001-216720,5,medium,0.9566,1.0,1.0,1.0,1.0,1.0,1.0,0.8333333333333334,,,0,0,0,False,False,2964,2,,,False,False
001-216720,5,heavy,0.9547,1.0,1.0,1.0,1.0,1.0,1.0,0.8333333333333334,,,0,0,0,False,False,2964,2,,,False,False
001-217039,10,light,0.9827,1.0,0.9615384615384616,1.0,1.0,1.0,1.0,0.9808917197452229,,,0,8,3,False,False,6876,10,,,False,False
001-217039,10,medium,0.9442,1.0,0.8076923076923077,0.8636363636363636,1.0,1.0,0.9861111111111112,0.9235668789808917,2018-07-19 2018-07-27 2018-07-29,,0,8,3,False,False,6876,10,,,False,False
001-217039,10,heavy,0.9502,1.0,0.9615384615384616,1.0,1.0,1.0,1.0,0.9490445859872612,,,0,8,6,False,False,6876,10,,,False,False
001-217415,P1-1,light,1.0097,1.0,1.0,1.0,,,1.0,0.9375,,,0,0,0,False,False,1747,1,,435,False,False
001-217415,P1-1,medium,1.0819,1.0,1.0,1.0,,,0.75,0.84375,,,0,0,0,False,False,1747,1,,444,False,False
001-217415,P1-1,heavy,1.0172,1.0,1.0,1.0,,,1.0,0.8125,,,0,0,0,False,False,1747,1,,443,False,False
001-217436,14,light,0.9794,1.0,1.0,1.0,1.0,1.0,1.0,0.9733333333333334,,,0,2,3,False,False,6471,6,,,False,False
001-217436,14,medium,0.9725,1.0,1.0,1.0,1.0,1.0,0.979381443298969,0.9733333333333334,,,0,2,2,False,False,6471,6,,,False,False
001-217436,14,heavy,0.9941,1.0,1.0,1.0,1.0,1.0,1.0,0.9733333333333334,,,0,2,1,False,False,6471,6,,,False,False
001-217605,6,light,0.9993,1.0,1.0,1.0,1.0,1.0,1.0,0.9459459459459459,,,0,0,0,False,False,2815,1,,657,False,False
001-217605,6,medium,1.0071,1.0,1.0,1.0,1.0,1.0,1.0,1.0,,,0,0,0,False,False,2815,1,,656,False,False
001-217605,6,heavy,0.9897,1.0,1.0,1.0,1.0,1.0,1.0,1.0,,,0,0,0,False,False,2815,1,,650,False,False
001-218022,8,light,0.98,1.0,1.0,1.0,1.0,1.0,0.9935483870967742,0.9882352941176471,,,0,3,3,False,True,20431,8,,,False,False
001-218022,8,medium,0.9553,1.0,1.0,1.0,1.0,1.0,0.9935483870967742,0.9529411764705882,,,0,3,4,False,True,20431,8,,,False,False
001-218022,8,heavy,0.9654,1.0,1.0,1.0,1.0,1.0,0.9935483870967742,0.8823529411764706,,,0,3,3,False,True,20431,8,,,False,False
001-218074,P7-4,light,0.9884,1.0,1.0,1.0,1.0,1.0,0.9864864864864865,1.0,,,0,3,6,False,False,9030,6,,,False,False
001-218074,P7-4,medium,0.982,1.0,1.0,1.0,0.9873417721518988,1.0,0.9797297297297297,1.0,,,0,3,4,False,False,9030,6,,,False,False
001-218074,P7-4,heavy,0.9735,1.0,1.0,1.0,0.9873417721518988,1.0,0.9932432432432432,1.0,,,0,3,5,False,False,9030,6,,,False,False
001-218131,P1-1,light,0.9758,1.0,1.0,1.0,1.0,1.0,1.0,0.9838709677419355,,,0,1,1,False,False,4184,7,,,False,False
001-218131,P1-1,medium,0.9669,1.0,1.0,1.0,1.0,1.0,0.9550561797752809,0.9193548387096774,,,0,1,1,False,False,4184,7,,,False,False
001-218131,P1-1,heavy,0.9819,1.0,1.0,1.0,1.0,1.0,0.9662921348314607,0.9193548387096774,,,0,1,1,False,False,4184,7,,,False,False
001-218132,8,light,0.9806,1.0,1.0,1.0,1.0,1.0,0.9761904761904762,1.0,,,0,5,4,False,False,11025,5,,,False,False
001-218132,8,medium,0.9802,1.0,1.0,1.0,1.0,1.0,0.9523809523809523,1.0,,,0,5,3,False,False,11025,5,,,False,False
001-218132,8,heavy,0.9672,1.0,1.0,1.0,1.0,1.0,0.9761904761904762,1.0,,,0,5,4,False,False,11025,5,,,False,False
001-218941,14,light,0.9739,1.0,1.0,1.0,0.9565217391304348,0.9444444444444444,0.9846153846153847,1.0,124,,0,2,3,False,False,4889,4,,,False,False
001-218941,14,medium,0.9857,1.0,1.0,1.0,0.9565217391304348,0.9444444444444444,0.9538461538461539,1.0,124,,0,2,4,False,False,4889,4,,,False,False
001-218941,14,heavy,1.0088,1.0,1.0,1.0,0.9565217391304348,0.9444444444444444,0.9846153846153847,1.0,124,,0,2,4,False,False,4889,4,,,False,False
001-219068,2,light,0.985,1.0,1.0,1.0,1.0,1.0,1.0,1.0,,,0,2,2,False,False,6719,8,,,False,False
001-219068,2,medium,0.9775,1.0,1.0,1.0,0.9473684210526315,1.0,0.9661016949152542,0.8596491228070176,,,0,2,2,False,False,6719,8,,,False,False
001-219068,2,heavy,0.9889,1.0,1.0,1.0,1.0,1.0,0.9830508474576272,0.9824561403508771,,,0,2,1,False,False,6719,8,,,False,False
001-219194,10,light,0.9992,1.0,1.0,1.0,1.0,1.0,0.7878787878787878,0.9859154929577465,,,0,12,12,False,True,50001,1,1.0,10418,False,False
001-219194,10,medium,0.991,1.0,1.0,1.0,1.0,1.0,0.7636363636363637,0.971830985915493,,,0,12,6,False,True,50001,1,1.0,10039,False,False
001-219194,10,heavy,1.0065,1.0,1.0,1.0,1.0,1.0,0.793939393939394,0.9859154929577465,,,0,12,10,False,True,50001,1,1.0,10119,False,False
001-219220,6,light,0.986,1.0,1.0,1.0,1.0,1.0,0.9591836734693877,1.0,,,0,0,0,False,False,8379,3,,,False,False
001-219220,6,medium,0.9617,1.0,1.0,1.0,1.0,1.0,0.9795918367346939,0.9230769230769231,,,0,0,0,False,False,8379,3,,,False,False
001-219220,6,heavy,0.9588,1.0,1.0,1.0,1.0,1.0,1.0,0.9230769230769231,,,0,0,0,False,False,8379,3,,,False,False
001-219226,8,light,1.0045,1.0,1.0,1.0,1.0,1.0,0.996078431372549,0.9752066115702479,,,0,9,9,False,False,3974,18,,,False,False
001-219226,8,medium,1.0124,1.0,0.9859154929577465,1.0,1.0,1.0,0.996078431372549,0.9173553719008265,,,0,9,4,False,False,3974,18,,,False,False
001-219226,8,heavy,1.0144,1.0,1.0,1.0,1.0,1.0,0.996078431372549,0.9173553719008265,,,0,9,5,False,False,3974,18,,,False,False
001-219293,13,light,1.0239,1.0,1.0,1.0,1.0,1.0,0.8461538461538461,0.9761904761904762,,,0,0,0,False,False,2675,1,,728,False,False
001-219293,13,medium,1.0314,1.0,1.0,1.0,1.0,1.0,0.8076923076923077,0.8333333333333334,,,0,0,0,False,False,2675,1,,654,False,False
001-219293,13,heavy,0.9372,1.0,1.0,1.0,1.0,1.0,0.8461538461538461,0.8333333333333334,,,0,0,0,False,False,2675,1,,655,False,False
001-219309,P1-1,light,0.9953,1.0,1.0,1.0,0.75,0.75,0.8181818181818182,1.0,1.2,,0,1,1,False,False,3816,1,,831,False,False
001-219309,P1-1,medium,1.0215,1.0,1.0,1.0,0.75,0.75,0.8181818181818182,1.0,1.2,,0,1,2,False,False,3816,1,,836,False,False
001-219309,P1-1,heavy,1.0223,1.0,1.0,1.0,0.75,0.75,0.8181818181818182,0.9565217391304348,1.2,,0,1,1,False,False,3816,1,,837,False,False
001-219490,34,light,0.9793,1.0,1.0,1.0,1.0,1.0,0.7058823529411765,0.9696969696969697,,,0,0,0,False,False,2758,1,,578,False,False
001-219490,34,medium,1.0011,1.0,1.0,1.0,1.0,1.0,0.7647058823529411,0.8484848484848485,,,0,0,0,False,False,2758,1,,583,False,False
001-219490,34,heavy,1.0047,1.0,1.0,1.0,1.0,1.0,0.7647058823529411,0.8484848484848485,,,0,0,0,False,False,2758,1,,588,False,False
001-219493,3,light,1.0327,1.0,1.0,1.0,1.0,1.0,0.782608695652174,0.9032258064516129,,,0,0,0,False,False,2724,1,,708,False,False
001-219493,3,medium,1.2141,1.0,1.0,1.0,1.0,1.0,0.6956521739130435,0.8064516129032258,,,0,0,0,False,False,2724,1,,769,False,False
001-219493,3,heavy,1.1575,1.0,1.0,1.0,1.0,1.0,0.782608695652174,0.8387096774193549,,,0,0,0,False,False,2724,1,,754,False,False
001-219500,3,light,1.028,1.0,1.0,1.0,1.0,1.0,1.0,0.9090909090909091,,,0,0,0,False,False,2612,1,,637,False,False
001-219500,3,medium,1.1314,1.0,1.0,1.0,1.0,1.0,0.7857142857142857,0.7575757575757576,,,0,0,0,False,False,2612,1,,665,False,False
001-219500,3,heavy,1.1245,1.0,1.0,1.0,1.0,1.0,1.0,0.8181818181818182,,,0,0,0,False,False,2612,1,,663,False,False
001-219506,5,light,1.0165,1.0,1.0,1.0,1.0,1.0,0.6666666666666666,0.9629629629629629,,,0,0,0,False,False,1699,1,,453,False,False
001-219506,5,medium,1.0395,1.0,1.0,1.0,1.0,1.0,0.6666666666666666,0.9629629629629629,,,0,0,0,False,False,1699,1,,444,False,False
001-219506,5,heavy,1.0424,1.0,1.0,1.0,1.0,1.0,0.6666666666666666,0.9259259259259259,,,0,0,0,False,False,1699,1,,453,False,False
001-219556,6,light,0.9816,1.0,1.0,1.0,1.0,1.0,0.9966101694915255,0.9829059829059829,,1996-09-05,1,14,12,False,True,6090,19,,,False,False
001-219556,6,medium,0.9611,1.0,1.0,1.0,1.0,1.0,0.9932203389830508,0.9743589743589743,,1996-09-05,1,14,11,False,True,6090,19,,,False,False
001-219556,6,heavy,0.9683,1.0,1.0,1.0,1.0,1.0,0.9932203389830508,0.9743589743589743,,1996-09-05,1,14,17,False,True,6090,19,,,False,False
001-219641,P1-1,light,0.9755,1.0,1.0,1.0,1.0,1.0,0.9532710280373832,1.0,,49.77,1,2,2,False,False,8333,8,,,False,False
001-219641,P1-1,medium,0.9246,1.0,0.9594594594594594,1.0,1.0,1.0,0.9345794392523364,0.9824561403508771,,49.77,1,2,0,False,False,8333,8,,,False,False
001-219641,P1-1,heavy,0.9478,1.0,1.0,1.0,1.0,1.0,0.9626168224299065,1.0,,49.77,1,2,1,False,False,8333,8,,,False,False
001-219684,8,light,1.0175,1.0,1.0,1.0,1.0,1.0,1.0,0.9777777777777777,,,0,0,0,False,False,2923,1,,789,False,False
001-219684,8,medium,1.0845,1.0,1.0,1.0,1.0,1.0,1.0,0.8444444444444444,,,0,0,0,False,False,2923,1,,778,False,False
001-219684,8,heavy,1.1277,1.0,1.0,1.0,1.0,1.0,1.0,0.8444444444444444,,,0,0,0,False,False,2923,1,,831,False,False
001-219944,6,light,1.0025,1.0,1.0,1.0,1.0,1.0,0.9863013698630136,1.0,,,0,1,0,False,False,2998,8,,,False,False
001-219944,6,medium,1.0158,1.0,1.0,1.0,1.0,1.0,0.9863013698630136,0.8783783783783784,,,0,1,0,False,False,2998,8,,,False,False
001-219944,6,heavy,1.0042,1.0,1.0,1.0,1.0,1.0,0.9726027397260274,0.8648648648648649,,,0,1,0,False,False,2998,8,,,False,False
001-219946,6,light,0.9824,1.0,1.0,1.0,1.0,1.0,1.0,0.9838709677419355,,,0,0,0,False,False,10754,5,,,False,False
001-219946,6,medium,0.9626,1.0,1.0,1.0,1.0,1.0,0.9354838709677419,0.9838709677419355,,,0,0,0,False,False,10754,5,,,False,False
001-219946,6,heavy,0.9963,1.0,1.0,1.0,1.0,1.0,0.967741935483871,0.8870967741935484,,,0,0,0,False,False,10754,5,,,False,False
001-219984,14,light,0.985,1.0,1.0,1.0,1.0,1.0,1.0,1.0,,,0,3,4,False,False,10143,11,,,False,False
001-219984,14,medium,0.9806,1.0,1.0,1.0,1.0,1.0,0.9763779527559056,0.9807692307692307,,,0,3,2,False,False,10143,11,,,False,False
001-219984,14,heavy,0.9877,1.0,1.0,1.0,1.0,1.0,0.9763779527559056,0.9807692307692307,,,0,3,1,False,False,10143,11,,,False,False
001-219988,2,light,0.9916,1.0,1.0,1.0,1.0,1.0,0.9875,0.9727272727272728,,,0,0,0,False,False,9924,15,,,False,False
001-219988,2,medium,0.9952,1.0,0.9855072463768116,0.9833333333333333,1.0,1.0,1.0,0.8909090909090909,2022-05-03,,0,0,0,False,False,9924,15,,,False,False
001-219988,2,heavy,0.9809,1.0,1.0,1.0,1.0,1.0,1.0,0.9363636363636364,,,0,0,0,False,False,9924,15,,,False,False
001-220010,P1-1,light,1.0,1.0,1.0,1.0,1.0,1.0,0.55,1.0,,,0,0,0,False,False,4328,1,,919,False,False
001-220010,P1-1,medium,1.0099,1.0,1.0,1.0,1.0,1.0,0.55,1.0,,,0,0,0,False,False,4328,1,,918,False,False
001-220010,P1-1,heavy,1.015,1.0,1.0,1.0,1.0,1.0,0.55,0.9473684210526315,,,0,0,0,False,False,4328,1,,911,False,False
001-220013,14,light,0.9802,1.0,1.0,1.0,1.0,1.0,0.9731800766283525,0.978494623655914,,,0,4,4,False,False,4470,11,,,False,False
001-220013,14,medium,0.9608,1.0,1.0,1.0,0.9885057471264368,1.0,0.9731800766283525,0.9354838709677419,,,0,4,3,False,False,4470,11,,,False,False
001-220013,14,heavy,0.978,1.0,1.0,1.0,0.9885057471264368,1.0,0.9731800766283525,0.9247311827956989,,,0,4,3,False,False,4470,11,,,False,False
001-220164,6,light,1.0052,1.0,1.0,1.0,1.0,1.0,1.0,0.9142857142857143,,,0,0,0,False,False,1719,1,,429,False,False
001-220164,6,medium,1.0274,1.0,1.0,1.0,1.0,1.0,1.0,0.8285714285714286,,,0,0,0,False,False,1719,1,,427,False,False
001-220164,6,heavy,1.1024,1.0,1.0,1.0,1.0,1.0,1.0,0.8,,,0,0,0,False,False,1719,1,,456,False,False
001-220415,6,light,0.9794,1.0,1.0,1.0,1.0,1.0,1.0,0.983739837398374,,,0,5,4,False,False,8128,13,,,False,False
001-220415,6,medium,0.9604,1.0,1.0,1.0,1.0,1.0,1.0,0.967479674796748,,,0,5,1,False,False,8128,13,,,False,False
001-220415,6,heavy,0.9669,1.0,1.0,1.0,1.0,1.0,1.0,0.8373983739837398,,,0,5,1,False,False,8128,13,,,False,False
001-220537,8,light,0.9885,1.0,1.0,1.0,0.9230769230769231,1.0,0.9710144927536232,1.0,,,0,11,11,False,False,5153,7,,,False,False
001-220537,8,medium,0.9931,1.0,1.0,1.0,0.9230769230769231,1.0,0.9565217391304348,0.9841269841269841,,,0,11,9,False,False,5153,7,,,False,False
001-220537,8,heavy,1.0041,1.0,1.0,1.0,0.9230769230769231,1.0,0.9710144927536232,0.9047619047619048,,,0,11,10,False,False,5153,7,,,False,False
001-220556,5,light,1.0231,1.0,1.0,1.0,1.0,1.0,0.95,0.96,,,0,0,0,False,False,2989,2,,,False,False
001-220556,5,medium,1.0176,1.0,1.0,1.0,1.0,1.0,0.95,0.8,,,0,0,0,False,False,2989,2,,,False,False
001-220556,5,heavy,0.9945,1.0,1.0,1.0,1.0,1.0,0.95,0.82,,,0,0,0,False,False,2989,2,,,False,False
001-220665,6,light,0.9879,1.0,1.0,1.0,1.0,1.0,1.0,1.0,,,0,3,4,False,False,9154,5,,,False,False
001-220665,6,medium,0.971,1.0,0.9743589743589743,1.0,1.0,1.0,1.0,0.9746835443037974,,,0,3,2,False,False,9154,5,,,False,False
001-220665,6,heavy,0.9845,1.0,1.0,1.0,1.0,1.0,1.0,0.9240506329113924,,,0,3,2,False,False,9154,5,,,False,False
001-220712,2,light,0.9767,1.0,1.0,1.0,1.0,1.0,0.9953703703703703,1.0,,,0,3,3,False,True,9527,17,,,False,False
001-220712,2,medium,0.9808,1.0,0.9876543209876543,1.0,0.9772727272727273,1.0,0.9490740740740741,0.9375,,,0,3,3,False,True,9527,17,,,False,False
001-220712,2,heavy,0.9899,1.0,0.9876543209876543,1.0,1.0,1.0,0.9722222222222222,0.9625,,,0,3,3,False,True,9527,17,,,False,False
001-220866,10,light,0.9799,1.0,1.0,1.0,1.0,1.0,0.96875,0.9861111111111112,,,0,1,1,False,False,9402,15,,,False,False
001-220866,10,medium,0.9398,1.0,1.0,1.0,1.0,1.0,0.8828125,0.9444444444444444,,,0,1,0,False,False,9402,15,,,False,False
001-220866,10,heavy,0.9591,1.0,1.0,1.0,1.0,1.0,0.9140625,0.9444444444444444,,,0,1,1,False,False,9402,15,,,False,False
001-220885,8,light,0.9873,1.0,1.0,1.0,1.0,1.0,1.0,1.0,,,0,0,0,False,False,11961,10,,,False,False
001-220885,8,medium,0.9715,1.0,0.967741935483871,0.967741935483871,1.0,1.0,0.992,1.0,2015-10-29,,0,0,0,False,False,11961,10,,,False,False
001-220885,8,heavy,0.9825,1.0,1.0,1.0,1.0,1.0,1.0,0.8928571428571429,,,0,0,0,False,False,11961,10,,,False,False
001-220887,6,light,0.9711,1.0,1.0,1.0,0.96,0.9574468085106383,0.9375,0.96,662 965,965.23 2011-03-30,2,3,3,False,False,13353,11,0.9231,,False,False
001-220887,6,medium,0.9493,1.0,1.0,1.0,0.96,0.9574468085106383,0.9090909090909091,0.9333333333333333,662 965,965.23 2011-03-30,2,3,3,False,False,13353,11,0.9231,,False,False
001-220887,6,heavy,0.943,1.0,1.0,1.0,0.96,0.9574468085106383,0.9204545454545454,0.96,662 965,965.23 2011-03-30,2,3,3,False,False,13353,11,0.9231,,False,False
001-220890,9,light,1.0152,1.0,1.0,1.0,1.0,1.0,0.6428571428571429,0.9154929577464789,,,0,0,0,False,False,8619,1,,1741,False,False
001-220890,9,medium,1.0248,1.0,1.0,1.0,1.0,1.0,0.6428571428571429,0.971830985915493,,,0,0,0,False,False,8619,1,,1704,False,False
001-220890,9,heavy,1.041,1.0,1.0,1.0,1.0,1.0,0.6428571428571429,0.8873239436619719,,,0,0,0,False,False,8619,1,,1755,False,False
001-221266,8,light,0.9854,1.0,1.0,1.0,1.0,1.0,1.0,1.0,,,0,0,0,False,False,8334,4,,,False,False
001-221266,8,medium,0.9513,1.0,1.0,1.0,1.0,1.0,1.0,1.0,,,0,0,1,False,False,8334,4,,,False,False
001-221266,8,heavy,0.9666,1.0,1.0,1.0,1.0,1.0,1.0,1.0,,,0,0,1,False,False,8334,4,,,False,False
001-221480,6,light,0.9787,1.0,1.0,1.0,1.0,1.0,1.0,1.0,,,0,0,0,False,False,2870,1,,614,False,False
001-221480,6,medium,1.0174,1.0,1.0,1.0,1.0,1.0,1.0,0.9411764705882353,,,0,0,0,False,False,2870,1,,628,False,False
001-221480,6,heavy,1.0265,1.0,1.0,1.0,1.0,1.0,1.0,0.9411764705882353,,,0,0,0,False,False,2870,1,,631,False,False
001-221503,14,light,0.9914,1.0,1.0,1.0,1.0,1.0,1.0,0.9857142857142858,,,0,6,6,False,False,5043,10,,,False,False
001-221503,14,medium,1.0045,1.0,1.0,1.0,1.0,1.0,0.9949748743718593,0.9571428571428572,,,0,6,4,False,False,5043,10,,,False,False
001-221503,14,heavy,1.011,1.0,1.0,1.0,0.9733333333333334,1.0,0.9899497487437185,0.8714285714285714,,,0,6,4,False,False,5043,10,,,False,False
001-221637,6,light,0.9854,1.0,1.0,1.0,1.0,1.0,0.9939759036144579,0.9620253164556962,,,0,2,2,False,False,6565,15,,,False,False
001-221637,6,medium,0.9764,1.0,0.9803921568627451,0.9743589743589743,1.0,1.0,1.0,0.9620253164556962,2005-08-09,,0,2,2,False,False,6565,15,,,False,False
001-221637,6,heavy,0.9845,1.0,1.0,1.0,1.0,1.0,1.0,0.9746835443037974,,,0,2,2,False,False,6565,15,,,False,False
001-221637,P1-1,light,0.9866,1.0,1.0,1.0,1.0,1.0,1.0,0.9873417721518988,,,0,2,2,False,False,6565,15,,,False,False
001-221637,P1-1,medium,0.9826,1.0,0.9803921568627451,0.9743589743589743,1.0,1.0,1.0,0.8734177215189873,2005-08-09,,0,2,2,False,False,6565,15,,,False,False
001-221637,P1-1,heavy,0.9833,1.0,1.0,1.0,1.0,1.0,1.0,0.9746835443037974,,,0,2,1,False,False,6565,15,,,False,False
001-222134,P1-1,light,1.0155,1.0,1.0,1.0,1.0,1.0,1.0,0.9791666666666666,,,0,0,0,False,False,2960,2,,,False,False
001-222134,P1-1,medium,1.0596,1.0,1.0,1.0,1.0,1.0,0.96875,0.875,,,0,0,0,False,False,2960,2,,,False,False
001-222134,P1-1,heavy,1.0529,1.0,1.0,1.0,1.0,1.0,1.0,0.8541666666666666,,,0,0,0,False,False,2960,2,,,False,False
001-222138,8,light,0.995,1.0,1.0,1.0,1.0,1.0,0.7663230240549829,0.8991596638655462,,,0,30,29,False,False,48188,1,1.0,9485,False,False
001-222138,8,medium,0.9918,1.0,1.0,1.0,0.9805825242718447,1.0,0.7697594501718213,0.8403361344537815,,,0,30,22,False,False,48188,1,1.0,9298,False,False
001-222138,8,heavy,0.9915,1.0,1.0,1.0,1.0,1.0,0.7594501718213058,0.907563025210084,,,0,30,23,False,False,48188,1,1.0,9258,False,False
001-222312,10,light,0.9861,1.0,1.0,1.0,1.0,1.0,1.0,0.9764705882352941,,,0,1,2,False,False,3310,7,,,False,False
001-222312,10,medium,0.9872,1.0,1.0,1.0,1.0,1.0,0.9433962264150944,0.9294117647058824,,1990,1,1,1,False,False,3310,7,,,False,False
001-222312,10,heavy,0.9804,1.0,1.0,1.0,1.0,1.0,0.9622641509433962,0.9647058823529412,,1990,1,1,1,False,False,3310,7,,,False,False
001-222775,6,light,0.9877,1.0,1.0,1.0,1.0,1.0,1.0,1.0,,,0,1,1,False,False,2960,2,,,False,False
001-222775,6,medium,0.9669,1.0,1.0,1.0,0.8333333333333334,1.0,0.7894736842105263,1.0,,,0,1,1,False,False,2960,2,,,False,False
001-222775,6,heavy,0.9581,1.0,1.0,1.0,1.0,1.0,1.0,1.0,,,0,1,1,False,False,2960,2,,,False,False
001-222790,6,light,0.9757,1.0,1.0,1.0,1.0,1.0,1.0,1.0,,,0,0,0,False,False,2871,6,,,False,False
001-222790,6,medium,0.9881,1.0,1.0,1.0,1.0,1.0,1.0,0.9821428571428571,,,0,0,0,False,False,2871,6,,,False,False
001-222790,6,heavy,0.9898,1.0,1.0,1.0,1.0,1.0,1.0,0.8571428571428571,,,0,0,0,False,False,2871,6,,,False,False
001-222894,P1-1,light,0.9468,1.0,1.0,1.0,1.0,1.0,1.0,1.0,,,0,0,0,False,False,4050,2,,,False,False
001-222894,P1-1,medium,0.9577,1.0,1.0,1.0,1.0,1.0,1.0,1.0,,,0,0,0,False,False,4050,2,,,False,False
001-222894,P1-1,heavy,0.9683,1.0,1.0,1.0,1.0,1.0,1.0,1.0,,,0,0,0,False,False,4050,2,,,False,False
001-222898,5,light,0.9913,1.0,1.0,1.0,1.0,1.0,0.9957805907172996,1.0,,,0,3,1,False,False,6618,15,,,False,False
001-222898,5,medium,0.9799,1.0,0.9701492537313433,0.96,1.0,1.0,0.9746835443037974,0.9861111111111112,2013-02-02 2013-02-25,,0,3,1,False,False,6618,15,,,False,False
001-222898,5,heavy,0.993,1.0,1.0,1.0,1.0,1.0,0.9746835443037974,0.9861111111111112,,,0,3,3,False,False,6618,15,,,False,False
001-222915,P1-1,light,0.9865,1.0,1.0,1.0,1.0,1.0,0.9861111111111112,1.0,,,0,0,1,False,False,2922,5,,,False,False
001-222915,P1-1,medium,0.9901,1.0,1.0,1.0,1.0,1.0,0.9861111111111112,1.0,,,0,0,0,False,False,2922,5,,,False,False
001-222915,P1-1,heavy,0.9789,1.0,1.0,1.0,1.0,1.0,0.9861111111111112,1.0,,,0,0,0,False,False,2922,5,,,False,False
001-222917,5,light,1.026,1.0,1.0,1.0,1.0,1.0,0.7619047619047619,0.9090909090909091,,,0,0,0,False,False,2499,1,,652,False,False
001-222917,5,medium,1.1793,1.0,1.0,1.0,1.0,1.0,0.6666666666666666,0.8484848484848485,,,0,0,0,False,False,2499,1,,692,False,False
001-222917,5,heavy,1.1097,1.0,1.0,1.0,1.0,1.0,0.7619047619047619,0.8181818181818182,,,0,0,0,False,False,2499,1,,670,False,False
001-222920,3,light,0.9964,1.0,1.0,1.0,1.0,1.0,0.9245283018867925,0.9347826086956522,,,0,0,0,False,False,2914,2,,,False,False
001-222920,3,medium,1.0115,1.0,1.0,1.0,1.0,1.0,0.8867924528301887,0.7608695652173914,,,0,0,0,False,False,2914,2,,,False,False
001-222920,3,heavy,1.0146,1.0,1.0,1.0,1.0,1.0,0.9245283018867925,0.8478260869565217,,,0,0,0,False,False,2914,2,,,False,False
001-223027,8,light,0.9888,1.0,1.0,1.0,1.0,1.0,1.0,0.9841269841269841,,,0,3,3,False,True,4471,19,,,False,False
001-223027,8,medium,0.985,1.0,1.0,1.0,1.0,1.0,0.9649122807017544,0.9365079365079365,,,0,3,1,False,True,4471,19,,,False,False
001-223027,8,heavy,0.988,1.0,1.0,1.0,1.0,1.0,0.9473684210526315,0.9365079365079365,,,0,3,1,False,True,4471,19,,,False,False
001-223259,10,light,0.9884,1.0,1.0,1.0,0.984375,1.0,0.9885057471264368,0.9923664122137404,,,0,18,17,False,True,3000,18,,,False,False
001-223259,10,medium,0.9696,1.0,1.0,1.0,0.984375,1.0,0.9597701149425287,0.9541984732824428,,,0,18,11,False,True,3000,18,,,False,False
001-223259,10,heavy,0.9772,1.0,1.0,1.0,0.984375,1.0,0.9942528735632183,0.9465648854961832,,,0,18,12,False,True,3000,18,,,False,False
001-223278,P1-1,light,1.0203,1.0,1.0,1.0,1.0,1.0,1.0,0.9387755102040817,,,0,0,0,False,False,2970,2,,,False,False
001-223278,P1-1,medium,1.0553,1.0,1.0,1.0,1.0,1.0,0.9666666666666667,0.8979591836734694,,2003,1,0,0,False,False,2970,2,,,False,False
001-223278,P1-1,heavy,1.0507,1.0,1.0,1.0,1.0,1.0,0.9333333333333333,0.8775510204081632,,2003,1,0,0,False,False,2970,2,,,False,False
001-223284,P1-1,light,0.9842,1.0,1.0,1.0,1.0,1.0,1.0,0.9803921568627451,,,0,0,0,False,False,2980,3,,,False,False
001-223284,P1-1,medium,0.9902,1.0,1.0,1.0,0.8571428571428571,1.0,0.9722222222222222,0.9803921568627451,,,0,0,1,False,False,2980,3,,,False,False
001-223284,P1-1,heavy,0.982,1.0,1.0,1.0,0.8571428571428571,1.0,0.9444444444444444,1.0,,,0,0,2,False,False,2980,3,,,False,False
001-223361,3,light,0.9731,1.0,0.9866666666666667,1.0,1.0,1.0,1.0,0.9852941176470589,,,0,2,2,False,True,2998,19,,,False,False
001-223361,3,medium,0.9675,1.0,0.9733333333333334,1.0,0.9859154929577465,1.0,0.9757575757575757,0.9779411764705882,,,0,2,1,False,True,2998,19,,,False,False
001-223361,3,heavy,0.9692,1.0,1.0,1.0,1.0,1.0,1.0,0.9779411764705882,,,0,2,1,False,True,2998,19,,,False,False
001-223361,5,light,0.9739,1.0,0.9866666666666667,1.0,1.0,1.0,1.0,0.9926470588235294,,,0,2,2,False,True,2998,19,,,False,False
001-223361,5,medium,0.9753,1.0,0.9733333333333334,1.0,0.9859154929577465,1.0,0.9878787878787879,0.9779411764705882,,,0,2,1,False,True,2998,19,,,False,False
001-223361,5,heavy,0.9725,1.0,1.0,1.0,1.0,1.0,0.9939393939393939,0.9779411764705882,,,0,2,2,False,True,2998,19,,,False,False
001-223361,6,light,0.9724,1.0,0.9866666666666667,1.0,1.0,1.0,1.0,0.9852941176470589,,,0,2,2,False,True,2998,19,,,False,False
001-223361,6,medium,0.97,1.0,0.9733333333333334,1.0,0.9859154929577465,1.0,0.9939393939393939,0.9779411764705882,,,0,2,1,False,True,2998,19,,,False,False
001-223361,6,heavy,0.9699,1.0,0.9866666666666667,1.0,1.0,1.0,0.9939393939393939,0.9779411764705882,,,0,2,2,False,True,2998,19,,,False,False
001-223379,8,light,0.9866,1.0,1.0,1.0,1.0,1.0,0.8181818181818182,1.0,,,0,1,1,False,False,3435,1,,723,False,False
001-223379,8,medium,1.0198,1.0,1.0,1.0,1.0,1.0,0.8181818181818182,1.0,,,0,1,1,False,False,3435,1,,735,False,False
001-223379,8,heavy,1.032,1.0,1.0,1.0,1.0,1.0,0.7272727272727273,1.0,,,0,1,1,False,False,3435,1,,739,False,False
001-223380,8,light,0.9849,1.0,1.0,1.0,1.0,1.0,0.9852941176470589,0.963855421686747,,,0,3,3,False,False,8166,14,,,False,False
001-223380,8,medium,0.9792,1.0,1.0,1.0,1.0,1.0,0.9926470588235294,0.891566265060241,,,0,3,3,False,False,8166,14,,,False,False
001-223380,8,heavy,0.9816,1.0,1.0,1.0,1.0,1.0,0.9852941176470589,0.927710843373494,,,0,3,4,False,False,8166,14,,,False,False
001-223435,6,light,0.9859,1.0,1.0,1.0,1.0,1.0,0.9761904761904762,1.0,,,0,7,7,False,False,2718,3,,,False,False
001-223435,6,medium,0.9997,1.0,1.0,1.0,1.0,1.0,0.9761904761904762,1.0,,,0,7,5,False,False,2718,3,,,False,False
001-223435,6,heavy,1.0025,1.0,1.0,1.0,1.0,1.0,0.9761904761904762,1.0,,,0,7,5,False,False,2718,3,,,False,False
001-223716,P4-4,light,0.9852,1.0,1.0,1.0,1.0,1.0,0.996415770609319,0.9655172413793104,,,0,1,1,False,True,6072,18,,,False,False
001-223716,P4-4,medium,0.9822,1.0,0.9615384615384616,0.9655172413793104,1.0,1.0,0.989247311827957,0.9310344827586207,2018-02-15,,0,1,2,False,True,6072,18,,,False,False
001-223716,P4-4,heavy,0.9923,1.0,1.0,1.0,1.0,1.0,0.985663082437276,0.9396551724137931,,,0,1,2,False,True,6072,18,,,False,False
001-224091,8,light,0.9894,1.0,1.0,1.0,1.0,1.0,1.0,1.0,,,0,1,1,False,False,12134,10,1.0,,False,False
001-224091,8,medium,0.983,1.0,1.0,1.0,1.0,1.0,0.9935064935064936,0.9076923076923077,,2020-10-05,1,1,1,False,False,12134,10,1.0,,False,False
001-224091,8,heavy,0.9937,1.0,1.0,1.0,1.0,1.0,0.9935064935064936,1.0,,2020-10-05,1,1,1,False,False,12134,10,1.0,,False,False
001-224365,2,light,0.9851,1.0,1.0,1.0,1.0,1.0,0.98,0.9620253164556962,,,0,4,4,False,False,4326,19,,,False,False
001-224365,2,medium,0.9741,1.0,1.0,1.0,0.9393939393939394,0.9583333333333334,0.9733333333333334,0.9240506329113924,23.20,11.20 1909,2,4,3,False,False,4326,19,,,False,False
001-224365,2,heavy,0.9788,1.0,1.0,1.0,0.9848484848484849,1.0,0.9933333333333333,0.8607594936708861,,1909,1,4,2,False,False,4326,19,,,False,False
001-224366,8,light,1.005,1.0,1.0,1.0,1.0,1.0,0.9047619047619048,1.0,,,0,2,2,False,False,2943,5,,,False,False
001-224366,8,medium,0.9923,1.0,1.0,1.0,1.0,1.0,0.9523809523809523,0.9726027397260274,,,0,2,2,False,False,2943,5,,,False,False
001-224366,8,heavy,1.0011,1.0,1.0,1.0,1.0,1.0,0.9047619047619048,0.9863013698630136,,,0,2,0,False,False,2943,5,,,False,False
001-224505,6,light,0.9823,1.0,1.0,1.0,1.0,1.0,1.0,1.0,,,0,0,0,False,False,5475,7,,,False,False
001-224505,6,medium,0.964,1.0,1.0,1.0,1.0,1.0,0.9577464788732394,0.9666666666666667,,,0,0,0,False,False,5475,7,,,False,False
001-224505,6,heavy,0.9868,1.0,1.0,1.0,1.0,1.0,0.971830985915493,0.9,,,0,0,0,False,False,5475,7,,,False,False
001-224554,7,light,0.9846,1.0,1.0,1.0,1.0,1.0,1.0,1.0,,,0,1,0,False,False,3345,2,,,False,False
001-224554,7,medium,0.9597,1.0,1.0,1.0,1.0,1.0,1.0,1.0,,,0,1,1,False,False,3345,2,,,False,False
001-224554,7,heavy,0.967,1.0,1.0,1.0,1.0,1.0,1.0,0.9473684210526315,,,0,1,0,False,False,3345,2,,,False,False
001-224576,6,light,1.0326,1.0,1.0,1.0,1.0,1.0,1.0,0.9836065573770492,,,0,0,0,False,False,2987,4,,,False,False
001-224576,6,medium,1.0813,1.0,1.0,1.0,0.9876543209876543,1.0,0.9902912621359223,0.8524590163934426,,,0,0,0,False,False,2987,4,,,False,False
001-224576,6,heavy,0.9821,1.0,1.0,1.0,1.0,1.0,1.0,0.8688524590163934,,,0,0,0,False,False,2987,4,,,False,False
001-224580,P1-1,light,0.9999,1.0,1.0,1.0,1.0,1.0,1.0,0.9629629629629629,,,0,1,1,False,False,6965,12,,,False,False
001-224580,P1-1,medium,1.0018,1.0,1.0,1.0,1.0,1.0,1.0,0.9259259259259259,,,0,1,1,False,False,6965,12,,,False,False
001-224580,P1-1,heavy,0.9925,1.0,1.0,1.0,1.0,1.0,0.9906542056074766,0.9506172839506173,,,0,1,2,False,False,6965,12,,,False,False
001-224581,3,light,1.0196,1.0,1.0,1.0,1.0,1.0,0.8823529411764706,0.9069767441860465,,,0,0,0,False,False,2681,2,,,False,False
001-224581,3,medium,1.0075,1.0,1.0,1.0,1.0,1.0,0.7647058823529411,0.7674418604651163,,,0,0,0,False,False,2681,2,,,False,False
001-224581,3,heavy,1.0206,1.0,1.0,1.0,1.0,1.0,0.9117647058823529,0.813953488372093,,,0,0,0,False,False,2681,2,,,False,False
001-224732,8,light,0.9871,1.0,0.9545454545454546,1.0,1.0,1.0,1.0,0.9896907216494846,,,0,2,3,False,False,4158,12,,,False,False
001-224732,8,medium,0.9779,1.0,0.9545454545454546,1.0,1.0,1.0,1.0,0.9278350515463918,,,0,2,3,False,False,4158,12,,,False,False
001-224732,8,heavy,0.9777,1.0,1.0,1.0,1.0,1.0,1.0,0.979381443298969,,,0,2,2,False,False,4158,12,,,False,False
001-224734,8,light,0.9784,1.0,0.9642857142857143,1.0,1.0,1.0,1.0,0.98,,,0,3,2,False,False,4594,11,,,False,False
001-224734,8,medium,0.9803,1.0,0.9642857142857143,1.0,1.0,1.0,1.0,0.91,,,0,3,1,False,False,4594,11,,,False,False
001-224734,8,heavy,0.9806,1.0,1.0,1.0,1.0,1.0,1.0,0.99,,,0,3,2,False,False,4594,11,,,False,False
001-224776,13,light,0.9821,1.0,1.0,1.0,1.0,1.0,1.0,0.9859154929577465,,,0,9,9,False,False,5716,5,,,False,False
001-224776,13,medium,0.9719,1.0,1.0,1.0,1.0,1.0,1.0,0.971830985915493,,,0,9,5,False,False,5716,5,,,False,False
001-224776,13,heavy,0.9566,1.0,1.0,1.0,1.0,1.0,1.0,0.8873239436619719,,,0,9,5,False,False,5716,5,,,False,False
001-224776,6,light,0.9832,1.0,1.0,1.0,1.0,1.0,1.0,0.9859154929577465,,,0,9,8,False,False,5716,5,,,False,False
001-224776,6,medium,0.9625,1.0,1.0,1.0,1.0,1.0,1.0,0.971830985915493,,,0,9,5,False,False,5716,5,,,False,False
001-224776,6,heavy,0.9531,1.0,1.0,1.0,1.0,1.0,1.0,0.971830985915493,,,0,9,6,False,False,5716,5,,,False,False
001-224963,8,light,0.9897,1.0,1.0,1.0,1.0,1.0,0.9908256880733946,0.9782608695652174,,,0,9,5,False,False,2969,17,,,False,False
001-224963,8,medium,0.9819,1.0,1.0,1.0,0.9473684210526315,1.0,0.944954128440367,0.9130434782608695,,,0,9,2,False,False,2969,17,,,False,False
001-224963,8,heavy,0.9852,1.0,1.0,1.0,1.0,1.0,0.9724770642201835,0.8152173913043478,,,0,9,4,False,False,2969,17,,,False,False
001-225318,6,light,0.9937,1.0,1.0,1.0,1.0,1.0,1.0,1.0,,,0,0,0,False,False,1772,2,,,False,False
001-225318,6,medium,1.02,1.0,1.0,1.0,1.0,1.0,1.0,1.0,,,0,0,0,False,False,1772,2,,,False,False
001-225318,6,heavy,1.011,1.0,1.0,1.0,1.0,1.0,1.0,0.9230769230769231,,,0,0,0,False,False,1772,2,,,False,False
001-225329,14,light,0.9833,1.0,1.0,1.0,1.0,1.0,0.9504950495049505,0.9459459459459459,,,0,6,6,False,False,4971,15,,,False,False
001-225329,14,medium,0.9817,1.0,1.0,1.0,1.0,1.0,0.9603960396039604,0.9324324324324325,,,0,6,4,False,False,4971,15,,,False,False
001-225329,14,heavy,0.9654,1.0,1.0,1.0,1.0,1.0,0.9603960396039604,0.9459459459459459,,,0,6,4,False,False,4971,15,,,False,False
001-225652,8,light,0.9831,1.0,1.0,1.0,1.0,1.0,1.0,0.9655172413793104,,,0,9,7,False,True,10259,9,,,False,False
001-225652,8,medium,0.956,1.0,1.0,1.0,0.9861111111111112,1.0,0.9835390946502057,0.9540229885057471,,,0,9,2,False,True,10259,9,,,False,False
001-225652,8,heavy,0.9603,1.0,1.0,1.0,1.0,1.0,0.9876543209876543,0.9425287356321839,,,0,9,3,False,True,10259,9,,,False,False
001-225678,6,light,1.0357,1.0,1.0,1.0,1.0,1.0,0.8823529411764706,0.975,,,0,0,0,False,False,2989,2,,,False,False
001-225678,6,medium,0.9903,1.0,1.0,1.0,1.0,1.0,0.8235294117647058,0.8,,,0,0,0,False,False,2989,2,,,False,False
001-225678,6,heavy,0.9497,1.0,1.0,1.0,1.0,1.0,0.9117647058823529,0.8,,,0,0,0,False,False,2989,2,,,False,False
001-225772,6,light,0.9753,1.0,1.0,1.0,1.0,1.0,0.5625,1.0,,,0,2,3,False,False,7118,1,,1445,False,False
001-225772,6,medium,0.9933,1.0,1.0,1.0,1.0,1.0,0.5625,0.9016393442622951,,,0,2,2,False,False,7118,1,,1452,False,False
001-225772,6,heavy,0.9712,1.0,1.0,1.0,1.0,1.0,0.5625,1.0,,,0,2,3,False,False,7118,1,,1416,False,False
001-225807,34,light,0.9844,1.0,1.0,1.0,1.0,1.0,0.9943181818181818,0.9813084112149533,,,0,3,3,False,False,2999,12,,,False,False
001-225807,34,medium,0.9623,1.0,0.9743589743589743,0.972972972972973,0.9024390243902439,1.0,0.9602272727272727,0.9532710280373832,2014-08-07,,0,3,1,False,False,2999,12,,,False,False
001-225807,34,heavy,0.9757,1.0,1.0,1.0,0.9512195121951219,1.0,0.9602272727272727,0.9532710280373832,,,0,3,1,False,False,2999,12,,,False,False
001-225900,13,light,1.0451,1.0,1.0,1.0,1.0,1.0,0.84,0.8536585365853658,,,0,0,0,False,False,2838,1,,756,False,False
001-225900,13,medium,1.1163,1.0,1.0,1.0,1.0,1.0,0.72,0.7804878048780488,,,0,0,0,False,False,2838,1,,743,False,False
001-225900,13,heavy,1.086,1.0,1.0,1.0,1.0,1.0,0.88,0.8292682926829268,,,0,0,0,False,False,2838,1,,776,False,False
001-226011,14,light,0.9761,1.0,1.0,1.0,1.0,1.0,1.0,0.9827586206896551,,,0,2,2,False,True,2965,21,,,False,False
001-226011,14,medium,0.9605,1.0,1.0,1.0,0.991304347826087,1.0,0.9868421052631579,0.9741379310344828,,,0,2,0,False,True,2965,21,,,False,False
001-226011,14,heavy,0.9668,1.0,1.0,1.0,1.0,1.0,0.9912280701754386,0.9827586206896551,,,0,2,1,False,True,2965,21,,,False,False
001-226093,6,light,0.9887,1.0,1.0,1.0,1.0,1.0,0.9953051643192489,0.979381443298969,,,0,3,3,False,False,4520,16,,,False,False
001-226093,6,medium,0.985,1.0,0.9696969696969697,0.9787234042553191,0.989010989010989,1.0,0.9859154929577465,0.9484536082474226,2022-03-10,,0,3,2,False,False,4520,16,,,False,False
001-226093,6,heavy,0.9856,1.0,1.0,1.0,1.0,1.0,0.9953051643192489,0.8969072164948454,,,0,3,2,False,False,4520,16,,,False,False
001-226195,8,light,0.9795,1.0,1.0,1.0,1.0,1.0,1.0,0.9782608695652174,,,0,11,6,False,False,2985,4,,,False,False
001-226195,8,medium,0.9604,1.0,1.0,1.0,0.9545454545454546,1.0,0.989010989010989,0.967391304347826,,,0,11,2,False,False,2985,4,,,False,False
001-226195,8,heavy,0.9653,1.0,1.0,1.0,1.0,1.0,1.0,0.9565217391304348,,,0,11,2,False,False,2985,4,,,False,False
001-226474,P1-1,light,1.0032,1.0,1.0,1.0,1.0,1.0,1.0,1.0,,,0,3,3,False,False,1934,2,,,False,False
001-226474,P1-1,medium,1.0357,1.0,1.0,1.0,1.0,1.0,1.0,0.9512195121951219,,,0,3,2,False,False,1934,2,,,False,False
001-226474,P1-1,heavy,1.0115,1.0,1.0,1.0,1.0,1.0,1.0,1.0,,,0,3,2,False,False,1934,2,,,False,False
001-227718,6,light,0.9808,1.0,1.0,1.0,1.0,1.0,1.0,1.0,,,0,2,1,False,False,4902,6,,,False,False
001-227718,6,medium,0.9682,1.0,1.0,1.0,1.0,1.0,1.0,0.8888888888888888,,,0,2,2,False,False,4902,6,,,False,False
001-227718,6,heavy,0.9711,1.0,1.0,1.0,1.0,1.0,1.0,0.9861111111111112,,,0,2,2,False,False,4902,6,,,False,False
001-227719,3,light,0.9869,1.0,1.0,1.0,1.0,1.0,1.0,0.9622641509433962,,,0,1,1,False,False,5889,13,,,False,False
001-227719,3,medium,0.9783,1.0,1.0,1.0,1.0,1.0,0.9529411764705882,0.9716981132075472,,,0,1,1,False,False,5889,13,,,False,False
001-227719,3,heavy,0.9797,1.0,1.0,1.0,1.0,1.0,0.9529411764705882,0.9528301886792453,,,0,1,1,False,False,5889,13,,,False,False
001-227753,13,light,1.0455,1.0,1.0,1.0,1.0,1.0,0.6666666666666666,0.8571428571428571,,,0,0,0,False,False,2551,1,,652,False,False
001-227753,13,medium,1.1082,1.0,1.0,1.0,1.0,1.0,0.6666666666666666,0.7714285714285715,,,0,0,0,False,False,2551,1,,662,False,False
001-227753,13,heavy,1.1059,1.0,1.0,1.0,1.0,1.0,0.7619047619047619,0.7714285714285715,,,0,0,0,False,False,2551,1,,675,False,False
001-228118,13,light,0.9893,1.0,1.0,1.0,1.0,1.0,0.984375,0.9848484848484849,,,0,3,3,False,False,5798,7,,,False,False
001-228118,13,medium,0.9811,1.0,1.0,1.0,1.0,1.0,0.953125,0.9696969696969697,,,0,3,2,False,False,5798,7,,,False,False
001-228118,13,heavy,0.9804,1.0,1.0,1.0,1.0,1.0,0.984375,0.9545454545454546,,,0,3,3,False,False,5798,7,,,False,False
001-228151,3,light,0.9938,1.0,1.0,1.0,1.0,1.0,1.0,0.9859154929577465,,,0,6,4,False,False,3143,18,,,False,False
001-228151,3,medium,1.0065,1.0,0.963855421686747,1.0,1.0,1.0,0.9743589743589743,0.8732394366197183,,,0,6,6,False,False,3143,18,,,False,False
001-228151,3,heavy,1.0085,1.0,0.9759036144578314,1.0,1.0,1.0,0.9743589743589743,0.9577464788732394,,,0,6,6,False,False,3143,18,,,False,False
001-228155,8,light,0.9994,1.0,1.0,1.0,1.0,1.0,1.0,0.984251968503937,,,0,5,6,False,False,5383,14,,,False,False
001-228155,8,medium,0.9981,1.0,0.9647058823529412,1.0,0.9787234042553191,0.967741935483871,0.983739837398374,0.968503937007874,4.5,,0,5,5,False,False,5383,14,,,False,False
001-228155,8,heavy,1.0136,1.0,0.9647058823529412,1.0,1.0,1.0,1.0,0.968503937007874,,,0,5,4,False,False,5383,14,,,False,False
001-228167,5,light,0.989,1.0,1.0,1.0,,,1.0,1.0,,,0,0,0,False,False,2914,1,,689,False,False
001-228167,5,medium,1.0223,1.0,1.0,1.0,,,1.0,1.0,,,0,0,0,False,False,2914,1,,707,False,False
001-228167,5,heavy,1.012,1.0,1.0,1.0,,,1.0,1.0,,,0,0,0,False,False,2914,1,,692,False,False
001-228357,3,light,0.9809,1.0,0.9591836734693877,1.0,0.96,0.9166666666666666,0.9775280898876404,0.9809523809523809,3.20,,0,1,2,False,False,7807,9,,,False,False
001-228357,3,medium,0.9644,1.0,0.9387755102040817,1.0,1.0,1.0,0.9550561797752809,0.9523809523809523,,3.08,1,1,1,False,False,7807,9,,,False,False
001-228357,3,heavy,0.9855,1.0,0.9591836734693877,1.0,0.96,0.9166666666666666,0.9438202247191011,0.8952380952380953,3.20,,0,1,2,False,False,7807,9,,,False,False
001-228530,10,light,0.9811,1.0,1.0,1.0,1.0,1.0,1.0,1.0,,,0,2,0,False,False,4786,5,,,False,False
001-228530,10,medium,0.9849,1.0,1.0,1.0,1.0,1.0,0.975,0.9861111111111112,,,0,2,1,False,False,4786,5,,,False,False
001-228530,10,heavy,0.9909,1.0,1.0,1.0,1.0,1.0,1.0,0.9027777777777778,,,0,2,1,False,False,4786,5,,,False,False
001-228673,5,light,1.0387,1.0,1.0,1.0,1.0,1.0,1.0,0.9578947368421052,,,0,0,0,False,False,2983,6,,,False,False
001-228673,5,medium,0.9761,1.0,0.8910891089108911,0.9344262295081968,0.9920634920634921,1.0,0.954337899543379,0.8631578947368421,2017-05-31 2017-06-08 2017-06-14 2018-06-21,,0,0,0,False,False,2983,6,,,False,False
001-228673,5,heavy,0.9449,1.0,1.0,1.0,1.0,1.0,0.954337899543379,0.8631578947368421,,,0,0,0,False,False,2983,6,,,False,False
001-228683,3,light,1.0035,1.0,1.0,1.0,1.0,1.0,0.6486486486486487,0.8058252427184466,,,0,1,2,False,False,7082,1,,1538,False,False
001-228683,3,medium,1.0414,1.0,1.0,1.0,1.0,1.0,0.6486486486486487,0.7864077669902912,,,0,1,2,False,False,7082,1,,1570,False,False
001-228683,3,heavy,1.0264,1.0,1.0,1.0,1.0,1.0,0.6486486486486487,0.8058252427184466,,,0,1,2,False,False,7082,1,,1555,False,False
001-228840,P1-1,light,1.0223,1.0,1.0,1.0,1.0,1.0,1.0,0.9642857142857143,,,0,0,0,False,False,2021,1,,558,False,False
001-228840,P1-1,medium,0.9733,1.0,1.0,1.0,1.0,1.0,1.0,1.0,,,0,0,0,False,False,2021,1,,528,False,False
001-228840,P1-1,heavy,0.9743,1.0,1.0,1.0,1.0,1.0,1.0,1.0,,,0,0,0,False,False,2021,1,,537,False,False
001-228857,13,light,0.9964,1.0,1.0,1.0,1.0,1.0,1.0,0.984375,,,0,3,3,False,False,3062,3,,,False,False
001-228857,13,medium,0.9468,1.0,1.0,1.0,1.0,1.0,1.0,0.9375,,,0,3,2,False,False,3062,3,,,False,False
001-228857,13,heavy,0.9519,1.0,1.0,1.0,1.0,1.0,1.0,0.9375,,,0,3,2,False,False,3062,3,,,False,False
001-228861,P1-1,light,1.0027,1.0,1.0,1.0,1.0,1.0,1.0,1.0,,,0,3,3,False,False,2090,2,,,False,False
001-228861,P1-1,medium,1.0066,1.0,1.0,1.0,1.0,1.0,1.0,0.9534883720930233,,,0,3,2,False,False,2090,2,,,False,False
001-228861,P1-1,heavy,1.0379,1.0,1.0,1.0,1.0,1.0,1.0,0.9534883720930233,,,0,3,2,False,False,2090,2,,,False,False
001-228992,5,light,0.983,1.0,1.0,1.0,1.0,1.0,1.0,0.9803921568627451,,,0,0,0,False,False,2893,2,,,False,False
001-228992,5,medium,0.988,1.0,1.0,1.0,1.0,1.0,1.0,0.9019607843137255,,,0,0,0,False,False,2893,2,,,False,False
001-228992,5,heavy,0.9118,1.0,1.0,1.0,1.0,1.0,1.0,0.9215686274509803,,,0,0,0,False,False,2893,2,,,False,False
001-229125,5,light,1.0002,1.0,1.0,1.0,1.0,1.0,0.9180327868852459,0.967741935483871,,1.3 2.9,2,1,1,False,False,2915,4,,,False,False
001-229125,5,medium,1.0102,1.0,1.0,1.0,1.0,1.0,0.9180327868852459,0.967741935483871,,1.3 2.9,2,1,2,False,False,2915,4,,,False,False
001-229125,5,heavy,1.0039,1.0,1.0,1.0,1.0,1.0,0.9180327868852459,0.9516129032258065,,1.3 2.9,2,1,3,False,False,2915,4,,,False,False
001-229134,3,light,0.9963,1.0,1.0,1.0,1.0,1.0,1.0,1.0,,,0,0,0,False,False,2607,2,,,False,False
001-229134,3,medium,1.0066,1.0,1.0,1.0,1.0,1.0,1.0,1.0,,,0,0,0,False,False,2607,2,,,False,False
001-229134,3,heavy,0.9995,1.0,1.0,1.0,1.0,1.0,1.0,1.0,,,0,0,0,False,False,2607,2,,,False,False
001-229134,8,light,0.9919,1.0,1.0,1.0,1.0,1.0,1.0,1.0,,,0,0,0,False,False,2607,2,,,False,False
001-229134,8,medium,0.985,1.0,1.0,1.0,1.0,1.0,1.0,1.0,,,0,0,0,False,False,2607,2,,,False,False
001-229134,8,heavy,1.0094,1.0,1.0,1.0,1.0,1.0,1.0,1.0,,,0,0,0,False,False,2607,2,,,False,False
001-229141,5,light,1.0402,1.0,1.0,1.0,0.8,0.8,0.5454545454545454,0.8918918918918919,00.10,12.10,1,0,0,False,False,2088,1,,581,False,False
001-229141,5,medium,1.0019,1.0,0.8333333333333334,0.9,0.8,0.8,0.5454545454545454,0.8378378378378378,00.10 2018-08-21,12.10,1,0,0,False,False,2088,1,,545,False,False
001-229141,5,heavy,1.0029,1.0,1.0,1.0,1.0,1.0,0.6363636363636364,0.8378378378378378,,,0,0,0,False,False,2088,1,,562,False,False
001-229325,2,light,0.9732,1.0,1.0,1.0,1.0,1.0,0.9836065573770492,0.96,,,0,1,1,False,True,8754,17,,,False,False
001-229325,2,medium,0.9384,1.0,1.0,1.0,1.0,1.0,0.9754098360655737,0.96,,,0,1,0,False,True,8754,17,,,False,False
001-229325,2,heavy,0.9509,1.0,1.0,1.0,1.0,1.0,0.9754098360655737,0.9466666666666667,,,0,1,0,False,True,8754,17,,,False,False
001-229601,5,light,0.978,1.0,0.9629629629629629,1.0,1.0,1.0,1.0,0.9883720930232558,,,0,1,1,False,False,5732,7,,,False,False
001-229601,5,medium,1.0001,1.0,0.9629629629629629,1.0,0.95,1.0,0.9787234042553191,0.9767441860465116,,,0,1,1,False,False,5732,7,,,False,False
001-229601,5,heavy,0.9954,1.0,0.9629629629629629,1.0,0.95,1.0,0.9787234042553191,0.872093023255814,,,0,1,1,False,False,5732,7,,,False,False
001-229601,6,light,0.9848,1.0,0.9629629629629629,1.0,1.0,1.0,1.0,1.0,,,0,1,1,False,False,5732,7,,,False,False
001-229601,6,medium,0.9874,1.0,0.9629629629629629,1.0,0.95,1.0,0.9787234042553191,0.9534883720930233,,,0,1,1,False,False,5732,7,,,False,False
001-229601,6,heavy,1.0067,1.0,0.9629629629629629,1.0,0.95,1.0,0.9787234042553191,0.9186046511627907,,,0,1,1,False,False,5732,7,,,False,False
001-229726,11,light,0.9874,1.0,1.0,1.0,1.0,1.0,1.0,0.9826589595375722,,,0,11,8,False,True,2944,21,,,False,False
001-229726,11,medium,0.9798,1.0,1.0,1.0,1.0,1.0,1.0,0.9710982658959537,,,0,11,4,False,True,2944,21,,,False,False
001-229726,11,heavy,0.9811,1.0,1.0,1.0,1.0,1.0,0.9970674486803519,0.9248554913294798,,,0,11,5,False,True,2944,21,,,False,False
001-229927,34,light,0.9997,1.0,1.0,1.0,1.0,1.0,0.7647058823529411,1.0,,,0,0,0,False,False,3959,1,,857,False,False
001-229927,34,medium,0.9917,1.0,1.0,1.0,1.0,1.0,0.7647058823529411,0.95,,,0,0,0,False,False,3959,1,,840,False,False
001-229927,34,heavy,0.9967,1.0,1.0,1.0,1.0,1.0,0.7647058823529411,0.95,,,0,0,0,False,False,3959,1,,841,False,False
001-229927,38,light,0.9924,1.0,1.0,1.0,1.0,1.0,0.7647058823529411,1.0,,,0,0,0,False,False,3959,1,,854,False,False
001-229927,38,medium,1.0018,1.0,1.0,1.0,1.0,1.0,0.7647058823529411,0.95,,,0,0,0,False,False,3959,1,,849,False,False
001-229927,38,heavy,0.9861,1.0,1.0,1.0,1.0,1.0,0.7647058823529411,1.0,,,0,0,0,False,False,3959,1,,834,False,False
001-230260,P1-1,light,0.9939,1.0,1.0,1.0,1.0,1.0,1.0,1.0,,,0,3,3,False,False,2954,3,,,False,False
001-230260,P1-1,medium,1.0072,1.0,1.0,1.0,1.0,1.0,1.0,1.0,,,0,3,2,False,False,2954,3,,,False,False
001-230260,P1-1,heavy,1.0112,1.0,1.0,1.0,1.0,1.0,1.0,1.0,,,0,3,2,False,False,2954,3,,,False,False
001-230271,3,light,0.9886,1.0,1.0,1.0,1.0,1.0,1.0,0.9846153846153847,,,0,0,0,False,False,2846,6,,,False,False
001-230271,3,medium,1.005,1.0,1.0,1.0,1.0,1.0,0.9047619047619048,0.9538461538461539,,,0,0,0,False,False,2846,6,,,False,False
001-230271,3,heavy,1.0004,1.0,1.0,1.0,1.0,1.0,1.0,0.9538461538461539,,,0,0,0,False,False,2846,6,,,False,False
001-230281,6,light,1.0097,1.0,1.0,1.0,1.0,1.0,1.0,0.94,,,0,0,0,False,False,2273,1,,540,False,False
001-230281,6,medium,1.0194,1.0,1.0,1.0,1.0,1.0,1.0,0.9,,,0,0,0,False,False,2273,1,,537,False,False
001-230281,6,heavy,1.0321,1.0,1.0,1.0,1.0,1.0,1.0,0.9,,,0,0,0,False,False,2273,1,,546,False,False
001-230627,P1-1,light,0.9796,1.0,1.0,1.0,1.0,1.0,1.0,0.9473684210526315,,,0,7,7,False,False,8910,13,,,False,False
001-230627,P1-1,medium,0.9187,1.0,1.0,1.0,1.0,1.0,0.996875,0.9122807017543859,,,0,7,5,False,False,8910,13,,,False,False
001-230627,P1-1,heavy,0.9379,1.0,1.0,1.0,1.0,1.0,0.996875,0.9298245614035088,,,0,7,4,False,False,8910,13,,,False,False
001-230725,6,light,1.0188,1.0,1.0,1.0,1.0,1.0,1.0,0.9354838709677419,,,0,0,0,False,False,1703,1,,430,False,False
001-230725,6,medium,1.0611,1.0,1.0,1.0,1.0,1.0,1.0,0.8387096774193549,,,0,0,0,False,False,1703,1,,427,False,False
001-230725,6,heavy,1.0141,1.0,1.0,1.0,1.0,1.0,1.0,0.8387096774193549,,,0,0,0,False,False,1703,1,,421,False,False
001-230729,6,light,1.02,1.0,1.0,1.0,1.0,1.0,1.0,0.9,,,0,0,0,False,False,1649,1,,425,False,False
001-230729,6,medium,1.0431,1.0,1.0,1.0,1.0,1.0,1.0,0.8666666666666667,,,0,0,0,False,False,1649,1,,409,False,False
001-230729,6,heavy,1.0552,1.0,1.0,1.0,1.0,1.0,1.0,0.8666666666666667,,,0,0,0,False,False,1649,1,,427,False,False
001-230739,13,light,1.0292,1.0,1.0,1.0,1.0,1.0,1.0,0.975,,,0,0,0,False,False,2947,2,,,False,False
001-230739,13,medium,1.0222,1.0,1.0,1.0,1.0,1.0,0.9655172413793104,0.75,,,0,0,0,False,False,2947,2,,,False,False
001-230739,13,heavy,0.972,1.0,1.0,1.0,1.0,1.0,1.0,0.8,,,0,0,0,False,False,2947,2,,,False,False
001-230878,P1-1,light,0.9864,1.0,1.0,1.0,1.0,1.0,0.7272727272727273,0.961038961038961,,,0,1,1,False,False,16343,1,1.0,3272,False,False
001-230878,P1-1,medium,0.9704,1.0,1.0,1.0,1.0,1.0,0.7070707070707071,0.8831168831168831,,,0,1,1,False,False,16343,1,1.0,3174,False,False
001-230878,P1-1,heavy,0.9346,1.0,1.0,1.0,1.0,1.0,0.7070707070707071,0.961038961038961,,,0,1,1,False,False,16343,1,1.0,3072,False,False
001-231078,34,light,0.9898,1.0,0.9880952380952381,1.0,0.9642857142857143,0.9411764705882353,0.9753086419753086,0.9806451612903225,20000 500,1500 5000,2,4,4,False,False,3759,21,,,False,False
001-231078,34,medium,0.9934,1.0,0.9880952380952381,1.0,0.9642857142857143,0.9411764705882353,0.9629629629629629,0.9548387096774194,20000 500,1500 5000,2,4,4,False,False,3759,21,,,False,False
001-231078,34,heavy,0.9906,1.0,1.0,1.0,0.9821428571428571,0.9705882352941176,0.9814814814814815,0.9096774193548387,20000,,0,4,4,False,False,3759,21,,,False,False
001-231078,P1-1,light,0.9876,1.0,0.9880952380952381,1.0,0.9821428571428571,0.9705882352941176,0.9938271604938271,0.9870967741935484,20000,,0,4,4,False,False,3759,21,,,False,False
001-231078,P1-1,medium,0.9844,1.0,0.9880952380952381,1.0,0.9642857142857143,0.9411764705882353,0.9629629629629629,0.9419354838709677,20000 500,1500 5000,2,4,4,False,False,3759,21,,,False,False
001-231078,P1-1,heavy,0.9928,1.0,0.9880952380952381,1.0,0.9821428571428571,0.9705882352941176,0.9876543209876543,0.9161290322580645,20000,,0,4,4,False,False,3759,21,,,False,False
001-231088,P1-1,light,0.9893,1.0,1.0,1.0,1.0,1.0,0.9850746268656716,1.0,,,0,2,1,False,False,10031,3,,,False,False
001-231088,P1-1,medium,0.9778,1.0,1.0,1.0,1.0,1.0,0.9253731343283582,1.0,,,0,2,1,False,False,10031,3,,,False,False
001-231088,P1-1,heavy,0.9779,1.0,1.0,1.0,1.0,1.0,0.9402985074626866,0.9852941176470589,,,0,2,1,False,False,10031,3,,,False,False
001-231227,9,light,0.9796,1.0,1.0,1.0,1.0,1.0,0.9968253968253968,1.0,,,0,3,3,False,True,5999,20,,,False,False
001-231227,9,medium,0.9641,1.0,1.0,1.0,0.9858156028368794,1.0,0.9809523809523809,0.975,,,0,3,4,False,True,5999,20,,,False,False
001-231227,9,heavy,0.9749,1.0,1.0,1.0,0.9929078014184397,1.0,0.9936507936507937,0.9333333333333333,,,0,3,5,False,True,5999,20,,,False,False
001-231331,14,light,0.98,1.0,1.0,1.0,1.0,1.0,0.9886363636363636,0.9636363636363636,,,0,12,12,False,True,7617,15,,,False,False
001-231331,14,medium,0.952,1.0,1.0,1.0,1.0,1.0,0.9488636363636364,0.9454545454545454,,,0,12,10,False,True,7617,15,,,False,False
001-231331,14,heavy,0.9702,1.0,1.0,1.0,1.0,1.0,0.9545454545454546,0.9454545454545454,,,0,12,10,False,True,7617,15,,,False,False
001-231333,P1-1,light,0.9838,1.0,1.0,1.0,1.0,1.0,1.0,1.0,,,0,1,1,False,False,3601,3,,,False,False
001-231333,P1-1,medium,0.9744,1.0,1.0,1.0,0.9047619047619048,1.0,0.8888888888888888,0.9512195121951219,,,0,1,1,False,False,3601,3,,,False,False
001-231333,P1-1,heavy,0.986,1.0,1.0,1.0,1.0,1.0,0.9629629629629629,0.9512195121951219,,,0,1,1,False,False,3601,3,,,False,False
001-231871,5,light,1.0018,1.0,1.0,1.0,1.0,1.0,1.0,0.98,,,0,0,0,False,False,3001,4,,,False,False
001-231871,5,medium,0.9682,1.0,1.0,1.0,1.0,1.0,1.0,0.92,,,0,0,0,False,False,3001,4,,,False,False
001-231871,5,heavy,0.9597,1.0,1.0,1.0,1.0,1.0,1.0,0.95,,,0,0,0,False,False,3001,4,,,False,False
001-233111,P1-3,light,0.9819,1.0,1.0,1.0,1.0,1.0,0.9939024390243902,0.9102564102564102,,,0,2,2,False,False,6322,12,,,False,False
001-233111,P1-3,medium,0.9608,1.0,0.96875,0.9615384615384616,0.9642857142857143,0.9444444444444444,0.9817073170731707,0.9102564102564102,2012 2021-11-18,,0,2,1,False,False,6322,12,,,False,False
001-233111,P1-3,heavy,0.975,1.0,1.0,1.0,1.0,1.0,0.9939024390243902,0.9871794871794872,,,0,2,2,False,False,6322,12,,,False,False
001-233206,6,light,0.9821,1.0,1.0,1.0,1.0,1.0,1.0,0.9698492462311558,,,0,8,8,False,True,2989,19,,,False,False
001-233206,6,medium,0.9853,1.0,1.0,1.0,1.0,1.0,0.9933554817275747,0.9698492462311558,,,0,8,7,False,True,2989,19,,,False,False
001-233206,6,heavy,0.987,1.0,1.0,1.0,1.0,1.0,1.0,0.9698492462311558,,,0,8,6,False,True,2989,19,,,False,False
001-233213,5,light,0.9845,1.0,1.0,1.0,1.0,1.0,1.0,0.981651376146789,,,0,4,5,False,False,4050,15,,,False,False
001-233213,5,medium,0.9706,1.0,0.9444444444444444,0.967741935483871,1.0,1.0,0.9791666666666666,0.926605504587156,2015-12-17,,0,4,3,False,False,4050,15,,,False,False
001-233213,5,heavy,0.9736,1.0,1.0,1.0,1.0,1.0,0.9791666666666666,0.9908256880733946,,,0,4,3,False,False,4050,15,,,False,False
001-233215,6,light,0.9904,1.0,1.0,1.0,1.0,1.0,0.9954128440366973,0.971830985915493,,,0,37,32,False,True,9950,14,,,False,False
001-233215,6,medium,0.9827,1.0,1.0,1.0,0.9807692307692307,1.0,0.9908256880733946,0.9436619718309859,,,0,37,26,False,True,9950,14,,,False,False
001-233215,6,heavy,0.9967,1.0,1.0,1.0,1.0,1.0,1.0,0.9436619718309859,,,0,37,22,False,True,9950,14,,,False,False
001-233231,6,light,1.0042,1.0,1.0,1.0,1.0,1.0,1.0,0.925,,,0,0,0,False,False,1682,1,,406,False,False
001-233231,6,medium,1.0565,1.0,1.0,1.0,1.0,1.0,1.0,0.825,,,0,0,0,False,False,1682,1,,415,False,False
001-233231,6,heavy,1.0309,1.0,1.0,1.0,1.0,1.0,1.0,0.775,,,0,0,0,False,False,1682,1,,408,False,False
001-233236,6,light,1.0091,1.0,1.0,1.0,1.0,1.0,1.0,0.9873417721518988,,,0,0,0,False,False,3000,4,,,False,False
001-233236,6,medium,0.9336,1.0,1.0,1.0,0.9642857142857143,1.0,0.963855421686747,0.8481012658227848,,,0,0,1,False,False,3000,4,,,False,False
001-233236,6,heavy,0.9166,1.0,1.0,1.0,0.9642857142857143,1.0,0.963855421686747,0.8227848101265823,,,0,0,0,False,False,3000,4,,,False,False
001-233378,10,light,0.9914,1.0,1.0,1.0,1.0,1.0,1.0,1.0,,,0,1,0,False,False,2787,1,,593,False,False
001-233378,10,medium,1.0187,1.0,1.0,1.0,1.0,1.0,1.0,1.0,,,0,1,0,False,False,2787,1,,589,False,False
001-233378,10,heavy,0.9989,1.0,1.0,1.0,1.0,1.0,1.0,1.0,,,0,1,0,False,False,2787,1,,578,False,False
001-233381,P1-1,light,0.9904,1.0,1.0,1.0,1.0,1.0,1.0,0.9921875,,,0,4,4,False,True,4351,21,,,False,False
001-233381,P1-1,medium,0.9828,1.0,1.0,1.0,1.0,1.0,1.0,0.953125,,,0,4,1,False,True,4351,21,,,False,False
001-233381,P1-1,heavy,0.9828,1.0,1.0,1.0,1.0,1.0,1.0,0.953125,,,0,4,2,False,True,4351,21,,,False,False
001-233409,3,light,0.9703,1.0,1.0,1.0,1.0,1.0,1.0,1.0,,,0,0,0,False,False,4226,2,,,False,False
001-233409,3,medium,0.9149,1.0,1.0,1.0,1.0,1.0,0.9333333333333333,0.9777777777777777,,,0,0,0,False,False,4226,2,,,False,False
001-233409,3,heavy,0.9312,1.0,1.0,1.0,1.0,1.0,1.0,0.9777777777777777,,,0,0,0,False,False,4226,2,,,False,False
001-233412,3,light,0.9857,1.0,1.0,1.0,1.0,1.0,0.984375,0.9879518072289156,,,0,1,2,False,True,6785,17,,,False,False
001-233412,3,medium,0.9456,1.0,1.0,1.0,0.9833333333333333,1.0,0.9765625,0.963855421686747,,,0,1,6,False,True,6785,17,,,False,False
001-233412,3,heavy,0.9492,1.0,1.0,1.0,0.9833333333333333,1.0,0.9765625,0.891566265060241,,,0,1,7,False,True,6785,17,,,False,False
001-233495,3,light,0.9835,1.0,1.0,1.0,1.0,1.0,0.9917355371900827,0.9523809523809523,,,0,1,0,False,False,6296,16,,,False,False
001-233495,3,medium,0.9936,1.0,0.9655172413793104,0.9642857142857143,1.0,1.0,0.9752066115702479,0.9428571428571428,2017-08-20,,0,1,0,False,False,6296,16,,,False,False
001-233495,3,heavy,0.9923,1.0,1.0,1.0,1.0,1.0,1.0,0.9142857142857143,,,0,1,0,False,False,6296,16,,,False,False
001-233652,6,light,1.0124,1.0,1.0,1.0,1.0,1.0,1.0,0.8095238095238095,,,0,0,0,False,False,2913,1,,871,False,False
001-233652,6,medium,1.2074,1.0,1.0,1.0,1.0,1.0,1.0,0.8333333333333334,,,0,0,0,False,False,2913,1,,932,False,False
001-233652,6,heavy,1.2816,1.0,1.0,1.0,1.0,1.0,1.0,0.7619047619047619,,,0,0,0,False,False,2913,1,,1008,False,False
001-233686,8,light,0.9893,1.0,1.0,1.0,1.0,1.0,0.9910714285714286,0.9710144927536232,,,0,5,5,False,True,9271,16,,,False,False
001-233686,8,medium,0.9812,1.0,0.9855072463768116,1.0,1.0,1.0,0.9955357142857143,0.9565217391304348,,,0,5,2,False,True,9271,16,,,False,False
001-233686,8,heavy,0.9872,1.0,1.0,1.0,1.0,1.0,1.0,0.9565217391304348,,,0,5,3,False,True,9271,16,,,False,False
001-233761,6,light,0.9692,1.0,1.0,1.0,1.0,1.0,0.9941520467836257,1.0,,,0,3,3,False,True,8818,15,,,False,False
001-233761,6,medium,0.9217,1.0,1.0,1.0,0.975,1.0,0.9883040935672515,0.9027777777777778,,,0,3,2,False,True,8818,15,,,False,False
001-233761,6,heavy,0.9416,1.0,1.0,1.0,0.975,1.0,0.9883040935672515,0.9166666666666666,,,0,3,2,False,True,8818,15,,,False,False
001-233937,P4-2,light,0.9957,1.0,1.0,1.0,1.0,1.0,0.996,0.9763779527559056,,,0,3,3,False,False,2994,20,,,False,False
001-233937,P4-2,medium,0.9888,1.0,0.979381443298969,1.0,1.0,1.0,0.968,0.968503937007874,,130,1,3,1,False,False,2994,20,,,False,False
001-233937,P4-2,heavy,0.9937,1.0,1.0,1.0,1.0,1.0,0.972,0.9291338582677166,,130,1,3,0,False,False,2994,20,,,False,False
001-234008,3,light,1.0059,1.0,1.0,1.0,1.0,1.0,0.9230769230769231,0.972972972972973,,,0,0,0,False,False,4368,2,,,False,False
001-234008,3,medium,1.0284,1.0,1.0,1.0,1.0,1.0,1.0,1.0,,,0,0,0,False,False,4368,2,,,False,False
001-234008,3,heavy,1.0156,1.0,1.0,1.0,1.0,1.0,1.0,0.972972972972973,,,0,0,0,False,False,4368,2,,,False,False
001-234129,2,light,0.9958,1.0,1.0,1.0,1.0,1.0,1.0,0.9861111111111112,,,0,0,0,False,False,6344,7,,,False,False
001-234129,2,medium,0.992,1.0,1.0,1.0,1.0,1.0,0.9770114942528736,0.9583333333333334,,,0,0,0,False,False,6344,7,,,False,False
001-234129,2,heavy,0.9978,1.0,1.0,1.0,1.0,1.0,1.0,0.9583333333333334,,,0,0,0,False,False,6344,7,,,False,False
001-234259,3,light,0.9826,1.0,1.0,1.0,1.0,1.0,1.0,1.0,,,0,1,1,False,True,13165,14,,,False,False
001-234259,3,medium,0.9613,1.0,1.0,1.0,1.0,1.0,0.9941520467836257,0.8688524590163934,,,0,1,0,False,True,13165,14,,,False,False
001-234259,3,heavy,0.9823,1.0,1.0,1.0,1.0,1.0,0.9941520467836257,0.9836065573770492,,,0,1,0,False,True,13165,14,,,False,False
001-234516,5,light,0.9924,1.0,1.0,1.0,1.0,1.0,0.9833333333333333,0.9459459459459459,,,0,1,1,False,False,3347,13,,,False,False
001-234516,5,medium,0.9717,1.0,0.9555555555555556,1.0,1.0,1.0,0.9833333333333333,0.9279279279279279,,,0,1,2,False,False,3347,13,,,False,False
001-234516,5,heavy,0.9809,1.0,1.0,1.0,1.0,1.0,1.0,0.9279279279279279,,,0,1,2,False,False,3347,13,,,False,False
001-234522,2,light,0.9708,1.0,1.0,1.0,0.9090909090909091,0.8571428571428571,0.9855072463768116,1.0,8.00,,0,0,0,False,False,10286,5,,,False,False
001-234522,2,medium,0.9437,1.0,0.972972972972973,1.0,1.0,1.0,0.8115942028985508,1.0,,11.00 12.10 3.00 6.30 8.40,5,0,0,False,False,10286,5,,,False,False
001-234522,2,heavy,0.9555,1.0,0.972972972972973,1.0,0.9090909090909091,0.8571428571428571,0.9710144927536232,0.8867924528301887,8.00,,0,0,0,False,False,10286,5,,,False,False
001-234604,6,light,1.0096,1.0,1.0,1.0,0.9444444444444444,1.0,0.9642857142857143,0.8571428571428571,,,0,0,0,False,False,2686,2,,,False,False
001-234604,6,medium,1.0405,1.0,1.0,1.0,0.9444444444444444,1.0,0.9285714285714286,0.8163265306122449,,,0,0,0,False,False,2686,2,,,False,False
001-234604,6,heavy,1.0167,1.0,1.0,1.0,0.9444444444444444,1.0,0.9642857142857143,0.8163265306122449,,,0,0,0,False,False,2686,2,,,False,False
001-235034,6,light,1.0298,1.0,1.0,1.0,1.0,1.0,1.0,0.9545454545454546,,,0,0,0,False,False,3000,2,,,False,False
001-235034,6,medium,1.0549,1.0,1.0,1.0,1.0,1.0,1.0,0.8409090909090909,,,0,0,0,False,False,3000,2,,,False,False
001-235034,6,heavy,1.028,1.0,1.0,1.0,1.0,1.0,1.0,0.8863636363636364,,,0,0,0,False,False,3000,2,,,False,False
001-235346,6,light,0.9814,1.0,1.0,1.0,1.0,1.0,0.9913793103448276,1.0,,,0,7,6,False,False,7467,12,,,False,False
001-235346,6,medium,0.9679,1.0,0.9294117647058824,0.9761904761904762,1.0,1.0,1.0,0.9620253164556962,2014-01-29,,0,7,6,False,False,7467,12,,,False,False
001-235346,6,heavy,0.9709,1.0,0.9882352941176471,1.0,1.0,1.0,1.0,0.8860759493670886,,,0,7,11,False,False,7467,12,,,False,False
001-235470,10,light,1.0058,1.0,1.0,1.0,1.0,1.0,1.0,0.992,,,0,12,10,False,False,5242,12,,,False,False
001-235470,10,medium,1.024,1.0,1.0,1.0,0.9583333333333334,0.9230769230769231,0.975609756097561,0.944,100,,0,12,2,False,False,5242,12,,,False,False
001-235470,10,heavy,1.0355,1.0,1.0,1.0,1.0,1.0,0.9939024390243902,0.944,,,0,12,4,False,False,5242,12,,,False,False
001-235475,8,light,0.978,1.0,1.0,1.0,0.972972972972973,0.9642857142857143,0.9757085020242915,0.9833333333333333,100,,0,5,4,False,False,9628,14,,,False,False
001-235475,8,medium,0.9746,1.0,1.0,1.0,0.9459459459459459,0.9642857142857143,0.9433198380566802,0.9333333333333333,100,,0,5,3,False,False,9628,14,,,False,False
001-235475,8,heavy,0.9771,1.0,1.0,1.0,0.972972972972973,1.0,0.9676113360323887,0.95,,,0,5,3,False,False,9628,14,,,False,False
001-235491,5,light,0.9787,1.0,1.0,1.0,0.9743589743589743,0.9629629629629629,0.9947368421052631,0.9747899159663865,1.00,,0,0,0,False,True,11818,13,,,False,False
001-235491,5,medium,0.9282,1.0,0.9714285714285714,1.0,0.9487179487179487,0.9259259259259259,0.9631578947368421,0.9495798319327731,1.00 7.00,,0,0,0,False,True,11818,13,,,False,False
001-235491,5,heavy,0.9365,1.0,0.9904761904761905,1.0,1.0,1.0,0.9789473684210527,0.9495798319327731,,,0,0,0,False,True,11818,13,,,False,False
001-235491,8,light,0.9723,1.0,1.0,1.0,0.9743589743589743,0.9629629629629629,0.9894736842105263,0.9663865546218487,1.00,,0,0,0,False,True,11818,13,,,False,False
001-235491,8,medium,0.9244,1.0,0.9904761904761905,1.0,0.9487179487179487,0.9259259259259259,0.9736842105263158,0.8991596638655462,1.00 7.00,,0,0,0,False,True,11818,13,,,False,False
001-235491,8,heavy,0.9449,1.0,0.9904761904761905,1.0,1.0,1.0,0.9842105263157894,0.9495798319327731,,,0,0,0,False,True,11818,13,,,False,False
001-235692,8,light,0.992,1.0,1.0,1.0,1.0,1.0,0.9722222222222222,1.0,,,0,2,1,False,False,6042,2,,,False,False
001-235692,8,medium,0.9954,1.0,1.0,1.0,1.0,1.0,1.0,0.9591836734693877,,,0,2,1,False,False,6042,2,,,False,False
001-235692,8,heavy,1.0018,1.0,1.0,1.0,1.0,1.0,1.0,1.0,,,0,2,1,False,False,6042,2,,,False,False
001-235896,P1-1,light,1.0021,1.0,0.9607843137254902,0.972972972972973,0.991304347826087,0.9850746268656716,0.988950276243094,0.9705882352941176,8669923 2010-10-20,8669923.31,1,0,0,False,False,4945,11,,,False,False
001-235896,P1-1,medium,1.0046,1.0,0.9411764705882353,0.972972972972973,0.9739130434782609,1.0,0.9723756906077348,0.8970588235294118,2010-10-20,,0,0,0,False,False,4945,11,,,False,False
001-235896,P1-1,heavy,1.0066,1.0,0.9803921568627451,0.972972972972973,1.0,1.0,0.988950276243094,0.8823529411764706,2010-10-20,,0,0,0,False,False,4945,11,,,False,False
001-236132,6,light,0.9973,1.0,1.0,1.0,1.0,1.0,1.0,1.0,,,0,2,4,False,False,2999,9,,,False,False
001-236132,6,medium,0.9998,1.0,1.0,1.0,1.0,1.0,1.0,1.0,,,0,2,2,False,False,2999,9,,,False,False
001-236132,6,heavy,0.9945,1.0,1.0,1.0,1.0,1.0,1.0,1.0,,,0,2,2,False,False,2999,9,,,False,False
001-236140,8,light,0.9918,1.0,1.0,1.0,1.0,1.0,1.0,0.9830508474576272,,,0,0,0,False,False,7276,6,,,False,False
001-236140,8,medium,0.9667,1.0,1.0,1.0,1.0,1.0,1.0,0.9830508474576272,,,0,0,0,False,False,7276,6,,,False,False
001-236140,8,heavy,0.972,1.0,1.0,1.0,1.0,1.0,1.0,0.8305084745762712,,,0,0,0,False,False,7276,6,,,False,False
001-236179,8,light,0.9821,1.0,0.9452054794520548,0.9384615384615385,1.0,1.0,1.0,0.9836065573770492,2019-04-12 2021-04-21 2021-04-26 2023-02-13,,0,4,3,False,False,10271,8,,,False,False
001-236179,8,medium,0.9765,1.0,0.8904109589041096,0.8923076923076924,0.9791666666666666,1.0,0.9915966386554622,1.0,2019-04-12 2020-04-08 2021-03-31 2021-04-21 2021-04-26 2023-02-13 2023-05-23,,0,4,3,False,False,10271,8,,,False,False
001-236179,8,heavy,0.9761,1.0,0.958904109589041,0.9538461538461539,1.0,1.0,1.0,1.0,2019-04-12 2021-04-21 2021-04-26,,0,4,2,False,False,10271,8,,,False,False
001-237290,3,light,0.9859,1.0,0.9868421052631579,1.0,1.0,1.0,0.9927272727272727,0.9925925925925926,,,0,2,2,False,True,6757,17,,,False,False
001-237290,3,medium,0.9722,1.0,0.9868421052631579,1.0,1.0,1.0,0.9854545454545455,0.9481481481481482,,,0,2,3,False,True,6757,17,,,False,False
001-237290,3,heavy,0.9687,1.0,0.9868421052631579,1.0,0.9772727272727273,1.0,0.9745454545454545,0.9259259259259259,,,0,2,5,False,True,6757,17,,,False,False
001-237290,5,light,0.983,1.0,0.9868421052631579,1.0,1.0,1.0,0.9927272727272727,0.9925925925925926,,,0,2,2,False,True,6757,17,,,False,False
001-237290,5,medium,0.9758,1.0,0.9868421052631579,1.0,1.0,1.0,0.9781818181818182,0.9555555555555556,,,0,2,5,False,True,6757,17,,,False,False
001-237290,5,heavy,0.9667,1.0,0.9868421052631579,1.0,0.9772727272727273,1.0,0.9745454545454545,0.9259259259259259,,,0,2,5,False,True,6757,17,,,False,False
001-237294,3,light,0.9762,1.0,1.0,1.0,1.0,1.0,1.0,0.970873786407767,,,0,8,6,False,False,5211,12,,,False,False
001-237294,3,medium,0.9416,1.0,0.972972972972973,1.0,0.8833333333333333,0.875,0.9425287356321839,0.941747572815534,2017 2019 2929 4010,,0,8,4,False,False,5211,12,,,False,False
001-237294,3,heavy,0.9636,1.0,1.0,1.0,0.9833333333333333,1.0,0.9942528735632183,0.883495145631068,,,0,8,5,False,False,5211,12,,,False,False
001-237435,6,light,0.9948,1.0,1.0,1.0,1.0,1.0,1.0,1.0,,,0,1,1,False,False,5462,2,,,False,False
001-237435,6,medium,1.0187,1.0,1.0,1.0,1.0,1.0,1.0,0.96,,,0,1,1,False,False,5462,2,,,False,False
001-237435,6,heavy,1.0187,1.0,1.0,1.0,1.0,1.0,1.0,1.0,,,0,1,1,False,False,5462,2,,,False,False
001-237438,3,light,0.9964,1.0,1.0,1.0,1.0,1.0,0.9943181818181818,0.968421052631579,,,0,0,0,False,False,4486,16,,,False,False
001-237438,3,medium,0.9917,1.0,0.9736842105263158,0.9705882352941176,1.0,1.0,0.9829545454545454,0.9263157894736842,2022-11-30,2023-02-28,1,0,0,False,False,4486,16,,,False,False
001-237438,3,heavy,0.9896,1.0,1.0,1.0,1.0,1.0,0.9943181818181818,0.9263157894736842,,2023-02-28,1,0,0,False,False,4486,16,,,False,False
001-237504,6,light,0.9715,1.0,1.0,1.0,1.0,1.0,1.0,1.0,,,0,1,1,False,False,4208,2,,,False,False
001-237504,6,medium,1.0014,1.0,1.0,1.0,1.0,1.0,1.0,0.9591836734693877,,,0,1,1,False,False,4208,2,,,False,False
001-237504,6,heavy,0.9919,1.0,1.0,1.0,1.0,1.0,1.0,0.9795918367346939,,,0,1,1,False,False,4208,2,,,False,False
001-237797,6,light,0.9889,1.0,1.0,1.0,1.0,1.0,1.0,1.0,,,0,4,4,False,False,10491,4,,,False,False
001-237797,6,medium,0.9699,1.0,1.0,1.0,1.0,1.0,1.0,1.0,,,0,4,4,False,False,10491,4,,,False,False
001-237797,6,heavy,0.9692,1.0,1.0,1.0,1.0,1.0,1.0,1.0,,,0,4,3,False,False,10491,4,,,False,False
001-237808,P1-1,light,0.9899,1.0,1.0,1.0,0.96875,0.9375,0.9902912621359223,0.9879518072289156,30452,452,1,9,8,False,False,4097,16,,,False,False
001-237808,P1-1,medium,0.9804,1.0,1.0,1.0,0.96875,0.9375,0.970873786407767,0.891566265060241,30452,452,1,9,5,False,False,4097,16,,,False,False
001-237808,P1-1,heavy,0.9827,1.0,1.0,1.0,0.96875,0.9375,0.9902912621359223,0.8795180722891566,30452,452,1,9,4,False,False,4097,16,,,False,False
001-237811,14,light,0.9749,1.0,1.0,1.0,1.0,1.0,1.0,0.9438202247191011,,,0,4,1,False,True,5426,18,,,False,False
001-237811,14,medium,0.9509,1.0,1.0,1.0,0.9130434782608695,1.0,0.9754601226993865,0.8764044943820225,,,0,4,1,False,True,5426,18,,,False,False
001-237811,14,heavy,0.9678,1.0,1.0,1.0,1.0,1.0,1.0,0.8651685393258427,,,0,4,1,False,True,5426,18,,,False,False
001-237954,8,light,0.9817,1.0,1.0,1.0,1.0,1.0,1.0,0.9772727272727273,,,0,1,0,False,False,2778,8,,,False,False
001-237954,8,medium,1.0024,1.0,1.0,1.0,1.0,1.0,0.9924242424242424,0.9090909090909091,,,0,1,2,False,False,2778,8,,,False,False
001-237954,8,heavy,1.0003,1.0,1.0,1.0,1.0,1.0,1.0,0.9090909090909091,,,0,1,3,False,False,2778,8,,,False,False
001-237959,8,light,0.9858,1.0,1.0,1.0,1.0,1.0,1.0,0.975,,,0,1,0,False,False,3426,13,,,False,False
001-237959,8,medium,0.9764,1.0,1.0,1.0,0.96,1.0,0.9872881355932204,0.9083333333333333,,,0,1,2,False,False,3426,13,,,False,False
001-237959,8,heavy,0.9776,1.0,1.0,1.0,0.96,1.0,0.9915254237288136,0.9083333333333333,,,0,1,2,False,False,3426,13,,,False,False
001-237960,P1-1,light,1.0138,1.0,1.0,1.0,1.0,1.0,1.0,0.8888888888888888,,,0,0,0,False,False,1819,1,,452,False,False
001-237960,P1-1,medium,1.0429,1.0,1.0,1.0,1.0,1.0,1.0,0.8611111111111112,,,0,0,0,False,False,1819,1,,450,False,False
001-237960,P1-1,heavy,1.0352,1.0,1.0,1.0,1.0,1.0,1.0,0.8611111111111112,,,0,0,0,False,False,1819,1,,451,False,False
001-238009,6,light,1.0048,1.0,1.0,1.0,1.0,1.0,1.0,0.9534883720930233,,,0,0,0,False,False,2994,2,,,False,False
001-238009,6,medium,1.0127,1.0,1.0,1.0,1.0,1.0,1.0,0.9534883720930233,,,0,0,0,False,False,2994,2,,,False,False
001-238009,6,heavy,1.0136,1.0,1.0,1.0,1.0,1.0,1.0,0.9069767441860465,,,0,0,0,False,False,2994,2,,,False,False
001-238072,6,light,0.9925,1.0,1.0,1.0,1.0,1.0,1.0,0.9836065573770492,,,0,1,1,False,False,2968,7,,,False,False
001-238072,6,medium,1.0163,1.0,1.0,1.0,1.0,1.0,1.0,0.9672131147540983,,,0,1,2,False,False,2968,7,,,False,False
001-238072,6,heavy,1.029,1.0,1.0,1.0,1.0,1.0,1.0,0.9836065573770492,,,0,1,1,False,False,2968,7,,,False,False
001-238269,3,light,0.9891,1.0,1.0,1.0,1.0,1.0,0.9888888888888889,0.987012987012987,,,0,3,3,False,False,8292,8,,,False,False
001-238269,3,medium,0.9738,1.0,1.0,1.0,1.0,1.0,0.9666666666666667,0.974025974025974,,,0,3,2,False,False,8292,8,,,False,False
001-238269,3,heavy,0.9896,1.0,1.0,1.0,1.0,1.0,0.9555555555555556,0.974025974025974,,,0,3,2,False,False,8292,8,,,False,False
001-238270,8,light,0.9903,1.0,1.0,1.0,1.0,1.0,1.0,0.9651162790697675,,,0,3,2,False,False,10145,11,,,False,False
001-238270,8,medium,0.9663,1.0,1.0,1.0,1.0,1.0,0.984375,0.9186046511627907,,,0,3,2,False,False,10145,11,,,False,False
001-238270,8,heavy,0.9784,1.0,1.0,1.0,1.0,1.0,1.0,0.8488372093023255,,,0,3,2,False,False,10145,11,,,False,False
001-238515,6,light,0.9859,1.0,1.0,1.0,1.0,1.0,0.9878048780487805,0.986013986013986,,,0,1,1,False,True,6781,17,,,False,False
001-238515,6,medium,0.9773,1.0,1.0,1.0,0.9920634920634921,1.0,0.9796747967479674,0.9300699300699301,,,0,1,0,False,True,6781,17,,,False,False
001-238515,6,heavy,0.9839,1.0,1.0,1.0,0.9920634920634921,1.0,0.9796747967479674,0.9370629370629371,,,0,1,0,False,True,6781,17,,,False,False
001-238515,P1-1,light,0.9871,1.0,1.0,1.0,1.0,1.0,0.991869918699187,0.986013986013986,,,0,1,1,False,True,6781,17,,,False,False
001-238515,P1-1,medium,0.9746,1.0,1.0,1.0,0.9841269841269841,1.0,0.975609756097561,0.9370629370629371,,,0,1,0,False,True,6781,17,,,False,False
001-238515,P1-1,heavy,0.9852,1.0,1.0,1.0,1.0,1.0,0.9796747967479674,0.9370629370629371,,,0,1,0,False,True,6781,17,,,False,False
001-238658,13,light,0.9728,1.0,1.0,1.0,1.0,1.0,0.9947368421052631,0.975,,,0,1,1,False,True,8369,17,,,False,False
001-238658,13,medium,0.9331,1.0,0.9895833333333334,1.0,0.9714285714285714,1.0,0.9947368421052631,0.8625,,,0,1,2,False,True,8369,17,,,False,False
001-238658,13,heavy,0.9506,1.0,0.9895833333333334,1.0,1.0,1.0,1.0,0.875,,,0,1,1,False,True,8369,17,,,False,False
001-238658,2,light,0.974,1.0,1.0,1.0,1.0,1.0,0.9947368421052631,0.975,,,0,1,1,False,True,8369,17,,,False,False
001-238658,2,medium,0.9353,1.0,0.9895833333333334,1.0,1.0,1.0,0.9947368421052631,0.95,,,0,1,1,False,True,8369,17,,,False,False
001-238658,2,heavy,0.9487,1.0,0.9895833333333334,1.0,1.0,1.0,0.9947368421052631,0.95,,,0,1,0,False,True,8369,17,,,False,False
001-238661,6,light,0.987,1.0,0.967741935483871,1.0,0.9818181818181818,1.0,0.9795918367346939,0.975,,,0,2,2,False,False,4850,6,,,False,False
001-238661,6,medium,0.9925,1.0,0.967741935483871,1.0,0.9818181818181818,1.0,0.9727891156462585,0.9666666666666667,,,0,2,1,False,False,4850,6,,,False,False
001-238661,6,heavy,1.003,1.0,1.0,1.0,0.9818181818181818,1.0,0.9727891156462585,0.925,,,0,2,1,False,False,4850,6,,,False,False
001-238788,6,light,1.0313,1.0,1.0,1.0,1.0,1.0,1.0,0.9795918367346939,,,0,1,1,False,False,2983,3,,,False,False
001-238788,6,medium,1.026,1.0,1.0,1.0,1.0,1.0,1.0,0.8571428571428571,,,0,1,0,False,False,2983,3,,,False,False
001-238788,6,heavy,1.0088,1.0,1.0,1.0,1.0,1.0,1.0,0.8571428571428571,,,0,1,0,False,False,2983,3,,,False,False
001-238800,P1-1,light,0.9838,1.0,1.0,1.0,1.0,1.0,0.7142857142857143,0.9818181818181818,,,0,1,1,False,False,9437,1,,1962,False,False
001-238800,P1-1,medium,0.9628,1.0,1.0,1.0,1.0,1.0,0.6964285714285714,0.8545454545454545,,,0,1,1,False,False,9437,1,,1896,False,False
001-238800,P1-1,heavy,0.9829,1.0,1.0,1.0,1.0,1.0,0.6964285714285714,0.8727272727272727,,,0,1,1,False,False,9437,1,,1934,False,False
001-238839,5,light,1.0527,1.0,1.0,1.0,1.0,1.0,1.0,0.9130434782608695,,,0,0,0,False,False,2961,2,,,False,False
001-238839,5,medium,1.0238,1.0,1.0,1.0,1.0,1.0,1.0,0.8043478260869565,,,0,0,0,False,False,2961,2,,,False,False
001-238839,5,heavy,0.9401,1.0,1.0,1.0,1.0,1.0,1.0,0.9130434782608695,,,0,0,0,False,False,2961,2,,,False,False
001-238843,P1-1,light,1.0046,1.0,1.0,1.0,0.9210526315789473,0.8888888888888888,0.9555555555555556,0.9534883720930233,072017 1178 1179,,0,0,0,False,False,2824,3,,,False,False
001-238843,P1-1,medium,1.1807,1.0,1.0,1.0,0.9210526315789473,0.8888888888888888,0.9555555555555556,0.7674418604651163,072017 1178 1179,,0,0,0,False,False,2824,3,,,False,False
001-238843,P1-1,heavy,1.1978,1.0,1.0,1.0,0.9210526315789473,0.8888888888888888,0.9555555555555556,0.813953488372093,072017 1178 1179,,0,0,0,False,False,2824,3,,,False,False
001-240184,6,light,0.9951,1.0,1.0,1.0,1.0,1.0,1.0,1.0,,,0,2,2,False,False,18405,8,,,False,False
001-240184,6,medium,0.9717,1.0,1.0,1.0,1.0,1.0,0.9846153846153847,0.9878048780487805,,,0,2,0,False,False,18405,8,,,False,False
001-240184,6,heavy,0.9699,1.0,1.0,1.0,1.0,1.0,1.0,0.9878048780487805,,,0,2,0,False,False,18405,8,,,False,False
001-240242,5,light,0.9854,1.0,1.0,1.0,1.0,1.0,0.9936305732484076,0.9920634920634921,,,0,2,2,False,True,5735,17,,,False,False
001-240242,5,medium,0.9782,1.0,0.9855072463768116,0.96875,1.0,1.0,0.9490445859872612,0.9841269841269841,2020-03-09,,0,2,2,False,True,5735,17,,,False,False
001-240242,5,heavy,0.9883,1.0,1.0,1.0,1.0,1.0,0.9554140127388535,0.8650793650793651,,,0,2,1,False,True,5735,17,,,False,False
001-241743,8,light,0.9909,1.0,1.0,1.0,1.0,1.0,1.0,0.9811320754716981,,,0,0,0,False,False,8941,4,,,False,False
001-241743,8,medium,0.961,1.0,1.0,1.0,1.0,1.0,0.9882352941176471,0.9811320754716981,,,0,0,0,False,False,8941,4,,,False,False
001-241743,8,heavy,0.9615,1.0,1.0,1.0,1.0,1.0,1.0,0.8679245283018868,,,0,0,0,False,False,8941,4,,,False,False
001-241871,8,light,0.9807,1.0,1.0,1.0,1.0,1.0,1.0,1.0,,,0,0,0,False,False,3051,3,,,False,False
001-241871,8,medium,0.9827,1.0,1.0,1.0,1.0,1.0,0.9444444444444444,0.9361702127659575,,,0,0,0,False,False,3051,3,,,False,False
001-241871,8,heavy,0.9859,1.0,1.0,1.0,1.0,1.0,0.9444444444444444,0.9361702127659575,,,0,0,0,False,False,3051,3,,,False,False
001-241978,6,light,0.9961,1.0,1.0,1.0,1.0,1.0,0.9672131147540983,0.9850746268656716,,,0,2,2,False,False,4929,6,,,False,False
001-241978,6,medium,0.9976,1.0,1.0,1.0,1.0,1.0,0.9672131147540983,0.9552238805970149,,,0,2,1,False,False,4929,6,,,False,False
001-241978,6,heavy,0.9875,1.0,1.0,1.0,1.0,1.0,0.9672131147540983,0.9701492537313433,,,0,2,1,False,False,4929,6,,,False,False
001-241986,4,light,0.9964,1.0,1.0,1.0,1.0,1.0,1.0,0.9830508474576272,,,0,0,0,False,True,11562,13,,,False,False
001-241986,4,medium,1.0042,1.0,1.0,1.0,1.0,1.0,1.0,0.864406779661017,,,0,0,0,False,True,11562,13,,,False,False
001-241986,4,heavy,1.0077,1.0,1.0,1.0,1.0,1.0,1.0,0.847457627118644,,,0,0,0,False,True,11562,13,,,False,False
001-242058,3,light,1.0179,1.0,1.0,1.0,1.0,1.0,1.0,1.0,,,0,1,0,False,False,2989,3,,,False,False
001-242058,3,medium,1.0589,1.0,1.0,1.0,1.0,1.0,1.0,0.9130434782608695,,,0,1,0,False,False,2989,3,,,False,False
001-242058,3,heavy,0.9999,1.0,1.0,1.0,1.0,1.0,1.0,0.8695652173913043,,,0,1,0,False,False,2989,3,,,False,False
001-242059,P1-1,light,0.996,1.0,1.0,1.0,1.0,1.0,1.0,1.0,,,0,1,1,False,False,2263,2,,,False,False
001-242059,P1-1,medium,0.9855,1.0,1.0,1.0,1.0,1.0,1.0,0.9487179487179487,,,0,1,1,False,False,2263,2,,,False,False
001-242059,P1-1,heavy,0.9824,1.0,1.0,1.0,1.0,1.0,1.0,1.0,,,0,1,1,False,False,2263,2,,,False,False
001-242073,13,light,1.0529,1.0,1.0,1.0,1.0,1.0,1.0,0.8837209302325582,,,0,0,0,False,False,2685,1,,693,False,False
001-242073,13,medium,1.1505,1.0,1.0,1.0,0.8,1.0,0.7391304347826086,0.7906976744186046,,,0,0,0,False,False,2685,1,,686,False,False
001-242073,13,heavy,1.168,1.0,1.0,1.0,1.0,1.0,0.9130434782608695,0.813953488372093,,,0,0,0,False,False,2685,1,,710,False,False
001-242521,13,light,0.9864,1.0,1.0,1.0,1.0,1.0,0.9949238578680203,0.993006993006993,,,0,12,12,False,True,3000,20,,,False,False
001-242521,13,medium,0.9802,1.0,0.967741935483871,1.0,1.0,1.0,0.9898477157360406,0.986013986013986,,2010-07-06,1,12,6,False,True,3000,20,,,False,False
001-242521,13,heavy,0.9753,1.0,0.9838709677419355,1.0,1.0,1.0,0.9898477157360406,0.8881118881118881,,,0,12,11,False,True,3000,20,,,False,False
001-242534,6,light,1.0161,1.0,1.0,1.0,1.0,1.0,1.0,0.972972972972973,,,0,0,0,False,False,1866,1,,475,False,False
001-242534,6,medium,1.0359,1.0,1.0,1.0,1.0,1.0,1.0,0.7837837837837838,,,0,0,0,False,False,1866,1,,460,False,False
001-242534,6,heavy,0.9887,1.0,1.0,1.0,1.0,1.0,1.0,0.7567567567567568,,,0,0,0,False,False,1866,1,,451,False,False
001-242757,P1-1,light,0.9708,1.0,1.0,1.0,1.0,1.0,1.0,1.0,,,0,0,0,False,False,7053,2,,,False,False
001-242757,P1-1,medium,0.9329,1.0,1.0,1.0,1.0,1.0,1.0,1.0,,,0,0,0,False,False,7053,2,,,False,False
001-242757,P1-1,heavy,0.9436,1.0,1.0,1.0,1.0,1.0,1.0,0.9655172413793104,,,0,0,0,False,False,7053,2,,,False,False
001-242762,6,light,0.9958,1.0,1.0,1.0,1.0,1.0,1.0,1.0,,,0,0,0,False,False,2953,2,,,False,False
001-242762,6,medium,0.9861,1.0,1.0,1.0,1.0,1.0,1.0,1.0,,,0,0,0,False,False,2953,2,,,False,False
001-242762,6,heavy,0.9947,1.0,1.0,1.0,1.0,1.0,1.0,0.9583333333333334,,,0,0,0,False,False,2953,2,,,False,False
001-242768,6,light,0.9846,1.0,1.0,1.0,1.0,1.0,1.0,0.958904109589041,,,0,1,1,False,False,4698,9,,,False,False
001-242768,6,medium,0.9861,1.0,1.0,1.0,1.0,1.0,1.0,0.9452054794520548,,,0,1,4,False,False,4698,9,,,False,False
001-242768,6,heavy,0.9877,1.0,1.0,1.0,1.0,1.0,1.0,0.863013698630137,,,0,1,5,False,False,4698,9,,,False,False
001-242788,8,light,0.9972,1.0,1.0,1.0,1.0,1.0,1.0,1.0,,,0,0,0,False,False,2527,1,,546,False,False
001-242788,8,medium,1.036,1.0,1.0,1.0,1.0,1.0,1.0,1.0,,,0,0,0,False,False,2527,1,,553,False,False
001-242788,8,heavy,1.04,1.0,1.0,1.0,1.0,1.0,1.0,0.96,,,0,0,0,False,False,2527,1,,561,False,False
001-242855,P1-1,light,0.9787,1.0,1.0,1.0,1.0,1.0,1.0,1.0,,,0,1,1,False,False,3988,2,,,False,False
001-242855,P1-1,medium,0.9431,1.0,1.0,1.0,1.0,1.0,1.0,0.9615384615384616,,,0,1,0,False,False,3988,2,,,False,False
001-242855,P1-1,heavy,0.9541,1.0,1.0,1.0,1.0,1.0,1.0,0.9615384615384616,,,0,1,0,False,False,3988,2,,,False,False
001-242857,6,light,0.9942,1.0,1.0,1.0,1.0,1.0,1.0,1.0,,,0,0,0,False,False,2805,2,,,False,False
001-242857,6,medium,0.9757,1.0,1.0,1.0,1.0,1.0,1.0,0.868421052631579,,,0,0,0,False,False,2805,2,,,False,False
001-242857,6,heavy,0.999,1.0,1.0,1.0,1.0,1.0,1.0,0.8157894736842105,,,0,0,0,False,False,2805,2,,,False,False
001-243081,P1-1,light,0.9994,1.0,1.0,1.0,1.0,1.0,1.0,0.9722222222222222,,,0,2,2,False,False,2978,10,,,False,False
001-243081,P1-1,medium,1.0001,1.0,1.0,1.0,1.0,1.0,0.9464285714285714,0.9166666666666666,,,0,2,5,False,False,2978,10,,,False,False
001-243081,P1-1,heavy,1.0065,1.0,1.0,1.0,1.0,1.0,0.9464285714285714,0.9166666666666666,,,0,2,5,False,False,2978,10,,,False,False
001-243363,6,light,0.9936,1.0,0.9902912621359223,1.0,1.0,1.0,0.995850622406639,0.9724770642201835,,,0,5,5,False,False,4162,19,,,False,False
001-243363,6,medium,0.9828,1.0,0.9902912621359223,1.0,0.989247311827957,1.0,0.979253112033195,0.9541284403669725,,,0,5,4,False,False,4162,19,,,False,False
001-243363,6,heavy,0.9876,1.0,1.0,1.0,1.0,1.0,0.983402489626556,0.963302752293578,,,0,5,4,False,False,4162,19,,,False,False
001-243553,P1-1,light,0.9854,1.0,1.0,1.0,1.0,1.0,0.9848484848484849,1.0,,,0,2,2,False,False,5234,5,,,False,False
001-243553,P1-1,medium,0.9492,1.0,1.0,1.0,1.0,1.0,0.9696969696969697,0.9888888888888889,,,0,2,0,False,False,5234,5,,,False,False
001-243553,P1-1,heavy,0.9513,1.0,1.0,1.0,1.0,1.0,0.9848484848484849,1.0,,,0,2,1,False,False,5234,5,,,False,False
001-243562,14,light,0.9842,1.0,1.0,1.0,1.0,1.0,0.991869918699187,0.9846153846153847,,,0,1,0,False,False,7531,12,,,False,False
001-243562,14,medium,0.9966,1.0,1.0,1.0,1.0,1.0,0.967479674796748,0.9692307692307692,,,0,1,0,False,False,7531,12,,,False,False
001-243562,14,heavy,0.993,1.0,1.0,1.0,1.0,1.0,0.983739837398374,0.9692307692307692,,,0,1,0,False,False,7531,12,,,False,False
001-243781,P1-1,light,1.0065,1.0,1.0,1.0,1.0,1.0,1.0,0.967741935483871,,,0,1,1,False,False,2954,3,,,False,False
001-243781,P1-1,medium,1.0042,1.0,1.0,1.0,1.0,1.0,0.9696969696969697,0.8064516129032258,,,0,1,0,False,False,2954,3,,,False,False
001-243781,P1-1,heavy,0.9922,1.0,1.0,1.0,1.0,1.0,0.9696969696969697,0.9032258064516129,,,0,1,1,False,False,2954,3,,,False,False
001-243782,8,light,0.9915,1.0,1.0,1.0,1.0,1.0,1.0,1.0,,,0,0,0,False,False,4954,5,,,False,False
001-243782,8,medium,0.9965,1.0,1.0,1.0,0.9473684210526315,1.0,0.9838709677419355,0.9807692307692307,,,0,0,0,False,False,4954,5,,,False,False
001-243782,8,heavy,1.0013,1.0,1.0,1.0,1.0,1.0,1.0,0.8846153846153846,,,0,0,0,False,False,4954,5,,,False,False
001-243878,8,light,0.9885,1.0,1.0,1.0,1.0,1.0,1.0,0.9270833333333334,,,0,3,3,False,True,4010,21,,,False,False
001-243878,8,medium,0.9977,1.0,1.0,1.0,0.9868421052631579,1.0,0.9608938547486033,0.8854166666666666,,,0,3,2,False,True,4010,21,,,False,False
001-243878,8,heavy,1.0011,1.0,1.0,1.0,1.0,1.0,0.9776536312849162,0.9166666666666666,,,0,3,2,False,True,4010,21,,,False,False
001-243885,14,light,0.9817,1.0,1.0,1.0,1.0,1.0,0.9850746268656716,0.9863013698630136,,,0,1,1,False,False,10899,12,,,False,False
001-243885,14,medium,0.9815,1.0,0.9807692307692307,0.9767441860465116,1.0,1.0,0.9850746268656716,0.8904109589041096,2021-04-29,,0,1,2,False,False,10899,12,,,False,False
001-243885,14,heavy,0.9841,1.0,1.0,1.0,1.0,1.0,1.0,0.9863013698630136,,,0,1,2,False,False,10899,12,,,False,False
001-243885,3,light,0.986,1.0,1.0,1.0,1.0,1.0,0.9850746268656716,0.9863013698630136,,,0,1,1,False,False,10899,12,,,False,False
001-243885,3,medium,0.9828,1.0,0.9807692307692307,1.0,1.0,1.0,0.9850746268656716,0.958904109589041,,,0,1,2,False,False,10899,12,,,False,False
001-243885,3,heavy,0.9829,1.0,1.0,1.0,1.0,1.0,1.0,0.9863013698630136,,,0,1,2,False,False,10899,12,,,False,False
001-243887,10,light,0.9942,1.0,1.0,1.0,1.0,1.0,1.0,0.9846153846153847,,,0,1,1,False,False,7001,4,,,False,False
001-243887,10,medium,0.994,1.0,1.0,1.0,1.0,1.0,0.9642857142857143,0.9538461538461539,,,0,1,1,False,False,7001,4,,,False,False
001-243887,10,heavy,1.0152,1.0,1.0,1.0,1.0,1.0,0.9642857142857143,0.9538461538461539,,,0,1,1,False,False,7001,4,,,False,False
001-243997,10,light,1.005,1.0,1.0,1.0,1.0,1.0,0.6923076923076923,0.9607843137254902,,,0,0,0,False,False,9444,1,,2058,False,False
001-243997,10,medium,0.9761,1.0,1.0,1.0,1.0,1.0,0.6923076923076923,0.9019607843137255,,,0,0,0,False,False,9444,1,,1989,False,False
001-243997,10,heavy,1.0003,1.0,1.0,1.0,1.0,1.0,0.6923076923076923,0.9019607843137255,,,0,0,0,False,False,9444,1,,1997,False,False
001-244000,8,light,0.9831,1.0,1.0,1.0,1.0,1.0,1.0,1.0,,,0,1,1,False,False,6417,3,,,False,False
001-244000,8,medium,0.964,1.0,1.0,1.0,1.0,1.0,0.9830508474576272,0.984375,,,0,1,0,False,False,6417,3,,,False,False
001-244000,8,heavy,0.9702,1.0,1.0,1.0,1.0,1.0,0.9661016949152542,1.0,,2013-02-20,1,1,0,False,False,6417,3,,,False,False
001-244020,6,light,1.0112,1.0,1.0,1.0,1.0,1.0,1.0,0.96875,,,0,0,0,False,False,1794,1,,420,False,False
001-244020,6,medium,1.0329,1.0,1.0,1.0,1.0,1.0,1.0,0.96875,,,0,0,0,False,False,1794,1,,417,False,False
001-244020,6,heavy,1.0262,1.0,1.0,1.0,1.0,1.0,1.0,0.90625,,,0,0,0,False,False,1794,1,,423,False,False
001-244588,P7-2,light,0.9793,1.0,1.0,1.0,1.0,1.0,1.0,1.0,,,0,0,0,False,False,2997,3,,,False,False
001-244588,P7-2,medium,0.9641,1.0,1.0,1.0,1.0,1.0,1.0,1.0,,,0,0,0,False,False,2997,3,,,False,False
001-244588,P7-2,heavy,0.9824,1.0,1.0,1.0,1.0,1.0,1.0,1.0,,,0,0,0,False,False,2997,3,,,False,False
001-244592,9,light,0.9916,1.0,1.0,1.0,1.0,1.0,1.0,1.0,,,0,1,1,False,False,2605,2,,,False,False
001-244592,9,medium,0.9921,1.0,1.0,1.0,1.0,1.0,1.0,1.0,,,0,1,1,False,False,2605,2,,,False,False
001-244592,9,heavy,0.9934,1.0,1.0,1.0,1.0,1.0,1.0,1.0,,,0,1,1,False,False,2605,2,,,False,False
001-244593,14,light,0.9953,1.0,1.0,1.0,1.0,1.0,1.0,1.0,,,0,5,5,False,False,6208,9,,,False,False
001-244593,14,medium,0.9963,1.0,1.0,1.0,1.0,1.0,1.0,0.9880952380952381,,,0,5,3,False,False,6208,9,,,False,False
001-244593,14,heavy,1.0095,1.0,1.0,1.0,1.0,1.0,1.0,1.0,,,0,5,4,False,False,6208,9,,,False,False
001-244593,3,light,0.9949,1.0,1.0,1.0,1.0,1.0,1.0,1.0,,,0,5,5,False,False,6208,9,,,False,False
001-244593,3,medium,0.9995,1.0,1.0,1.0,0.9861111111111112,1.0,0.9932885906040269,0.9166666666666666,,,0,5,4,False,False,6208,9,,,False,False
001-244593,3,heavy,1.0153,1.0,1.0,1.0,1.0,1.0,1.0,0.9880952380952381,,,0,5,4,False,False,6208,9,,,False,False
001-244594,13,light,0.9826,1.0,1.0,1.0,0.9969230769230769,1.0,0.9930555555555556,0.9540229885057471,,,0,3,3,False,False,3070,17,,,False,False
001-244594,13,medium,0.9833,1.0,1.0,1.0,0.9907692307692307,1.0,0.9878472222222222,0.9540229885057471,,,0,3,4,False,False,3070,17,,,False,False
001-244594,13,heavy,0.9826,1.0,1.0,1.0,0.9907692307692307,1.0,0.9895833333333334,0.896551724137931,,,0,3,3,False,False,3070,17,,,False,False
001-244594,6,light,0.9846,1.0,1.0,1.0,0.9969230769230769,1.0,0.9930555555555556,0.9540229885057471,,,0,3,3,False,False,3070,17,,,False,False
001-244594,6,medium,0.9746,1.0,1.0,1.0,0.9907692307692307,1.0,0.9878472222222222,0.9540229885057471,,,0,3,3,False,False,3070,17,,,False,False
001-244594,6,heavy,0.9881,1.0,1.0,1.0,0.9907692307692307,1.0,0.9895833333333334,0.9540229885057471,,,0,3,3,False,False,3070,17,,,False,False
001-244728,10,light,0.9835,1.0,1.0,1.0,1.0,1.0,0.5714285714285714,0.9516129032258065,,,0,1,1,False,False,12236,1,1.0,2278,False,False
001-244728,10,medium,0.9256,1.0,0.9444444444444444,0.9333333333333333,1.0,1.0,0.5714285714285714,0.9354838709677419,2025-05-28,,0,1,1,False,False,12236,1,1.0,2104,False,False
001-244728,10,heavy,0.9406,1.0,1.0,1.0,1.0,1.0,0.5714285714285714,0.967741935483871,,,0,1,1,False,False,12236,1,1.0,2151,False,False
001-244851,P1-3,light,0.9859,1.0,1.0,1.0,1.0,1.0,0.9915254237288136,0.9689922480620154,,,0,5,4,False,True,5959,21,,,False,False
001-244851,P1-3,medium,0.9838,1.0,0.9777777777777777,0.975,0.9759036144578314,1.0,0.9745762711864406,0.9612403100775194,2015-12-02,,0,5,5,False,True,5959,21,,,False,False
001-244851,P1-3,heavy,0.9852,1.0,1.0,1.0,1.0,1.0,0.9872881355932204,0.9147286821705426,,,0,5,4,False,True,5959,21,,,False,False
001-244894,P1-1,light,0.9803,1.0,1.0,1.0,1.0,1.0,1.0,1.0,,,0,0,0,False,False,3001,3,,,False,False
001-244894,P1-1,medium,0.976,1.0,1.0,1.0,1.0,1.0,1.0,0.8909090909090909,,,0,0,0,False,False,3001,3,,,False,False
001-244894,P1-1,heavy,0.9732,1.0,1.0,1.0,1.0,1.0,0.972972972972973,0.8545454545454545,,,0,0,0,False,False,3001,3,,,False,False
001-245104,P1-3,light,0.9955,1.0,1.0,1.0,1.0,1.0,0.9944289693593314,0.9770114942528736,,,0,6,6,False,True,7118,17,,,False,False
001-245104,P1-3,medium,1.0106,1.0,1.0,1.0,0.9666666666666667,1.0,0.9805013927576601,0.9310344827586207,,,0,6,5,False,True,7118,17,,,False,False
001-245104,P1-3,heavy,1.0073,1.0,1.0,1.0,1.0,1.0,1.0,0.9655172413793104,,,0,6,4,False,True,7118,17,,,False,False
001-245246,6,light,0.9797,1.0,1.0,1.0,1.0,1.0,1.0,0.9156626506024096,,,0,2,1,False,False,2996,17,,,False,False
001-245246,6,medium,0.9964,1.0,1.0,1.0,1.0,1.0,0.9895287958115183,0.8072289156626506,,,0,2,0,False,False,2996,17,,,False,False
001-245246,6,heavy,0.9892,1.0,1.0,1.0,1.0,1.0,0.9947643979057592,0.9036144578313253,,,0,2,1,False,False,2996,17,,,False,False
001-245279,P1-1,light,0.99,1.0,1.0,1.0,1.0,1.0,1.0,1.0,,,0,1,1,False,False,3399,2,,,False,False
001-245279,P1-1,medium,0.9979,1.0,1.0,1.0,1.0,1.0,0.9259259259259259,1.0,,,0,1,1,False,False,3399,2,,,False,False
001-245279,P1-1,heavy,1.0017,1.0,1.0,1.0,1.0,1.0,0.9629629629629629,0.9615384615384616,,,0,1,2,False,False,3399,2,,,False,False
001-245390,8,light,0.9938,1.0,1.0,1.0,1.0,1.0,1.0,0.975,,,0,2,2,False,False,9409,7,,,False,False
001-245390,8,medium,1.0072,1.0,0.9696969696969697,0.96875,1.0,1.0,1.0,0.9,2016-12-29,,0,2,1,False,False,9409,7,,,False,False
001-245390,8,heavy,1.0069,1.0,1.0,1.0,1.0,1.0,1.0,0.9,,,0,2,1,False,False,9409,7,,,False,False
001-245444,8,light,0.9903,1.0,1.0,1.0,0.9787234042553191,0.9736842105263158,0.9838709677419355,1.0,551,551.59,1,1,2,False,False,3107,9,,,False,False
001-245444,8,medium,0.9774,1.0,1.0,1.0,0.9787234042553191,0.9736842105263158,0.9838709677419355,1.0,551,551.59,1,1,3,False,False,3107,9,,,False,False
001-245444,8,heavy,0.9791,1.0,1.0,1.0,1.0,1.0,0.9919354838709677,0.90625,,,0,1,4,False,False,3107,9,,,False,False
001-245447,8,light,0.9976,1.0,1.0,1.0,1.0,1.0,1.0,1.0,,,0,1,0,False,False,2922,3,,,False,False
001-245447,8,medium,1.0491,1.0,1.0,1.0,1.0,1.0,1.0,0.8070175438596491,,,0,1,0,False,False,2922,3,,,False,False
001-245447,8,heavy,1.0427,1.0,1.0,1.0,1.0,1.0,1.0,0.8070175438596491,,,0,1,1,False,False,2922,3,,,False,False
001-245460,13,light,1.0107,1.0,1.0,1.0,1.0,1.0,1.0,0.8888888888888888,,,0,0,0,False,False,1778,1,,461,False,False
001-245460,13,medium,1.0264,1.0,1.0,1.0,1.0,1.0,1.0,0.7222222222222222,,,0,0,0,False,False,1778,1,,454,False,False
001-245460,13,heavy,1.0163,1.0,1.0,1.0,1.0,1.0,1.0,0.6944444444444444,,,0,0,0,False,False,1778,1,,458,False,False
001-245460,6,light,0.9989,1.0,1.0,1.0,1.0,1.0,1.0,0.8888888888888888,,,0,0,0,False,False,1778,1,,457,False,False
001-245460,6,medium,1.0326,1.0,1.0,1.0,1.0,1.0,1.0,0.7222222222222222,,,0,0,0,False,False,1778,1,,460,False,False
001-245460,6,heavy,1.0422,1.0,1.0,1.0,1.0,1.0,1.0,0.6944444444444444,,,0,0,0,False,False,1778,1,,470,False,False
001-245463,13,light,1.0027,1.0,1.0,1.0,1.0,1.0,1.0,0.9333333333333333,,,0,0,0,False,False,2211,1,,598,False,False
001-245463,13,medium,1.0262,1.0,1.0,1.0,1.0,1.0,1.0,0.6222222222222222,,,0,0,0,False,False,2211,1,,599,False,False
001-245463,13,heavy,1.0326,1.0,1.0,1.0,1.0,1.0,1.0,0.6666666666666666,,,0,0,0,False,False,2211,1,,601,False,False
001-245684,8,light,0.9919,1.0,1.0,1.0,1.0,1.0,0.9950980392156863,0.9925373134328358,,,0,4,4,False,False,11388,17,,,False,False
001-245684,8,medium,0.9752,1.0,0.9629629629629629,0.9743589743589743,0.9591836734693877,0.9655172413793104,0.9803921568627451,0.9402985074626866,100 2025-06-03,2017-09-01 2017-11-13,2,4,2,False,False,11388,17,,,False,False
001-245684,8,heavy,0.9826,1.0,1.0,1.0,1.0,1.0,1.0,0.9776119402985075,,,0,4,2,False,False,11388,17,,,False,False
001-245686,3,light,0.9856,1.0,1.0,1.0,1.0,1.0,0.9629629629629629,0.95,,,0,2,2,False,False,3744,10,,,False,False
001-245686,3,medium,0.9708,1.0,1.0,1.0,1.0,1.0,0.9537037037037037,0.95,,,0,2,2,False,False,3744,10,,,False,False
001-245686,3,heavy,0.9604,1.0,1.0,1.0,1.0,1.0,0.9537037037037037,0.85,,,0,2,3,False,False,3744,10,,,False,False
001-245690,6,light,1.0167,1.0,1.0,1.0,1.0,1.0,1.0,1.0,,,0,1,1,False,False,2571,1,,609,False,False
001-245690,6,medium,1.0802,1.0,1.0,1.0,1.0,1.0,1.0,0.9512195121951219,,,0,1,0,False,False,2571,1,,630,False,False
001-245690,6,heavy,1.0518,1.0,1.0,1.0,1.0,1.0,1.0,0.9512195121951219,,,0,1,0,False,False,2571,1,,614,False,False
001-245701,8,light,0.9851,1.0,1.0,1.0,1.0,1.0,1.0,0.984375,,,0,0,0,False,False,6503,7,,,False,False
001-245701,8,medium,0.9949,1.0,1.0,1.0,1.0,1.0,0.9807692307692307,0.96875,,,0,0,0,False,False,6503,7,,,False,False
001-245701,8,heavy,0.9965,1.0,1.0,1.0,1.0,1.0,1.0,0.890625,,,0,0,0,False,False,6503,7,,,False,False
001-245708,6,light,1.024,1.0,1.0,1.0,1.0,1.0,1.0,0.9459459459459459,,,0,5,5,False,False,2909,2,,,False,False
001-245708,6,medium,1.0371,1.0,1.0,1.0,1.0,1.0,1.0,0.7567567567567568,,,0,5,5,False,False,2909,2,,,False,False
001-245708,6,heavy,0.9897,1.0,1.0,1.0,1.0,1.0,1.0,0.7567567567567568,,,0,5,5,False,False,2909,2,,,False,False
001-245810,P1-1,light,0.993,1.0,1.0,1.0,1.0,1.0,0.9966159052453468,0.9814814814814815,,,0,7,6,False,True,9197,18,,,False,False
001-245810,P1-1,medium,0.9954,1.0,1.0,1.0,1.0,1.0,0.9695431472081218,0.9166666666666666,,,0,7,4,False,True,9197,18,,,False,False
001-245810,P1-1,heavy,0.9963,1.0,1.0,1.0,0.9966666666666667,1.0,0.9830795262267343,0.9074074074074074,,,0,7,5,False,True,9197,18,,,False,False
001-245821,5,light,0.9984,1.0,1.0,1.0,1.0,1.0,1.0,0.9821428571428571,,,0,0,0,False,False,2957,3,,,False,False
001-245821,5,medium,1.0279,1.0,1.0,1.0,1.0,1.0,1.0,0.9107142857142857,,,0,0,0,False,False,2957,3,,,False,False
001-245821,5,heavy,1.0022,1.0,1.0,1.0,1.0,1.0,1.0,0.8928571428571429,,,0,0,0,False,False,2957,3,,,False,False
001-245886,5,light,1.0161,1.0,1.0,1.0,1.0,1.0,1.0,0.9761904761904762,,,0,1,1,False,False,2994,2,,,False,False
001-245886,5,medium,0.9814,1.0,1.0,1.0,1.0,1.0,1.0,0.8571428571428571,,,0,1,1,False,False,2994,2,,,False,False
001-245886,5,heavy,0.9795,1.0,1.0,1.0,1.0,1.0,1.0,0.9523809523809523,,,0,1,1,False,False,2994,2,,,False,False
001-246017,6,light,0.9965,1.0,1.0,1.0,1.0,1.0,1.0,1.0,,,0,2,1,False,False,2597,4,,,False,False
001-246017,6,medium,1.0173,1.0,1.0,1.0,1.0,1.0,1.0,0.9245283018867925,,,0,2,1,False,False,2597,4,,,False,False
001-246017,6,heavy,1.0131,1.0,1.0,1.0,1.0,1.0,1.0,0.9433962264150944,,,0,2,2,False,False,2597,4,,,False,False
001-246024,P1-1,light,1.0139,1.0,1.0,1.0,1.0,1.0,0.5555555555555556,1.0,,,0,0,0,False,False,6329,1,,1393,False,False
001-246024,P1-1,medium,1.0318,1.0,1.0,1.0,1.0,1.0,0.5555555555555556,0.96,,,0,0,0,False,False,6329,1,,1391,False,False
001-246024,P1-1,heavy,1.0559,1.0,1.0,1.0,1.0,1.0,0.5555555555555556,0.96,,,0,0,0,False,False,6329,1,,1409,False,False
001-247556,10,light,0.9892,1.0,1.0,1.0,1.0,1.0,1.0,1.0,,,0,1,1,False,False,5141,3,,,False,False
001-247556,10,medium,0.9959,1.0,1.0,1.0,1.0,1.0,0.9444444444444444,0.9423076923076923,,,0,1,1,False,False,5141,3,,,False,False
001-247556,10,heavy,1.0061,1.0,1.0,1.0,1.0,1.0,0.9444444444444444,1.0,,,0,1,1,False,False,5141,3,,,False,False
001-247564,13,light,0.9842,1.0,1.0,1.0,1.0,1.0,1.0,1.0,,,0,10,9,False,False,3867,10,,,False,False
001-247564,13,medium,0.985,1.0,0.9782608695652174,0.9782608695652174,1.0,1.0,0.9907407407407407,0.8490566037735849,2018-10-24,,0,10,4,False,False,3867,10,,,False,False
001-247564,13,heavy,0.9867,1.0,1.0,1.0,1.0,1.0,0.9907407407407407,0.8490566037735849,,,0,10,5,False,False,3867,10,,,False,False
001-247564,8,light,0.9866,1.0,1.0,1.0,1.0,1.0,1.0,1.0,,,0,10,9,False,False,3867,10,,,False,False
001-247564,8,medium,0.992,1.0,0.9782608695652174,0.9782608695652174,1.0,1.0,1.0,0.8679245283018868,2018-10-24,,0,10,5,False,False,3867,10,,,False,False
001-247564,8,heavy,0.9955,1.0,1.0,1.0,1.0,1.0,1.0,0.8679245283018868,,,0,10,4,False,False,3867,10,,,False,False
001-247651,13,light,1.0284,1.0,1.0,1.0,1.0,1.0,0.8936170212765957,0.9803921568627451,,,0,0,0,False,False,2975,2,,,False,False
001-247651,13,medium,0.988,1.0,1.0,1.0,1.0,1.0,0.8723404255319149,0.803921568627451,,,0,0,0,False,False,2975,2,,,False,False
001-247651,13,heavy,0.9465,1.0,1.0,1.0,1.0,1.0,0.8936170212765957,0.8431372549019608,,,0,0,0,False,False,2975,2,,,False,False
001-247822,6,light,0.9811,1.0,1.0,1.0,1.0,1.0,1.0,0.9830508474576272,,,0,1,1,False,False,2831,3,,,False,False
001-247822,6,medium,0.9917,1.0,0.95,0.95,1.0,1.0,0.967741935483871,1.0,2016-08-18,,0,1,1,False,False,2831,3,,,False,False
001-247822,6,heavy,1.0091,1.0,1.0,1.0,1.0,1.0,0.967741935483871,0.9661016949152542,,,0,1,1,False,False,2831,3,,,False,False
001-247827,14,light,1.0024,1.0,1.0,1.0,1.0,1.0,0.994413407821229,1.0,,,0,4,3,False,False,5907,19,,,False,False
001-247827,14,medium,1.0143,1.0,1.0,1.0,1.0,1.0,1.0,0.9885057471264368,,,0,4,3,False,False,5907,19,,,False,False
001-247827,14,heavy,1.0187,1.0,1.0,1.0,1.0,1.0,0.994413407821229,0.9080459770114943,,2018-07-25,1,4,2,False,False,5907,19,,,False,False
001-247827,3,light,1.0,1.0,1.0,1.0,1.0,1.0,0.994413407821229,1.0,,,0,4,3,False,False,5907,19,,,False,False
001-247827,3,medium,1.0125,1.0,1.0,1.0,1.0,1.0,0.994413407821229,0.9885057471264368,,2018-07-25,1,4,3,False,False,5907,19,,,False,False
001-247827,3,heavy,1.014,1.0,1.0,1.0,1.0,1.0,0.994413407821229,0.9195402298850575,,2018-07-25,1,4,3,False,False,5907,19,,,False,False
001-247833,8,light,0.995,1.0,1.0,1.0,1.0,1.0,1.0,1.0,,,0,3,3,False,False,4087,8,,,False,False
001-247833,8,medium,1.001,1.0,1.0,1.0,1.0,1.0,0.9565217391304348,0.9701492537313433,,6.20,1,3,3,False,False,4087,8,,,False,False
001-247833,8,heavy,0.9916,1.0,1.0,1.0,1.0,1.0,1.0,0.9552238805970149,,,0,3,3,False,False,4087,8,,,False,False
001-247909,8,light,0.9979,1.0,1.0,1.0,1.0,1.0,0.625,1.0,,,0,0,0,False,False,4703,1,,968,False,False
001-247909,8,medium,1.0398,1.0,1.0,1.0,1.0,1.0,0.625,0.9512195121951219,,,0,0,1,False,False,4703,1,,1000,False,False
001-247909,8,heavy,1.0304,1.0,1.0,1.0,1.0,1.0,0.625,0.9512195121951219,,,0,0,1,False,False,4703,1,,992,False,False
001-247913,3,light,0.9923,1.0,1.0,1.0,1.0,1.0,1.0,1.0,,,0,0,0,False,False,4247,13,,,False,False
001-247913,3,medium,1.02,1.0,0.9489795918367347,1.0,1.0,1.0,0.9861111111111112,0.9779411764705882,,,0,0,1,False,False,4247,13,,,False,False
001-247913,3,heavy,1.0047,1.0,1.0,1.0,1.0,1.0,1.0,0.9632352941176471,,,0,0,1,False,False,4247,13,,,False,False
001-247917,6,light,1.0056,1.0,1.0,1.0,1.0,1.0,1.0,0.9411764705882353,,,0,0,0,False,False,2968,2,,,False,False
001-247917,6,medium,0.9556,1.0,1.0,1.0,1.0,1.0,1.0,0.9019607843137255,,677,1,0,0,False,False,2968,2,,,False,False
001-247917,6,heavy,0.94,1.0,1.0,1.0,1.0,1.0,1.0,0.9019607843137255,,677,1,0,0,False,False,2968,2,,,False,False
001-248128,2,light,1.0151,1.0,1.0,1.0,1.0,1.0,0.8461538461538461,0.9642857142857143,,,0,3,0,False,False,2220,5,,,False,False
001-248128,2,medium,1.0312,1.0,0.9787234042553191,1.0,1.0,1.0,0.8461538461538461,0.9285714285714286,,,0,3,0,False,False,2220,5,,,False,False
001-248128,2,heavy,1.0099,1.0,1.0,1.0,1.0,1.0,0.8461538461538461,0.9107142857142857,,,0,3,0,False,False,2220,5,,,False,False
001-248167,13,light,1.0156,1.0,1.0,1.0,1.0,1.0,0.7333333333333333,0.972972972972973,,,0,0,0,False,False,1855,1,,487,False,False
001-248167,13,medium,0.9806,1.0,1.0,1.0,1.0,1.0,0.7333333333333333,0.8378378378378378,,,0,0,0,False,False,1855,1,,465,False,False
001-248167,13,heavy,0.945,1.0,1.0,1.0,1.0,1.0,0.7333333333333333,0.7837837837837838,,,0,0,0,False,False,1855,1,,456,False,False
001-248198,8,light,0.9803,1.0,1.0,1.0,1.0,1.0,1.0,1.0,,,0,2,1,False,False,3979,2,,,False,False
001-248198,8,medium,0.9618,1.0,1.0,1.0,1.0,1.0,1.0,1.0,,,0,2,1,False,False,3979,2,,,False,False
001-248198,8,heavy,0.9602,1.0,1.0,1.0,1.0,1.0,1.0,1.0,,,0,2,1,False,False,3979,2,,,False,False
001-248201,P1-1,light,0.9934,1.0,1.0,1.0,1.0,1.0,0.9375,1.0,,,0,0,0,False,False,4588,2,,,False,False
001-248201,P1-1,medium,1.0302,1.0,1.0,1.0,1.0,1.0,0.9375,1.0,,,0,0,0,False,False,4588,2,,,False,False
001-248201,P1-1,heavy,1.02,1.0,1.0,1.0,1.0,1.0,0.9375,0.9545454545454546,,,0,0,0,False,False,4588,2,,,False,False
001-248220,3,light,1.0014,1.0,1.0,1.0,1.0,1.0,0.75,0.896551724137931,,,0,0,0,False,False,2220,1,,565,False,False
001-248220,3,medium,1.0811,1.0,1.0,1.0,1.0,1.0,0.75,0.896551724137931,,,0,0,0,False,False,2220,1,,561,False,False
001-248220,3,heavy,1.027,1.0,1.0,1.0,1.0,1.0,0.75,0.8620689655172413,,,0,0,0,False,False,2220,1,,566,False,False
001-248392,6,light,0.9727,1.0,1.0,1.0,1.0,1.0,1.0,1.0,,,0,0,0,False,False,2784,2,,,False,False
001-248392,6,medium,0.9636,1.0,1.0,1.0,1.0,1.0,1.0,1.0,,,0,0,0,False,False,2784,2,,,False,False
001-248392,6,heavy,0.9803,1.0,1.0,1.0,1.0,1.0,1.0,0.9545454545454546,,,0,0,0,False,False,2784,2,,,False,False
001-248395,6,light,0.9936,1.0,0.9795918367346939,1.0,1.0,1.0,0.6349206349206349,0.96875,,,0,5,3,False,False,11181,1,,2526,False,False
001-248395,6,medium,0.9847,1.0,0.9591836734693877,1.0,1.0,1.0,0.5873015873015873,0.953125,,,0,5,3,False,False,11181,1,,2465,False,False
001-248395,6,heavy,0.9953,1.0,0.9591836734693877,1.0,1.0,1.0,0.6349206349206349,0.953125,,,0,5,4,False,False,11181,1,,2486,False,False
001-248396,2,light,1.0086,1.0,1.0,1.0,1.0,1.0,0.95,0.8732394366197183,,,0,0,0,False,False,3787,11,,,False,False
001-248396,2,medium,1.0333,1.0,1.0,1.0,0.967741935483871,1.0,0.975,0.8873239436619719,,,0,0,0,False,False,3787,11,,,False,False
001-248396,2,heavy,1.0155,1.0,1.0,1.0,0.9838709677419355,1.0,0.9875,0.8450704225352113,,,0,0,0,False,False,3787,11,,,False,False
001-248397,2,light,0.9917,1.0,1.0,1.0,1.0,1.0,0.6716417910447762,1.0,,,0,1,1,False,False,15904,1,1.0,3345,False,False
001-248397,2,medium,0.9745,1.0,1.0,1.0,1.0,1.0,0.6417910447761194,0.9615384615384616,,,0,1,0,False,False,15904,1,1.0,3256,False,False
001-248397,2,heavy,0.9801,1.0,1.0,1.0,1.0,1.0,0.6417910447761194,0.9615384615384616,,,0,1,0,False,False,15904,1,1.0,3275,False,False
001-248592,3,light,1.0243,1.0,1.0,1.0,0.8571428571428571,0.8571428571428571,0.9047619047619048,1.0,1.5,,0,2,2,False,False,6990,2,,,False,False
001-248592,3,medium,1.0635,1.0,1.0,1.0,0.8571428571428571,0.8571428571428571,0.9047619047619048,1.0,1.5,,0,2,1,False,False,6990,2,,,False,False
001-248592,3,heavy,1.0529,1.0,1.0,1.0,1.0,1.0,0.9523809523809523,0.9803921568627451,,,0,2,1,False,False,6990,2,,,False,False
001-248594,10,light,1.0005,1.0,1.0,1.0,1.0,1.0,1.0,0.8656716417910447,,,0,1,0,False,False,2951,8,,,False,False
001-248594,10,medium,1.0029,1.0,1.0,1.0,1.0,1.0,1.0,0.7611940298507462,,,0,1,1,False,False,2951,8,,,False,False
001-248594,10,heavy,1.0048,1.0,1.0,1.0,1.0,1.0,1.0,0.7164179104477612,,,0,1,1,False,False,2951,8,,,False,False
001-248594,3,light,0.999,1.0,1.0,1.0,1.0,1.0,1.0,0.8656716417910447,,,0,1,2,False,False,2951,8,,,False,False
001-248594,3,medium,0.998,1.0,1.0,1.0,1.0,1.0,1.0,0.6865671641791045,,,0,1,1,False,False,2951,8,,,False,False
001-248594,3,heavy,1.0164,1.0,1.0,1.0,1.0,1.0,1.0,0.7910447761194029,,,0,1,0,False,False,2951,8,,,False,False
001-248598,8,light,0.9939,1.0,1.0,1.0,0.991304347826087,1.0,0.9858757062146892,0.9354838709677419,,,0,2,3,False,True,14424,13,1.0,,False,False
001-248598,8,medium,0.9995,1.0,0.9838709677419355,1.0,0.991304347826087,1.0,0.9915254237288136,0.9139784946236559,,,0,2,1,False,True,14424,13,1.0,,False,False
001-248598,8,heavy,0.9986,1.0,1.0,1.0,0.9826086956521739,1.0,0.9858757062146892,0.8924731182795699,,,0,2,2,False,True,14424,13,1.0,,False,False
001-248636,P12-1,light,0.9855,1.0,1.0,1.0,1.0,1.0,1.0,0.9722222222222222,,,0,0,0,False,False,4437,6,,,False,False
001-248636,P12-1,medium,0.9521,1.0,0.9,1.0,1.0,1.0,1.0,0.9259259259259259,,,0,0,0,False,False,4437,6,,,False,False
001-248636,P12-1,heavy,0.9919,1.0,1.0,1.0,1.0,1.0,0.9866666666666667,0.8981481481481481,,,0,0,0,False,False,4437,6,,,False,False
001-248682,5,light,1.0269,1.0,1.0,1.0,1.0,1.0,1.0,1.0,,,0,0,0,False,False,2562,1,,677,False,False
001-248682,5,medium,1.0308,1.0,1.0,1.0,1.0,1.0,1.0,0.8484848484848485,,,0,0,0,False,False,2562,1,,650,False,False
001-248682,5,heavy,1.0144,1.0,1.0,1.0,1.0,1.0,1.0,0.8484848484848485,,,0,0,0,False,False,2562,1,,674,False,False
001-248687,6,light,1.0158,1.0,1.0,1.0,1.0,1.0,0.7647058823529411,0.8918918918918919,,,0,0,0,False,False,2253,2,,,False,False
001-248687,6,medium,1.0013,1.0,1.0,1.0,1.0,1.0,0.7647058823529411,0.8648648648648649,,,0,0,0,False,False,2253,2,,,False,False
001-248687,6,heavy,0.9646,1.0,1.0,1.0,1.0,1.0,0.7647058823529411,0.8648648648648649,,,0,0,0,False,False,2253,2,,,False,False
001-248854,8,light,1.0156,1.0,1.0,1.0,1.0,1.0,0.5454545454545454,1.0,,,0,0,0,False,False,4237,1,,927,False,False
001-248854,8,medium,1.0295,1.0,1.0,1.0,1.0,1.0,0.5454545454545454,1.0,,,0,0,0,False,False,4237,1,,936,False,False
001-248854,8,heavy,1.029,1.0,1.0,1.0,1.0,1.0,0.5,0.9473684210526315,,,0,0,0,False,False,4237,1,,936,False,False
001-248953,11,light,0.9971,1.0,1.0,1.0,1.0,1.0,0.6470588235294118,1.0,,,0,2,2,False,False,9104,1,,1977,False,False
001-248953,11,medium,0.9665,1.0,1.0,1.0,1.0,1.0,0.6470588235294118,0.9516129032258065,,,0,2,2,False,False,9104,1,,1913,False,False
001-248953,11,heavy,0.9736,1.0,1.0,1.0,1.0,1.0,0.6470588235294118,0.967741935483871,,,0,2,2,False,False,9104,1,,1910,False,False
001-248957,P1-1,light,0.9966,1.0,1.0,1.0,0.875,0.8333333333333334,0.7717391304347826,0.96875,166 1711 42489 74213,,0,2,1,False,False,11388,1,,2481,False,False
001-248957,P1-1,medium,0.9692,1.0,1.0,1.0,0.84375,0.8333333333333334,0.7717391304347826,0.953125,166 1711 42489 74213,2006,1,2,1,False,False,11388,1,,2374,False,False
001-248957,P1-1,heavy,0.9762,1.0,1.0,1.0,0.875,0.8333333333333334,0.7717391304347826,0.953125,166 1711 42489 74213,,0,2,0,False,False,11388,1,,2381,False,False
001-248960,2,light,0.9942,1.0,1.0,1.0,1.0,1.0,0.8064516129032258,0.95,,,0,1,1,False,False,11313,1,,2450,False,False
001-248960,2,medium,0.9771,1.0,1.0,1.0,0.9642857142857143,1.0,0.7580645161290323,0.95,,2015-05-19 2015-05-28,2,1,1,False,False,11313,1,,2372,False,False
001-248960,2,heavy,0.9934,1.0,1.0,1.0,0.9642857142857143,1.0,0.7903225806451613,0.95,,2015-05-19 2015-05-28,2,1,1,False,False,11313,1,,2410,False,False
001-248961,3,light,0.9917,1.0,1.0,1.0,1.0,1.0,0.5,1.0,,,0,0,0,False,False,5083,1,,1115,False,False
001-248961,3,medium,1.034,1.0,0.9583333333333334,0.9473684210526315,1.0,1.0,0.5,0.9591836734693877,2019-02-13,,0,0,0,False,False,5083,1,,1141,False,False
001-248961,3,heavy,1.0447,1.0,1.0,1.0,1.0,1.0,0.5,0.9591836734693877,,,0,0,0,False,False,5083,1,,1161,False,False
001-248979,6,light,1.0146,1.0,1.0,1.0,1.0,1.0,0.8888888888888888,0.8666666666666667,,,0,0,0,False,False,2730,2,,,False,False
001-248979,6,medium,1.1,1.0,1.0,1.0,1.0,1.0,0.8333333333333334,0.8,,,0,0,0,False,False,2730,2,,,False,False
001-248979,6,heavy,1.0678,1.0,1.0,1.0,1.0,1.0,0.8333333333333334,0.8,,,0,0,0,False,False,2730,2,,,False,False
001-249134,6,light,0.9886,1.0,1.0,1.0,1.0,1.0,1.0,1.0,,,0,0,0,False,False,2086,2,,,False,False
001-249134,6,medium,1.0274,1.0,1.0,1.0,1.0,1.0,1.0,0.9473684210526315,,,0,0,0,False,False,2086,2,,,False,False
001-249134,6,heavy,1.0125,1.0,1.0,1.0,1.0,1.0,1.0,1.0,,,0,0,0,False,False,2086,2,,,False,False
001-249223,3,light,0.9822,1.0,1.0,1.0,1.0,1.0,1.0,0.9824561403508771,,,0,1,0,False,True,7401,14,,,False,False
001-249223,3,medium,0.9674,1.0,0.9722222222222222,0.9705882352941176,1.0,1.0,1.0,0.9824561403508771,2017-06-08,,0,1,0,False,True,7401,14,,,False,False
001-249223,3,heavy,0.9808,1.0,1.0,1.0,1.0,1.0,0.9829545454545454,0.9912280701754386,,2015-10-18,1,1,1,False,True,7401,14,,,False,False
001-249234,2,light,0.9819,1.0,1.0,1.0,1.0,1.0,1.0,1.0,,,0,0,0,False,False,7845,2,,,False,False
001-249234,2,medium,0.9879,1.0,1.0,1.0,1.0,1.0,0.96,0.9393939393939394,,,0,0,0,False,False,7845,2,,,False,False
001-249234,2,heavy,0.9848,1.0,1.0,1.0,1.0,1.0,1.0,1.0,,,0,0,0,False,False,7845,2,,,False,False
001-249236,2,light,0.9769,1.0,1.0,1.0,1.0,1.0,1.0,1.0,,,0,0,0,False,False,6778,5,,,False,False
001-249236,2,medium,0.9857,1.0,0.9354838709677419,1.0,1.0,1.0,0.9655172413793104,0.9830508474576272,,2020,1,0,0,False,False,6778,5,,,False,False
001-249236,2,heavy,0.9714,1.0,1.0,1.0,1.0,1.0,1.0,0.9830508474576272,,,0,0,0,False,False,6778,5,,,False,False
001-249251,11,light,1.0093,1.0,1.0,1.0,1.0,1.0,1.0,0.9824561403508771,,,0,0,0,False,False,2972,2,,,False,False
001-249251,11,medium,1.0341,1.0,1.0,1.0,1.0,1.0,0.9444444444444444,0.8421052631578947,,,0,0,0,False,False,2972,2,,,False,False
001-249251,11,heavy,0.9907,1.0,1.0,1.0,1.0,1.0,1.0,0.8596491228070176,,,0,0,0,False,False,2972,2,,,False,False
001-249345,6,light,1.0046,1.0,1.0,1.0,1.0,1.0,1.0,0.9310344827586207,,,0,0,0,False,False,2087,2,,,False,False
001-249345,6,medium,1.0199,1.0,1.0,1.0,1.0,1.0,1.0,0.8275862068965517,,,0,0,0,False,False,2087,2,,,False,False
001-249345,6,heavy,1.0401,1.0,1.0,1.0,1.0,1.0,1.0,0.8275862068965517,,,0,0,0,False,False,2087,2,,,False,False
001-249370,34,light,0.988,1.0,1.0,1.0,1.0,1.0,0.9912280701754386,1.0,,,0,0,0,False,False,3728,8,,,False,False
001-249370,34,medium,0.9937,1.0,1.0,1.0,1.0,1.0,0.9736842105263158,1.0,,,0,0,0,False,False,3728,8,,,False,False
001-249370,34,heavy,1.0189,1.0,1.0,1.0,1.0,1.0,0.9824561403508771,0.8939393939393939,,,0,0,0,False,False,3728,8,,,False,False
001-249380,8,light,0.9892,1.0,1.0,1.0,1.0,1.0,1.0,1.0,,,0,0,0,False,False,2813,5,,,False,False
001-249380,8,medium,0.9971,1.0,0.9333333333333333,0.9090909090909091,1.0,1.0,1.0,0.9428571428571428,2015-11-10,,0,0,0,False,False,2813,5,,,False,False
001-249380,8,heavy,0.9812,1.0,1.0,1.0,1.0,1.0,1.0,0.9428571428571428,,,0,0,0,False,False,2813,5,,,False,False
001-249515,P4-2,light,0.9744,1.0,1.0,1.0,1.0,1.0,1.0,1.0,,,0,3,2,False,False,5671,2,,,False,False
001-249515,P4-2,medium,0.9527,1.0,1.0,1.0,1.0,1.0,1.0,0.9464285714285714,,,0,3,0,False,False,5671,2,,,False,False
001-249515,P4-2,heavy,0.9793,1.0,1.0,1.0,1.0,1.0,1.0,0.9464285714285714,,,0,3,0,False,False,5671,2,,,False,False
001-249525,14,light,0.9818,1.0,1.0,1.0,1.0,1.0,1.0,1.0,,,0,1,1,False,False,5170,2,,,False,False
001-249525,14,medium,0.9611,1.0,1.0,1.0,0.9230769230769231,0.9,0.9259259259259259,1.0,2023,,0,1,1,False,False,5170,2,,,False,False
001-249525,14,heavy,0.9756,1.0,1.0,1.0,1.0,1.0,0.9259259259259259,0.96,,,0,1,1,False,False,5170,2,,,False,False
001-249527,2,light,0.9717,1.0,1.0,1.0,1.0,1.0,1.0,1.0,,,0,0,0,False,False,4769,3,,,False,False
001-249527,2,medium,0.9736,1.0,1.0,1.0,1.0,1.0,1.0,1.0,,,0,0,0,False,False,4769,3,,,False,False
001-249527,2,heavy,0.9832,1.0,1.0,1.0,1.0,1.0,1.0,1.0,,,0,0,0,False,False,4769,3,,,False,False
001-249530,6,light,0.9952,1.0,1.0,1.0,1.0,1.0,1.0,1.0,,,0,0,0,False,False,2185,2,,,False,False
001-249530,6,medium,0.9963,1.0,1.0,1.0,1.0,1.0,0.9230769230769231,1.0,,,0,0,0,False,False,2185,2,,,False,False
001-249530,6,heavy,0.989,1.0,1.0,1.0,1.0,1.0,0.9615384615384616,1.0,,,0,0,0,False,False,2185,2,,,False,False
001-249531,8,light,0.976,1.0,1.0,1.0,1.0,1.0,1.0,1.0,,,0,1,1,False,False,15194,6,1.0,,False,False
001-249531,8,medium,0.9333,1.0,1.0,1.0,1.0,1.0,1.0,0.9811320754716981,,,0,1,0,False,False,15194,6,1.0,,False,False
001-249531,8,heavy,0.9342,1.0,1.0,1.0,1.0,1.0,0.9879518072289156,0.8679245283018868,,,0,1,1,False,False,15194,6,1.0,,False,False
001-249581,5,light,1.0269,1.0,1.0,1.0,1.0,1.0,1.0,0.9117647058823529,,,0,0,0,False,False,1900,1,,519,False,False
001-249581,5,medium,1.0074,1.0,1.0,1.0,1.0,1.0,1.0,0.7647058823529411,,,0,0,0,False,False,1900,1,,500,False,False
001-249581,5,heavy,1.0074,1.0,1.0,1.0,1.0,1.0,1.0,0.7941176470588235,,,0,0,0,False,False,1900,1,,510,False,False
001-249583,2,light,0.9991,1.0,1.0,1.0,1.0,1.0,0.95,0.9795918367346939,,,0,3,1,False,False,3911,4,,,False,False
001-249583,2,medium,1.0131,1.0,1.0,1.0,1.0,1.0,0.95,0.8571428571428571,,,0,3,1,False,False,3911,4,,,False,False
001-249583,2,heavy,1.0081,1.0,1.0,1.0,1.0,1.0,0.95,0.8979591836734694,,,0,3,1,False,False,3911,4,,,False,False
001-249586,13,light,1.0304,1.0,1.0,1.0,1.0,1.0,1.0,0.85,,,0,0,0,False,False,2569,1,,726,False,False
001-249586,13,medium,1.0245,1.0,1.0,1.0,1.0,1.0,1.0,0.8,,,0,0,0,False,False,2569,1,,685,False,False
001-249586,13,heavy,1.0113,1.0,1.0,1.0,1.0,1.0,1.0,0.775,,,0,0,0,False,False,2569,1,,693,False,False
001-249587,2,light,0.9943,1.0,1.0,1.0,1.0,1.0,1.0,0.9736842105263158,,,0,1,0,False,False,2128,3,,,False,False
001-249587,2,medium,1.035,1.0,1.0,1.0,1.0,1.0,1.0,0.9473684210526315,,,0,1,1,False,False,2128,3,,,False,False
001-249587,2,heavy,1.017,1.0,1.0,1.0,1.0,1.0,1.0,0.8421052631578947,,,0,1,1,False,False,2128,3,,,False,False
001-249691,3,light,0.9907,1.0,1.0,1.0,0.9888888888888889,0.98,0.9939024390243902,0.97,29279,,0,4,3,False,True,3631,21,,,False,False
001-249691,3,medium,0.9846,1.0,0.968421052631579,1.0,0.9888888888888889,0.98,0.9878048780487805,0.97,29279,,0,4,2,False,True,3631,21,,,False,False
001-249691,3,heavy,0.9941,1.0,0.9789473684210527,1.0,0.9888888888888889,0.98,0.9908536585365854,0.91,29279,,0,4,3,False,True,3631,21,,,False,False
001-249810,P1-1,light,0.9804,1.0,1.0,1.0,1.0,1.0,1.0,1.0,,,0,1,1,False,False,3013,2,,,False,False
001-249810,P1-1,medium,0.9959,1.0,1.0,1.0,1.0,1.0,1.0,1.0,,,0,1,1,False,False,3013,2,,,False,False
001-249810,P1-1,heavy,0.9749,1.0,1.0,1.0,1.0,1.0,1.0,1.0,,,0,1,1,False,False,3013,2,,,False,False
001-249964,8,light,1.02,1.0,1.0,1.0,1.0,1.0,0.9538461538461539,1.0,,,0,1,1,False,False,7319,2,,,False,False
001-249964,8,medium,1.1084,1.0,1.0,1.0,1.0,1.0,0.9538461538461539,0.9361702127659575,,,0,1,0,False,False,7319,2,,,False,False
001-249964,8,heavy,1.1111,1.0,1.0,1.0,1.0,1.0,0.9692307692307692,0.9148936170212766,,,0,1,0,False,False,7319,2,,,False,False
001-249970,2,light,1.0078,1.0,1.0,1.0,1.0,1.0,1.0,0.9318181818181818,,,0,0,0,False,False,2506,2,,,False,False
001-249970,2,medium,0.9884,1.0,0.9285714285714286,0.9285714285714286,1.0,1.0,1.0,0.9318181818181818,2004-01-18,2004-01-02,1,0,0,False,False,2506,2,,,False,False
001-249970,2,heavy,1.0107,1.0,1.0,1.0,1.0,1.0,1.0,0.8636363636363636,,2004-01-02,1,0,0,False,False,2506,2,,,False,False
001-250034,5,light,1.0173,1.0,1.0,1.0,1.0,1.0,1.0,0.9696969696969697,,,0,0,0,False,False,1563,1,,413,False,False
001-250034,5,medium,1.0262,1.0,1.0,1.0,1.0,1.0,1.0,0.8484848484848485,,,0,0,0,False,False,1563,1,,411,False,False
001-250034,5,heavy,1.0192,1.0,1.0,1.0,1.0,1.0,1.0,0.7878787878787878,,,0,0,0,False,False,1563,1,,407,False,False
001-250035,3,light,1.0159,1.0,1.0,1.0,1.0,1.0,1.0,0.918918918918919,,,0,0,0,False,False,2953,2,,,False,False
001-250035,3,medium,1.0486,1.0,1.0,1.0,1.0,1.0,0.9302325581395349,0.8648648648648649,,,0,0,0,False,False,2953,2,,,False,False
001-250035,3,heavy,1.0714,1.0,1.0,1.0,1.0,1.0,1.0,0.8378378378378378,,,0,0,0,False,False,2953,2,,,False,False
001-250036,5,light,1.0058,1.0,1.0,1.0,1.0,1.0,1.0,1.0,,,0,0,0,False,False,1549,1,,396,False,False
001-250036,5,medium,1.0452,1.0,1.0,1.0,1.0,1.0,1.0,0.9666666666666667,,,0,0,0,False,False,1549,1,,395,False,False
001-250036,5,heavy,1.124,1.0,1.0,1.0,1.0,1.0,1.0,0.8666666666666667,,,0,0,0,False,False,1549,1,,418,False,False
001-250107,5,light,0.9744,1.0,1.0,1.0,0.921875,0.8611111111111112,0.9794238683127572,0.9917355371900827,13.00 13.14 13.40 13.50 13.55,1.14 1.40 1.50 1.55,4,1,1,False,True,7877,17,,,False,False
001-250107,5,medium,0.94,1.0,1.0,1.0,0.90625,0.8611111111111112,0.9753086419753086,0.9338842975206612,13.00 13.14 13.40 13.50 13.55,1.00 1.14 1.40 1.50 1.55,5,1,1,False,True,7877,17,,,False,False
001-250107,5,heavy,0.953,1.0,1.0,1.0,0.984375,0.9722222222222222,0.9958847736625515,0.9338842975206612,13.14,1.14,1,1,1,False,True,7877,17,,,False,False
001-250111,6,light,0.9817,1.0,1.0,1.0,1.0,1.0,0.9885386819484241,1.0,,2012-10-09,1,2,2,False,True,3102,19,,,False,False
001-250111,6,medium,0.9349,1.0,1.0,1.0,0.98,1.0,0.9742120343839542,1.0,,2012-10-09,1,2,5,False,True,3102,19,,,False,False
001-250111,6,heavy,0.948,1.0,1.0,1.0,0.98,1.0,0.9799426934097422,0.927710843373494,,2012-10-09,1,2,6,False,True,3102,19,,,False,False
001-250112,5,light,0.9938,1.0,1.0,1.0,1.0,1.0,1.0,0.9782608695652174,,,0,0,0,False,False,3295,2,,,False,False
001-250112,5,medium,1.0239,1.0,0.95,0.9473684210526315,1.0,1.0,1.0,0.9782608695652174,2017-11-28,,0,0,0,False,False,3295,2,,,False,False
001-250112,5,heavy,1.0068,1.0,1.0,1.0,1.0,1.0,1.0,0.9347826086956522,,,0,0,0,False,False,3295,2,,,False,False
