case_name,article,violation_label,avg_rating,is_accurate,num_abstentions,num_samples,sample_ratings,item_id,respondent,group,decision_date,importance
CASE OF SELIMI AND KRASNIĆI v. SERBIA,6,violation,1.0,True,0,5,"[1, 1, 1, 1, 1]",001-243363,SERBIA,,2025-06-03,4
CASE OF MINASYAN v. ARMENIA,6,violation,1.0,True,0,5,"[1, 1, 1, 1, 1]",001-245690,ARMENIA,,2025-11-06,4
CASE OF GULLOTTI v. ITALY,8,violation,5.0,False,0,5,"[5, 5, 5, 5, 5]",001-244000,ITALY,,2025-07-10,3
CASE OF EDITORIAL BOARD OF THE NEWSPAPER AND INTERNET PORTAL MAGYAR HANG AND ALHAMBRA PRESS BT v. HUNGARY,10,violation,1.0,True,0,5,"[1, 1, 1, 1, 1]",001-247556,HUNGARY,,2025-12-16,4
CASE OF ZAKAIDZE v. GEORGIA,3,no_violation,4.8,True,0,5,"[5, 5, 5, 4, 5]",001-245686,GEORGIA,,2025-11-04,4
CASE OF MACHARIK v. THE CZECH REPUBLIC,41,violation,5.0,False,0,5,"[5, 5, 5, 5, 5]",001-241743,CZECH REPUBLIC,,2025-02-13,3
CASE OF YILDIRIM v. TÜRKİYE,6,violation,1.0,True,0,5,"[1, 1, 1, 1, 1]",001-244020,TURKEY,,2025-07-10,4
CASE OF IBRAHIMI AND OTHERS v. ALBANIA,6,violation,1.0,True,0,5,"[1, 1, 1, 1, 1]",001-238788,ALBANIA,,2025-01-14,4
CASE OF EZEOKE v. THE UNITED KINGDOM,6,violation,4.2,False,0,5,"[4, 4, 4, 4, 5]",001-241978,UNITED KINGDOM,,2025-02-25,3
"CASE OF JÓHANNES BALDURSSON AND BIRKIR KRISTINSSON v. ICELAND

",6,violation,4.0,False,0,5,"[2, 5, 4, 4, 5]",001-240184,ICELAND,,2025-01-21,4
CASE OF ČERNÝ AND OTHERS v. THE CZECH REPUBLIC,13,violation,1.0,True,0,5,"[1, 1, 1, 1, 1]",001-247564,CZECH REPUBLIC,,2025-12-18,3
CASE OF TVERDOKHLEBOVA v. UKRAINE,P1-1,no_violation,2.8,False,0,5,"[4, 1, 4, 1, 4]",001-238800,UKRAINE,,2025-01-16,4
"CASE OF URUSBIEV AND OTHERS v. THE REPUBLIC OF MOLDOVA AND RUSSIA
",8,violation,4.0,False,2,5,"[5, 3, 4, 3, 5]",001-245447,REPUBLIC OF MOLDOVA AND RUSSIA,,2025-10-23,4
CASE OF ZVONAR v. UKRAINE,P1-1,no_violation,4.6,True,0,5,"[4, 5, 5, 5, 4]",001-246024,UKRAINE,,2025-11-20,4
CASE OF N.T. v. CYPRUS,3,violation,1.0,True,0,5,"[1, 1, 1, 1, 1]",001-243885,CYPRUS,,2025-07-03,3
CASE OF SAKELLARIS AND OTHERS v. GREECE,6,violation,1.0,True,0,5,"[1, 1, 1, 1, 1]",001-245460,GREECE,,2025-10-23,4
CASE OF RADELIĆ v. CROATIA,P1-1,violation,1.0,True,0,5,"[1, 1, 1, 1, 1]",001-243081,CROATIA,,2025-05-13,3
CASE OF MARZOUKI AND OTHERS v. BULGARIA,8,violation,1.0,True,0,5,"[1, 1, 1, 1, 1]",001-241871,BULGARIA,,2025-02-27,4
CASE OF KAROVIĆ AND OTHERS v. BOSNIA AND HERZEGOVINA,P1-1,no_violation,1.0,False,0,5,"[1, 1, 1, 1, 1]",001-243781,BOSNIA AND HERZEGOVINA,,2025-06-24,4
CASE OF MENDIETA BORREGO v. SPAIN,P1-1,violation,5.0,False,0,5,"[5, 5, 5, 5, 5]",001-245279,SPAIN,,2025-10-16,4
CASE OF RUTKAUSKAS v. LITHUANIA,9,violation,1.0,True,0,5,"[1, 1, 1, 1, 1]",001-244592,LITHUANIA,,2025-08-26,4
CASE OF STOJEVIĆ v. CROATIA,P1-1,violation,1.0,True,0,5,"[1, 1, 1, 1, 1]",001-242059,CROATIA,,2025-03-04,4
CASE OF FORTUZI v. ALBANIA,6,violation,1.0,True,0,5,"[1, 1, 1, 1, 1]",001-242762,ALBANIA,,2025-04-22,4
CASE OF K.V. MEDITERRANEAN TOURS LIMITED v. TÜRKİYE,P1-1,violation,1.0,True,0,5,"[1, 1, 1, 1, 1]",001-243553,MEDITERRANEAN TOURS LIMITED V. TÜRKİYE,,2025-06-10,3
CASE OF HEINZ AND HAIDERER v. AUSTRIA,6,violation,1.0,True,0,5,"[1, 1, 1, 1, 1]",001-242534,AUSTRIA,,2025-04-03,4
CASE OF CONSTANTINOU AND OTHERS v. CYPRUS,P1-1,no_violation,5.0,True,0,5,"[5, 5, 5, 5, 5]",001-245810,CYPRUS,,2025-11-13,3
CASE OF PÁPICS AND OTHERS v. HUNGARY,3,violation,1.0,True,0,5,"[1, 1, 1, 1, 1]",001-242058,HUNGARY,,2025-03-04,4
CASE OF VERVELE v. GREECE,13,violation,1.0,True,0,5,"[1, 1, 1, 1, 1]",001-244594,GREECE,,2025-08-26,3
CASE OF VAINIK AND OTHERS v. ESTONIA,8,violation,5.0,False,0,5,"[5, 5, 5, 5, 5]",001-245684,ESTONIA,,2025-11-04,3
"CASE OF MEDIAKOMPANIYA SLOVO, TOV AND OTHERS v. UKRAINE",10,no_violation,1.0,False,0,5,"[1, 1, 1, 1, 1]",001-243997,UKRAINE,,2025-07-10,4
CASE OF GEORGIOS PAPADOPOULOS v. CYPRUS,P1-3,violation,4.6,False,0,5,"[5, 5, 4, 5, 4]",001-245104,CYPRUS,,2025-10-09,1
CASE OF A.R. v. THE UNITED KINGDOM,8,violation,1.8,True,0,5,"[5, 1, 1, 1, 1]",001-243878,UNITED KINGDOM,,2025-07-01,3
CASE OF A.J. AND L.E. v. SPAIN,8,violation,1.0,True,0,5,"[1, 1, 1, 1, 1]",001-245390,SPAIN,,2025-10-23,3
CASE OF A.R.E. v. GREECE,5,violation,1.0,True,0,5,"[1, 1, 1, 1, 1]",001-240242,GREECE,,2025-01-07,1
CASE OF LUBARDA AND MILANOV v. SERBIA,6,violation,1.0,True,0,5,"[1, 1, 1, 1, 1]",001-242857,SERBIA,,2025-04-29,4
CASE OF RADCHENKO v. UKRAINE,10,no_violation,1.0,False,0,5,"[1, 1, 1, 1, 1]",001-244728,UKRAINE,,2025-09-11,4
CASE OF ANDERSEN v. POLAND,8,violation,1.0,True,0,5,"[1, 1, 1, 1, 1]",001-242788,POLAND,,2025-04-24,4
CASE OF N.T. v. CYPRUS,14,violation,3.8,False,1,5,"[3, 4, 4, 4, 4]",001-243885,CYPRUS,,2025-07-03,3
CASE OF B.A. v. ICELAND,3,no_violation,1.4,False,0,5,"[1, 2, 2, 1, 1]",001-244593,ICELAND,,2025-08-26,3
CASE OF ZAFFERANI AND OTHERS v. SAN MARINO,6,violation,3.2,False,0,5,"[4, 1, 2, 4, 5]",001-238661,SAN MARINO,,2025-01-09,4
CASE OF PANOPOULOU AND OTHERS v. GREECE,13,violation,1.0,True,0,5,"[1, 1, 1, 1, 1]",001-245463,GREECE,,2025-10-23,4
CASE OF CHONIN AND OTHERS v. BULGARIA,P1-1,violation,1.0,True,0,5,"[1, 1, 1, 1, 1]",001-244894,BULGARIA,,2025-09-30,4
CASE OF SAKELLARIS AND OTHERS v. GREECE,13,violation,1.0,True,0,5,"[1, 1, 1, 1, 1]",001-245460,GREECE,,2025-10-23,4
CASE OF LASKU AND OTHERS v. ALBANIA,6,violation,1.0,True,0,5,"[1, 1, 1, 1, 1]",001-246017,ALBANIA,,2025-11-18,4
CASE OF PETROSYAN v. ARMENIA,13,violation,1.0,True,0,5,"[1, 1, 1, 1, 1]",001-238658,ARMENIA,,2025-01-09,3
CASE OF SADIGOV v. AZERBAIJAN,P1-1,violation,1.0,True,0,5,"[1, 1, 1, 1, 1]",001-242757,AZERBAIJAN,,2025-04-22,4
CASE OF ČERNÝ AND OTHERS v. THE CZECH REPUBLIC,8,violation,1.0,True,0,5,"[1, 1, 1, 1, 1]",001-247564,CZECH REPUBLIC,,2025-12-18,3
CASE OF KYRIAN v. THE CZECH REPUBLIC,8,no_violation,5.0,True,0,5,"[5, 5, 5, 5, 5]",001-245701,CZECH REPUBLIC,,2025-11-06,3
CASE OF I.C. v. THE REPUBLIC OF MOLDOVA,4,violation,1.0,True,0,5,"[1, 1, 1, 1, 1]",001-241986,MOLDOVA,,2025-02-27,3
CASE OF HORA v. THE UNITED KINGDOM,P1-3,no_violation,3.4,True,0,5,"[5, 1, 1, 5, 5]",001-244851,UNITED KINGDOM,,2025-09-23,3
CASE OF B.A. v. ICELAND,14,no_violation,4.0,True,0,5,"[4, 4, 4, 4, 4]",001-244593,ICELAND,,2025-08-26,3
CASE OF TSATANI v. GREECE,6,violation,1.0,True,0,5,"[1, 1, 1, 1, 1]",001-245246,GREECE,,2025-10-14,1
CASE OF AYALA FLORES v. ITALY,8,no_violation,3.4,True,0,5,"[4, 4, 4, 4, 1]",001-245444,ITALY,,2025-10-23,3
CASE OF ASLAN AND OTHERS v. TÜRKİYE,5,violation,1.0,True,0,5,"[1, 1, 1, 1, 1]",001-245821,TURKEY,,2025-11-13,4
CASE OF MONTEIRO AND TRINTA SANTOS v. PORTUGAL,13,violation,1.0,True,0,5,"[1, 1, 1, 1, 1]",001-242073,PORTUGAL,,2025-03-06,4
CASE OF FEDERICI v. FRANCE,6,no_violation,5.0,True,0,5,"[5, 5, 5, 5, 5]",001-242768,FRANCE,,2025-04-03,3
"CASE OF SHIPS WASTE OIL COLLECTOR B.V. AND OTHERS v. THE NETHERLANDS

",13,no_violation,5.0,True,0,5,"[5, 5, 5, 5, 5]",001-242521,NETHERLANDS,,2025-04-01,1
CASE OF FTITI v. GREECE,P7-2,violation,1.0,True,0,5,"[1, 1, 1, 1, 1]",001-244588,GREECE,,2025-08-26,3
CASE OF MALGAZHDAROV AND OTHERS v. RUSSIA,5,violation,1.0,True,0,5,"[1, 1, 1, 1, 1]",001-238839,RUSSIA,,2025-01-16,4
CASE OF M.L. v. NORTH MACEDONIA,8,violation,1.0,True,0,5,"[1, 1, 1, 1, 1]",001-243782,NORTH MACEDONIA,,2025-06-24,3
CASE OF KASHBULLINA AND OTHERS v. RUSSIA,5,violation,2.6,True,4,5,"[3, 3, 1, 3, 3]",001-245886,RUSSIA,,2025-11-13,4
CASE OF VERVELE v. GREECE,6,violation,1.0,True,0,5,"[1, 1, 1, 1, 1]",001-244594,GREECE,,2025-08-26,3
CASE OF Á.F.L. v. ICELAND,14,no_violation,5.0,True,0,5,"[5, 5, 5, 5, 5]",001-243562,ICELAND,,2025-06-10,3
CASE OF ABBATE AND OTHERS v. ITALY,P1-1,violation,1.0,True,0,5,"[1, 1, 1, 1, 1]",001-238843,ITALY,,2025-01-16,4
CASE OF ARVANITIS AND PHILELEFTHEROS PUBLIC COMPANY LIMITED v. CYPRUS,10,violation,1.0,True,0,5,"[1, 1, 1, 1, 1]",001-243887,CYPRUS,,2025-07-03,3
CASE OF UMID-T LLC v. AZERBAIJAN,P1-1,violation,1.0,True,0,5,"[1, 1, 1, 1, 1]",001-242855,AZERBAIJAN,,2025-04-29,4
CASE OF VAINIK AND OTHERS v. ESTONIA,41,violation,5.0,False,0,5,"[5, 5, 5, 5, 5]",001-245684,ESTONIA,,2025-11-04,3
CASE OF HAGYÓ v. HUNGARY,13,violation,1.0,True,0,5,"[1, 1, 1, 1, 1]",001-118647,HUNGARY,,2013-04-23,4
CASE OF PYRANTIENĖ v. LITHUANIA,P1-1,violation,1.0,True,0,5,"[1, 1, 1, 1, 1]",001-128040,LITHUANIA,,2013-11-12,3
CASE OF MOHAMMED v. AUSTRIA,3,no_violation,4.8,True,0,5,"[4, 5, 5, 5, 5]",001-120073,AUSTRIA,,2013-06-06,4
CASE OF BELTRAM AND BELTRAM CEROVŠEK v. SLOVENIA,6,violation,1.0,True,0,5,"[1, 1, 1, 1, 1]",001-126636,SLOVENIA,,2013-10-10,4
CASE OF BRZUSZCZYŃSKI v. POLAND,6,no_violation,4.8,True,0,5,"[5, 5, 5, 5, 4]",001-126352,POLAND,,2013-09-17,4
CASE OF INSANOV v. AZERBAIJAN,3,violation,1.8,True,0,5,"[1, 1, 1, 5, 1]",001-117132,AZERBAIJAN,,2013-03-14,4
CASE OF N.M.B. v. SWEDEN,3,no_violation,4.8,True,0,5,"[4, 5, 5, 5, 5]",001-121569,SWEDEN,,2013-06-27,4
CASE OF SIZAREV v. UKRAINE,5,violation,1.0,True,0,5,"[1, 1, 1, 1, 1]",001-115883,UKRAINE,,2013-01-17,4
CASE OF MOSKALENKO AND OTHERS v. UKRAINE,P1-1,violation,1.0,True,0,5,"[1, 1, 1, 1, 1]",001-122434,UKRAINE,,2013-07-18,4
CASE OF JEZNIK v. SLOVENIA,6,violation,1.0,True,0,5,"[1, 1, 1, 1, 1]",001-120968,SLOVENIA,,2013-06-20,4
CASE OF QAMA v. ALBANIA AND ITALY,8,no_violation,1.0,False,0,5,"[1, 1, 1, 1, 1]",001-115854,ALBANIA AND ITALY,,2013-01-08,3
CASE OF TARASOV v. UKRAINE,3,violation,1.0,True,0,5,"[1, 1, 1, 1, 1]",001-127399,UKRAINE,,2013-10-31,4
CASE OF ROZHENKO AND OTHERS v. UKRAINE,P1-1,violation,1.0,True,0,5,"[1, 1, 1, 1, 1]",001-118383,UKRAINE,,2013-04-11,4
CASE OF JASHI v. GEORGIA,3,violation,4.4,False,0,5,"[4, 5, 4, 5, 4]",001-115850,GEORGIA,,2013-01-08,3
CASE OF ABDI v. THE UNITED KINGDOM,5,violation,1.0,True,0,5,"[1, 1, 1, 1, 1]",001-118335,UNITED KINGDOM,,2013-04-09,3
CASE OF TOMIĆ AND OTHERS v. BOSNIA AND HERZEGOVINA,6,violation,1.0,True,0,5,"[1, 1, 1, 1, 1]",001-115876,BOSNIA AND HERZEGOVINA,,2013-01-15,4
CASE OF SCHÄDLER-EBERLE v. LIECHTENSTEIN,6,no_violation,1.2,False,0,5,"[1, 2, 1, 1, 1]",001-122429,LIECHTENSTEIN,,2013-07-18,3
CASE OF RUDNICHENKO v. UKRAINE,5,violation,1.0,True,0,5,"[1, 1, 1, 1, 1]",001-122187,UKRAINE,,2013-07-11,3
"CASE OF PAPADAKIS v. ""THE FORMER YUGOSLAV REPUBLIC OF MACEDONIA""",6,violation,1.0,True,0,5,"[1, 1, 1, 1, 1]",001-116827,NORTH MACEDONIA,,2013-02-26,3
CASE OF GAVULA v. UKRAINE,34,no_violation,1.0,False,0,5,"[1, 1, 1, 1, 1]",001-119465,UKRAINE,,2013-05-16,4
CASE OF MAJS EKSPORT-IMPORT v. SERBIA,P1-1,violation,1.0,True,0,5,"[1, 1, 1, 1, 1]",001-127617,SERBIA,,2013-11-05,4
CASE OF MIJANOVIĆ v. MONTENEGRO,6,violation,1.0,True,0,5,"[1, 1, 1, 1, 1]",001-126349,MONTENEGRO,,2013-09-17,4
CASE OF EREMIA v. THE REPUBLIC OF MOLDOVA,14,violation,1.0,True,0,5,"[1, 1, 1, 1, 1]",001-119968,MOLDOVA,,2013-05-28,3
CASE OF TUNCER GÜNEŞ v. TURKEY,14,violation,1.0,True,0,5,"[1, 1, 1, 1, 1]",001-126133,TURKEY,,2013-09-03,4
CASE OF ROMAN v. FINLAND,8,violation,1.0,True,0,5,"[1, 1, 1, 1, 1]",001-115864,FINLAND,,2013-01-29,3
"CASE OF GRUPA ZASTAVA VOZILA, A.D. v. SLOVENIA",6,violation,1.0,True,0,5,"[1, 1, 1, 1, 1]",001-118737,SLOVENIA,,2013-04-25,4
CASE OF N.M.Y. AND OTHERS v. SWEDEN,3,no_violation,5.0,True,0,5,"[5, 5, 5, 5, 5]",001-121573,SWEDEN,,2013-06-27,4
CASE OF BELOUSOV v. UKRAINE,8,violation,1.0,True,0,5,"[1, 1, 1, 1, 1]",001-127813,UKRAINE,,2013-11-07,4
CASE OF LAY  LAY COMPANY LIMITED v. MALTA,P1-1,no_violation,5.0,True,0,5,"[5, 5, 5, 5, 5]",001-122892,MALTA,,2013-07-23,4
CASE OF CLAES v. BELGIUM [Extracts],3,violation,1.0,True,0,5,"[1, 1, 1, 1, 1]",001-115981,BELGIUM,,2013-01-10,3
CASE OF BUDREVICH v. THE CZECH REPUBLIC,13,violation,1.0,True,0,5,"[1, 1, 1, 1, 1]",001-126918,CZECH REPUBLIC,,2013-10-17,4
CASE OF JULIUS KLOIBER SCHLACHTHOF GMBH AND OTHERS v. AUSTRIA,6,violation,1.0,True,0,5,"[1, 1, 1, 1, 1]",001-118045,AUSTRIA,,2013-04-04,3
CASE OF ZEYNALOV v. AZERBAIJAN,6,violation,1.0,True,0,5,"[1, 1, 1, 1, 1]",001-119972,AZERBAIJAN,,2013-05-30,4
CASE OF VILNES AND OTHERS v. NORWAY,2,no_violation,5.0,True,0,5,"[5, 5, 5, 5, 5]",001-138597,NORWAY,,2013-12-05,2
CASE OF DE LUCA v. ITALY (extracts),6,violation,1.0,True,0,5,"[1, 1, 1, 1, 1]",001-126807,ITALY,,2013-09-24,2
CASE OF GERASHCHENKO v. UKRAINE,34,no_violation,5.0,True,0,5,"[5, 5, 5, 5, 5]",001-127809,UKRAINE,,2013-11-07,4
"CASE OF VELINOV v. ""THE FORMER YUGOSLAV REPUBLIC OF MACEDONIA""",5,violation,1.0,True,0,5,"[1, 1, 1, 1, 1]",001-126360,NORTH MACEDONIA,,2013-09-19,3
CASE OF VARAVA AND OTHERS v. UKRAINE,6,violation,1.0,True,0,5,"[1, 1, 1, 1, 1]",001-115885,UKRAINE,,2013-01-17,4
CASE OF KONONOVA v. UKRAINE,P1-1,violation,1.0,True,0,5,"[1, 1, 1, 1, 1]",001-120067,UKRAINE,,2013-06-06,4
CASE OF MATRAKAS AND OTHERS v. POLAND AND GREECE,6,violation,1.8,True,0,5,"[1, 1, 1, 5, 1]",001-127812,POLAND AND GREECE,,2013-11-07,3
CASE OF D.N.M. v. SWEDEN,2,no_violation,5.0,True,0,5,"[5, 5, 5, 5, 5]",001-121574,SWEDEN,,2013-06-27,4
CASE OF DELFI AS v. ESTONIA,10,no_violation,5.0,True,0,5,"[5, 5, 5, 5, 5]",001-126635,ESTONIA,,2013-10-10,3
CASE OF DONOHOE v. IRELAND,6,no_violation,5.0,True,0,5,"[5, 5, 5, 5, 5]",001-138919,IRELAND,,2013-12-12,3
CASE OF SAINT-PAUL LUXEMBOURG S.A. v. LUXEMBOURG,8,violation,1.0,True,0,5,"[1, 1, 1, 1, 1]",001-119055,LUXEMBOURG,,2013-04-18,2
CASE OF KRISTIANSEN AND TYVIK AS v. NORWAY,6,violation,1.0,True,0,5,"[1, 1, 1, 1, 1]",001-119049,NORWAY,,2013-05-02,3
CASE OF TRUNK v. SLOVENIA,6,violation,1.0,True,0,5,"[1, 1, 1, 1, 1]",001-118590,SLOVENIA,,2013-04-18,4
CASE OF PUTISTIN v. UKRAINE,8,no_violation,5.0,True,0,5,"[5, 5, 5, 5, 5]",001-128204,UKRAINE,,2013-11-21,3
CASE OF BANDALETOV v. UKRAINE,6,no_violation,5.0,True,0,5,"[5, 5, 5, 5, 5]",001-127401,UKRAINE,,2013-10-31,3
CASE OF OROŽIM v. SLOVENIA,6,violation,1.0,True,0,5,"[1, 1, 1, 1, 1]",001-118592,SLOVENIA,,2013-04-18,4
CASE OF ROUSK v. SWEDEN,P1-1,violation,1.0,True,0,5,"[1, 1, 1, 1, 1]",001-123422,SWEDEN,,2013-07-25,3
CASE OF KOMAROVA v. UKRAINE,5,violation,1.0,True,0,5,"[1, 1, 1, 1, 1]",001-119676,UKRAINE,,2013-05-16,4
"CASE OF GRUPA ZASTAVA VOZILA, A.D. v. SLOVENIA",13,violation,5.0,False,0,5,"[5, 5, 5, 5, 5]",001-118737,SLOVENIA,,2013-04-25,4
CASE OF VINTER AND OTHERS v. THE UNITED KINGDOM,3,violation,1.0,True,0,5,"[1, 1, 1, 1, 1]",001-122664,UNITED KINGDOM,,2013-07-09,1
CASE OF MAKSYMENKO AND GERASYMENKO v. UKRAINE,P1-1,violation,1.0,True,0,5,"[1, 1, 1, 1, 1]",001-119688,UKRAINE,,2013-05-16,3
CASE OF T.A. v. SWEDEN,3,no_violation,4.0,True,0,5,"[1, 5, 4, 5, 5]",001-139175,SWEDEN,,2013-12-19,4
CASE OF SARDÓN ALVIRA v. SPAIN,6,no_violation,1.0,False,0,5,"[1, 1, 1, 1, 1]",001-126451,SPAIN,,2013-09-24,3
CASE OF VLAD AND OTHERS v. ROMANIA,13,violation,1.0,True,0,5,"[1, 1, 1, 1, 1]",001-138558,ROMANIA,,2013-11-26,2
CASE OF ZAROCHENTSEV v. UKRAINE,P4-2,violation,1.0,True,0,5,"[1, 1, 1, 1, 1]",001-115770,UKRAINE,,2013-01-10,4
CASE OF SALAKHOV AND ISLYAMOVA v. UKRAINE,34,violation,1.0,True,0,5,"[1, 1, 1, 1, 1]",001-117134,UKRAINE,,2013-03-14,3
CASE OF KLINOVSKÁ v. SLOVAKIA,13,violation,4.8,False,0,5,"[5, 5, 5, 5, 4]",001-126800,SLOVAKIA,,2013-10-08,4
CASE OF YURIY SLYUSAR v. UKRAINE,2,violation,1.0,True,0,5,"[1, 1, 1, 1, 1]",001-115884,UKRAINE,,2013-01-17,4
CASE OF SAINT-PAUL LUXEMBOURG S.A. v. LUXEMBOURG,10,violation,1.0,True,0,5,"[1, 1, 1, 1, 1]",001-119055,LUXEMBOURG,,2013-04-18,2
CASE OF ROONEY v. IRELAND,6,violation,1.0,True,0,5,"[1, 1, 1, 1, 1]",001-127410,IRELAND,,2013-10-31,4
CASE OF ROUSK v. SWEDEN,8,violation,1.0,True,0,5,"[1, 1, 1, 1, 1]",001-123422,SWEDEN,,2013-07-25,3
CASE OF LAVRECHOV v. THE CZECH REPUBLIC,P1-1,no_violation,5.0,True,0,5,"[5, 5, 5, 5, 5]",001-120969,CZECH REPUBLIC,,2013-06-20,1
CASE OF MEŽNARIČ v. SLOVENIA,13,violation,5.0,False,0,5,"[5, 5, 5, 5, 5]",001-118591,SLOVENIA,,2013-04-18,4
CASE OF TERNOVIK AND OTHERS v. UKRAINE,P1-1,violation,1.0,True,0,5,"[1, 1, 1, 1, 1]",001-118388,UKRAINE,,2013-04-11,4
CASE OF VARAPNICKAITE-MAZYLIENE v. LITHUANIA,8,no_violation,3.8,True,0,5,"[4, 2, 4, 4, 5]",001-108680,LITHUANIA,,2012-01-17,4
CASE OF RRAPO v. ALBANIA,2,no_violation,5.0,True,0,5,"[5, 5, 5, 5, 5]",001-113328,ALBANIA,,2012-09-25,4
CASE OF SCOPPOLA v. ITALY (No. 3),P1-3,no_violation,5.0,True,0,5,"[5, 5, 5, 5, 5]",001-111044,ITALY,,2012-05-22,2
CASE OF M. AND OTHERS v. ITALY AND BULGARIA,3,no_violation,1.0,False,0,5,"[1, 1, 1, 1, 1]",001-112576,ITALY AND BULGARIA,,2012-07-31,2
CASE OF JULIN v. ESTONIA,3,violation,1.0,True,0,5,"[1, 1, 1, 1, 1]",001-110949,ESTONIA,,2012-05-29,3
CASE OF AUSTIN AND OTHERS v. THE UNITED KINGDOM,5,no_violation,5.0,True,0,5,"[5, 5, 5, 5, 5]",001-109581,UNITED KINGDOM,,2012-03-15,1
CASE OF HODE AND ABDI v. THE UNITED KINGDOM,14,violation,1.0,True,0,5,"[1, 1, 1, 1, 1]",001-114244,UNITED KINGDOM,,2012-11-06,3
CASE OF DIMITAR IVANOV v. BULGARIA,P4-2,violation,1.0,True,0,5,"[1, 1, 1, 1, 1]",001-109062,BULGARIA,,2012-02-14,4
CASE OF WENERSKI v. POLAND (No. 2),3,violation,1.0,True,0,5,"[1, 1, 1, 1, 1]",001-112465,POLAND,,2012-07-24,4
CASE OF H. v. FINLAND,14,no_violation,5.0,True,0,5,"[5, 5, 5, 5, 5]",001-114486,FINLAND,,2012-11-13,3
CASE OF DRAKSAS v. LITHUANIA,8,violation,1.0,True,0,5,"[1, 1, 1, 1, 1]",001-112588,LITHUANIA,,2012-07-31,3
CASE OF LEVIN v. SWEDEN,8,no_violation,5.0,True,0,5,"[5, 5, 5, 5, 5]",001-109575,SWEDEN,,2012-03-15,4
CASE OF G v. GERMANY,7,violation,1.0,True,0,5,"[1, 1, 1, 1, 1]",001-111369,GERMANY,,2012-06-07,3
CASE OF ANDREŞAN v. ROMANIA,3,violation,1.0,True,0,5,"[1, 1, 1, 1, 1]",001-114087,ROMANIA,,2012-10-30,4
CASE OF TONIOLO v. SAN MARINO AND ITALY,5,violation,5.0,False,0,5,"[5, 5, 5, 5, 5]",001-111666,SAN MARINO AND ITALY,,2012-06-26,3
CASE OF TARBUK v. CROATIA,6,no_violation,1.0,False,0,5,"[1, 1, 1, 1, 1]",001-115166,CROATIA,,2012-12-11,3
CASE OF BALL v. ANDORRA,8,no_violation,2.4,False,0,5,"[4, 1, 1, 2, 4]",001-115165,ANDORRA,,2012-12-11,4
CASE OF HARKINS AND EDWARDS v. THE UNITED KINGDOM,3,no_violation,5.0,True,0,5,"[5, 5, 5, 5, 5]",001-108599,UNITED KINGDOM,,2012-01-17,3
CASE OF SÝKORA v. THE CZECH REPUBLIC,5,violation,1.0,True,0,5,"[1, 1, 1, 1, 1]",001-114658,CZECH REPUBLIC,,2012-11-22,3
CASE OF HARROUDJ v. FRANCE,8,no_violation,5.0,True,0,5,"[5, 5, 5, 5, 5]",001-113819,FRANCE,,2012-10-04,3
CASE OF MILIĆ v. MONTENEGRO AND SERBIA,13,violation,1.0,True,0,5,"[1, 1, 1, 1, 1]",001-115210,MONTENEGRO AND SERBIA,,2012-12-11,4
CASE OF PETA DEUTSCHLAND v. GERMANY,10,no_violation,5.0,True,0,5,"[5, 5, 5, 5, 5]",001-114273,GERMANY,,2012-11-08,3
CASE OF FALTER ZEITSCHRIFTEN GMBH v. AUSTRIA (No. 2),10,no_violation,1.8,False,0,5,"[1, 5, 1, 1, 1]",001-113137,AUSTRIA,,2012-09-18,3
CASE OF VAN COLLE v. THE UNITED KINGDOM,2,no_violation,1.8,False,0,5,"[1, 1, 1, 5, 1]",001-114473,UNITED KINGDOM,,2012-11-13,3
CASE OF MALKHASYAN v. ARMENIA,5,violation,1.0,True,0,5,"[1, 1, 1, 1, 1]",001-111628,ARMENIA,,2012-06-26,4
CASE OF MADAH AND OTHERS v. BULGARIA,13,violation,1.0,True,0,5,"[1, 1, 1, 1, 1]",001-110812,BULGARIA,,2012-05-10,4
CASE OF GENDERDOC-M v. MOLDOVA,14,violation,1.0,True,0,5,"[1, 1, 1, 1, 1]",001-111394,MOLDOVA,,2012-06-12,4
CASE OF HARTMAN v. SLOVENIA,6,violation,4.6,False,0,5,"[4, 5, 5, 4, 5]",001-113806,SLOVENIA,,2012-10-18,4
CASE OF KOTSEV AND ERMENKOVA v. BULGARIA,6,violation,1.0,True,0,5,"[1, 1, 1, 1, 1]",001-110810,BULGARIA,,2012-05-10,4
CASE OF JIRSÁK v. THE CZECH REPUBLIC,3,no_violation,2.0,False,0,5,"[2, 2, 1, 4, 1]",001-110249,CZECH REPUBLIC,,2012-04-05,3
CASE OF SHUVALOV v. ESTONIA,6,no_violation,1.0,False,0,5,"[1, 1, 1, 1, 1]",001-110950,ESTONIA,,2012-05-29,3
CASE OF SETA v. GREECE AND GERMANY,6,violation,1.0,True,0,5,"[1, 1, 1, 1, 1]",001-110702,GREECE AND GERMANY,,2012-05-03,4
CASE OF LEVINTA v. MOLDOVA (No. 2),5,violation,1.0,True,0,5,"[1, 1, 1, 1, 1]",001-108607,MOLDOVA,,2012-01-17,4
CASE OF YAVUZDOGAN v. TURKEY,6,violation,1.2,True,0,5,"[1, 1, 1, 1, 2]",001-108859,TURKEY,,2012-01-31,4
CASE OF MICHAUD v. FRANCE,8,no_violation,5.0,True,0,5,"[5, 5, 5, 5, 5]",001-115377,FRANCE,,2012-12-06,1
CASE OF MURTIĆ AND ĆERIMOVIĆ v. BOSNIA AND HERZEGOVINA,6,violation,5.0,False,0,5,"[5, 5, 5, 5, 5]",001-111518,BOSNIA AND HERZEGOVINA,,2012-06-19,4
CASE OF HATİCE DUMAN v. TURKEY,5,violation,1.0,True,0,5,"[1, 1, 1, 1, 1]",001-110936,TURKEY,,2012-05-22,4
CASE OF I.G. AND OTHERS v. SLOVAKIA,3,violation,1.0,True,0,5,"[1, 1, 1, 1, 1]",001-114514,SLOVAKIA,,2012-11-13,3
CASE OF DADIANI AND MACHABELI v. GEORGIA,6,violation,1.0,True,0,5,"[1, 1, 1, 1, 1]",001-111419,GEORGIA,,2012-06-12,4
CASE OF EPNERS-GEFNERS v. LATVIA,8,no_violation,1.8,False,0,5,"[1, 5, 1, 1, 1]",001-110942,LATVIA,,2012-05-29,3
CASE OF PAWEŁ PAWLAK v. POLAND,3,violation,1.0,True,0,5,"[1, 1, 1, 1, 1]",001-114085,POLAND,,2012-10-30,4
CASE OF STANDARD VERLAGS GMBH v. AUSTRIA (No. 3),10,violation,3.4,False,0,5,"[5, 1, 1, 5, 5]",001-108433,AUSTRIA,,2012-01-10,3
CASE OF TONOV AND OTHERS v. BULGARIA,P1-1,violation,1.0,True,0,5,"[1, 1, 1, 1, 1]",001-114096,BULGARIA,,2012-10-30,4
CASE OF VIKULOV AND OTHERS  v. LATVIA,3,no_violation,5.0,True,0,5,"[5, 5, 5, 5, 5]",001-113432,LATVIA,,2012-09-25,4
CASE OF TELEGRAAF MEDIA NEDERLAND LANDELIJKE MEDIA B.V. AND OTHERS v. THE NETHERLANDS,8,violation,1.0,True,0,5,"[1, 1, 1, 1, 1]",001-114439,NETHERLANDS,,2012-11-22,3
CASE OF BOULOIS v. LUXEMBOURG,6,no_violation,5.0,True,0,5,"[5, 5, 5, 5, 5]",001-110164,LUXEMBOURG,,2012-04-03,1
CASE OF SARKIZOV AND OTHERS v. BULGARIA,P4-2,violation,1.0,True,0,5,"[1, 1, 1, 1, 1]",001-110486,BULGARIA,,2012-04-17,4
CASE OF MANUSHAQE PUTO AND OTHERS v. ALBANIA,P1-1,violation,1.0,True,0,5,"[1, 1, 1, 1, 1]",001-112529,ALBANIA,,2012-07-31,3
CASE OF CATAN AND OTHERS v. THE REPUBLIC OF MOLDOVA AND RUSSIA,P1-2,no_violation,1.0,False,0,5,"[1, 1, 1, 1, 1]",001-114082,REPUBLIC OF MOLDOVA AND RUSSIA,,2012-10-19,1
CASE OF MITKUS v. LATVIA,6,no_violation,1.0,False,0,5,"[1, 1, 1, 1, 1]",001-113648,LATVIA,,2012-10-02,3
"CASE OF ALIŠIĆ AND OTHERS v. BOSNIA AND HERZEGOVINA, CROATIA, SERBIA, SLOVENIA AND ""THE FORMER YUGOSLAV REPUBLIC OF MACEDONIA""",13,violation,1.0,True,0,5,"[1, 1, 1, 1, 1]",001-114243,"BOSNIA AND HERZEGOVINA, CROATIA, SERBIA, SLOVENIA AND ""THE FORMER YUGOSLAV REPUBLIC OF MACEDONIA",,2012-11-06,3
CASE OF F.N. AND OTHERS v. SWEDEN,3,violation,1.0,True,0,5,"[1, 1, 1, 1, 1]",001-115396,SWEDEN,,2012-12-18,4
CASE OF USTYANTSEV v. UKRAINE,34,no_violation,4.2,True,0,5,"[2, 4, 5, 5, 5]",001-108580,UKRAINE,,2012-01-12,3
CASE OF HRISTOZOV AND OTHERS v. BULGARIA ,2,no_violation,5.0,True,0,5,"[5, 5, 5, 5, 5]",001-114492,BULGARIA,,2012-11-13,1
CASE OF BAJSULTANOV v. AUSTRIA,3,no_violation,3.6,True,0,5,"[4, 1, 4, 5, 4]",001-111429,AUSTRIA,,2012-06-12,3
CASE OF GAS AND DUBOIS v. FRANCE,14,no_violation,5.0,True,0,5,"[5, 5, 5, 5, 5]",001-109572,FRANCE,,2012-03-15,1
CASE OF KHONIAKINA v. GEORGIA,P1-1,no_violation,5.0,True,0,5,"[5, 5, 5, 5, 5]",001-111521,GEORGIA,,2012-06-19,3
CASE OF KESKINEN AND VELJEKSET KESKINEN OY v. FINLAND,6,no_violation,1.0,False,0,5,"[1, 1, 1, 1, 1]",001-111175,FINLAND,,2012-06-05,3
CASE OF X v. FINLAND,8,violation,1.0,True,0,5,"[1, 1, 1, 1, 1]",001-111938,FINLAND,,2012-07-03,1
CASE OF HARDY AND MAILE v. THE UNITED KINGDOM,8,no_violation,5.0,True,0,5,"[5, 5, 5, 5, 5]",001-109072,UNITED KINGDOM,,2012-02-14,3
CASE OF H. v. FINLAND,8,no_violation,5.0,True,0,5,"[5, 5, 5, 5, 5]",001-114486,FINLAND,,2012-11-13,3
CASE OF KAPERZYNSKI v. POLAND,10,violation,1.0,True,0,5,"[1, 1, 1, 1, 1]",001-110171,POLAND,,2012-04-03,3
CASE OF BALOGUN v. THE UNITED KINGDOM,8,no_violation,4.8,True,0,5,"[5, 5, 4, 5, 5]",001-110271,UNITED KINGDOM,,2012-04-10,4
CASE OF SOLOMAKHIN v. UKRAINE,8,no_violation,5.0,True,0,5,"[5, 5, 5, 5, 5]",001-109565,UKRAINE,,2012-03-15,3
CASE OF ALEKSEJEVA  v. LATVIA,8,no_violation,5.0,True,0,5,"[5, 5, 5, 5, 5]",001-111902,LATVIA,,2012-07-03,3
CASE OF VIDGEN v. THE NETHERLANDS,6,violation,1.0,True,0,5,"[1, 1, 1, 1, 1]",001-112102,NETHERLANDS,,2012-07-10,3
CASE OF J.M. v. DENMARK,5,no_violation,4.6,True,0,5,"[5, 5, 4, 4, 5]",001-114485,DENMARK,,2012-11-13,4
CASE OF BOUKROUROU AND OTHERS v. FRANCE,2,no_violation,1.8,False,0,5,"[1, 1, 5, 1, 1]",001-178921,FRANCE,,2017-11-16,3
CASE OF EGILL EINARSSON v. ICELAND,41,violation,5.0,False,0,5,"[5, 5, 5, 5, 5]",001-178362,ICELAND,,2017-11-07,3
CASE OF MAŽUKNA v. LITHUANIA,3,violation,5.0,False,0,5,"[5, 5, 5, 5, 5]",001-172656,LITHUANIA,,2017-04-11,4
CASE OF HAARDE v. ICELAND,6,no_violation,5.0,True,0,5,"[5, 5, 5, 5, 5]",001-178700,ICELAND,,2017-11-23,3
CASE OF TURAL HAJIBEYLI v. AZERBAIJAN,6,violation,1.0,True,0,5,"[1, 1, 1, 1, 1]",001-177124,AZERBAIJAN,,2017-09-28,4
CASE OF THUO v. CYPRUS,3,violation,1.0,True,0,5,"[1, 1, 1, 1, 1]",001-172459,CYPRUS,,2017-04-04,4
CASE OF STRAND LOBBEN AND OTHERS v. NORWAY,8,no_violation,1.0,False,0,5,"[1, 1, 1, 1, 1]",001-178877,NORWAY,,2017-11-30,3
CASE OF KUC v. SLOVAKIA,5,violation,4.2,False,0,5,"[2, 5, 5, 4, 5]",001-175645,SLOVAKIA,,2017-07-25,4
CASE OF TRAUSTASON AND OTHERS v. ICELAND,10,violation,1.8,True,0,5,"[1, 1, 1, 1, 5]",001-173369,ICELAND,,2017-05-04,4
CASE OF BRENNAN v. IRELAND,6,no_violation,1.0,False,0,5,"[1, 1, 1, 1, 1]",001-178182,IRELAND,,2017-11-02,4
CASE OF ĐUKOVIĆ v. MONTENEGRO,6,violation,1.0,True,0,5,"[1, 1, 1, 1, 1]",001-174389,MONTENEGRO,,2017-06-13,4
CASE OF X v. SWITZERLAND,3,violation,1.0,True,0,5,"[1, 1, 1, 1, 1]",001-170467,SWITZERLAND,,2017-01-26,4
CASE OF BRAGA v. THE REPUBLIC OF MOLDOVA AND RUSSIA,3,violation,1.0,True,0,5,"[1, 1, 1, 1, 1]",001-177650,REPUBLIC OF MOLDOVA AND RUSSIA,,2017-10-17,4
CASE OF OZOLS v. LATVIA,6,no_violation,4.0,True,0,5,"[4, 4, 4, 4, 4]",001-175155,LATVIA,,2017-07-13,4
CASE OF KOLAR v. SLOVENIA,13,violation,1.0,True,0,5,"[1, 1, 1, 1, 1]",001-177118,SLOVENIA,,2017-09-26,4
CASE OF AHMED v. THE UNITED KINGDOM,34,no_violation,1.8,False,0,5,"[5, 1, 1, 1, 1]",001-171507,UNITED KINGDOM,,2017-03-02,4
CASE OF EZGETA v. CROATIA,6,violation,1.0,True,0,5,"[1, 1, 1, 1, 1]",001-176969,CROATIA,,2017-09-07,4
CASE OF BOUKROUROU AND OTHERS v. FRANCE,3,violation,1.8,True,0,5,"[1, 1, 5, 1, 1]",001-178921,FRANCE,,2017-11-16,3
CASE OF M.O. v. SWITZERLAND,3,no_violation,5.0,True,0,5,"[5, 5, 5, 5, 5]",001-174424,SWITZERLAND,,2017-06-20,4
CASE OF SVORCAN v. MONTENEGRO,6,violation,1.0,True,0,5,"[1, 1, 1, 1, 1]",001-174386,MONTENEGRO,,2017-06-13,4
CASE OF BABAK HASANOV v. AZERBAIJAN,11,violation,1.0,True,0,5,"[1, 1, 1, 1, 1]",001-171489,AZERBAIJAN,,2017-02-16,4
CASE OF STANDARD VERLAGSGESELLSCHAFT MBH v. AUSTRIA,10,no_violation,5.0,True,0,5,"[5, 5, 5, 5, 5]",001-178701,AUSTRIA,,2017-11-23,4
CASE OF LEUSKA AND OTHERS v. ESTONIA,6,violation,1.0,True,0,5,"[1, 1, 1, 1, 1]",001-178352,ESTONIA,,2017-11-07,4
CASE OF KOPRIVNIKAR v. SLOVENIA,41,violation,5.0,False,0,5,"[5, 5, 5, 5, 5]",001-170456,SLOVENIA,,2017-01-24,3
CASE OF VUČINIĆ v. MONTENEGRO,6,violation,1.0,True,0,5,"[1, 1, 1, 1, 1]",001-176765,MONTENEGRO,,2017-09-05,4
CASE OF ARNARSON v. ICELAND,10,no_violation,4.8,True,0,5,"[5, 5, 4, 5, 5]",001-174404,ICELAND,,2017-06-13,4
CASE OF CELA AND OTHERS v. GREECE,3,violation,1.0,True,0,5,"[1, 1, 1, 1, 1]",001-172855,GREECE,,2017-04-20,4
CASE OF GOLDNAGL v. AUSTRIA,6,violation,1.0,True,0,5,"[1, 1, 1, 1, 1]",001-176964,AUSTRIA,,2017-09-07,4
CASE OF M v. THE NETHERLANDS,6,no_violation,1.0,False,0,5,"[1, 1, 1, 1, 1]",001-175667,NETHERLANDS,,2017-07-25,1
CASE OF KRUNOSLAVA ZOVKO v. CROATIA,6,no_violation,1.0,False,0,5,"[1, 1, 1, 1, 1]",001-173624,CROATIA,,2017-05-23,4
CASE OF KOVIĆ AND OTHERS v. SERBIA,6,violation,1.0,True,0,5,"[1, 1, 1, 1, 1]",001-172463,SERBIA,,2017-04-04,4
CASE OF VARDANEAN v. THE REPUBLIC OF MOLDOVA AND RUSSIA,34,no_violation,1.0,False,0,5,"[1, 1, 1, 1, 1]",001-173802,REPUBLIC OF MOLDOVA AND RUSSIA,,2017-05-30,4
CASE OF FORTUNSKIY v. UKRAINE,34,no_violation,3.0,False,0,5,"[2, 4, 4, 4, 1]",001-170648,UKRAINE,,2017-02-02,4
"CASE OF PETROVIĆ v. ""THE FORMER YUGOSLAV REPUBLIC OF MACEDONIA""",6,violation,1.0,True,0,5,"[1, 1, 1, 1, 1]",001-174814,NORTH MACEDONIA,,2017-06-22,4
"CASE OF TOLESKI v. ""THE FORMER YUGOSLAV REPUBLIC OF MACEDONIA""",P1-1,no_violation,1.0,False,0,5,"[1, 1, 1, 1, 1]",001-174413,NORTH MACEDONIA,,2017-06-15,4
CASE OF ALBERTINA CARVALHO E FILHOS LDA v. PORTUGAL,13,violation,1.0,True,0,5,"[1, 1, 1, 1, 1]",001-174997,PORTUGAL,,2017-07-04,4
CASE OF MAGÁT v. SLOVAKIA,6,violation,1.0,True,0,5,"[1, 1, 1, 1, 1]",001-175658,SLOVAKIA,,2017-07-25,4
CASE OF POROWSKI v. POLAND,8,violation,1.0,True,0,5,"[1, 1, 1, 1, 1]",001-172100,POLAND,,2017-03-21,4
CASE OF VILENCHIK v. UKRAINE,8,no_violation,1.0,False,0,5,"[1, 1, 1, 1, 1]",001-177228,UKRAINE,,2017-10-03,4
CASE OF ANTOVIĆ AND MIRKOVIĆ v. MONTENEGRO,8,violation,1.0,True,0,5,"[1, 1, 1, 1, 1]",001-178904,MONTENEGRO,,2017-11-28,3
CASE OF MOREIRA FERREIRA v. PORTUGAL (No. 2),6,no_violation,4.2,True,0,5,"[5, 1, 5, 5, 5]",001-175646,PORTUGAL,,2017-07-11,1
CASE OF KEMAL COŞKUN v. TURKEY,6,violation,1.0,True,0,5,"[1, 1, 1, 1, 1]",001-172317,TURKEY,,2017-03-28,4
CASE OF ZDJELAR AND OTHERS v. CROATIA,2,no_violation,1.0,False,0,5,"[1, 1, 1, 1, 1]",001-174965,CROATIA,,2017-07-06,4
CASE OF MIVES DOO v. SERBIA,P1-1,violation,1.0,True,0,5,"[1, 1, 1, 1, 1]",001-170040,SERBIA,,2017-01-10,4
CASE OF ILIAS AND AHMED v. HUNGARY,13,violation,5.0,False,0,5,"[5, 5, 5, 5, 5]",001-172091,HUNGARY,,2017-03-14,3
CASE OF BAYRAMLI v. AZERBAIJAN,6,violation,1.0,True,0,5,"[1, 1, 1, 1, 1]",001-171486,AZERBAIJAN,,2017-02-16,4
CASE OF ALKOVIĆ v. MONTENEGRO,14,violation,1.0,True,0,5,"[1, 1, 1, 1, 1]",001-179216,MONTENEGRO,,2017-12-05,3
CASE OF VAN WESENBEECK v. BELGIUM,6,no_violation,2.6,False,0,5,"[5, 1, 5, 1, 1]",001-174119,BELGIUM,,2017-05-23,3
"CASE OF CENTRE FOR THE DEVELOPMENT OF ANALYTICAL PSYCHOLOGY v. ""THE FORMER YUGOSLAV REPUBLIC OF MACEDONIA""",6,violation,1.0,True,0,5,"[1, 1, 1, 1, 1]",001-174414,NORTH MACEDONIA,,2017-06-15,4
CASE OF ASATRYAN v. ARMENIA,6,violation,1.0,True,0,5,"[1, 1, 1, 1, 1]",001-173089,ARMENIA,,2017-04-27,4
CASE OF GÜZELYURTLU AND OTHERS v. CYPRUS AND TURKEY,2,violation,1.0,True,0,5,"[1, 1, 1, 1, 1]",001-172460,CYPRUS AND TURKEY,,2017-04-04,2
CASE OF SALIJA v. SWITZERLAND,8,no_violation,5.0,True,0,5,"[5, 5, 5, 5, 5]",001-170050,SWITZERLAND,,2017-01-10,4
CASE OF NIKOLIĆ AND OTHERS v. SERBIA,P1-1,violation,1.0,True,0,5,"[1, 1, 1, 1, 1]",001-170451,SERBIA,,2017-01-24,4
CASE OF ĻUTOVA v. LATVIA,6,violation,1.0,True,0,5,"[1, 1, 1, 1, 1]",001-178372,LATVIA,,2017-11-09,4
CASE OF JÓHANNESSON AND OTHERS v. ICELAND,P7-4,violation,1.0,True,0,5,"[1, 1, 1, 1, 1]",001-173498,ICELAND,,2017-05-18,4
CASE OF EROL v. GERMANY,5,no_violation,5.0,True,0,5,"[5, 5, 5, 5, 5]",001-176838,GERMANY,,2017-09-07,4
CASE OF TALPIS v. ITALY,3,violation,1.0,True,0,5,"[1, 1, 1, 1, 1]",001-171994,ITALY,,2017-03-02,3
CASE OF PODESCHI v. SAN MARINO,3,no_violation,1.0,False,0,5,"[1, 1, 1, 1, 1]",001-172665,SAN MARINO,,2017-04-13,3
CASE OF PODESCHI v. SAN MARINO,5,no_violation,4.2,True,0,5,"[5, 4, 4, 4, 4]",001-172665,SAN MARINO,,2017-04-13,3
CASE OF KRASNIQI v. AUSTRIA,8,no_violation,5.0,True,0,5,"[5, 5, 5, 5, 5]",001-173103,AUSTRIA,,2017-04-25,4
CASE OF INDEPENDENT NEWSPAPERS (IRELAND) LIMITED v. IRELAND,10,violation,2.6,True,0,5,"[5, 1, 1, 5, 1]",001-174419,IRELAND,,2017-06-15,3
CASE OF SATAKUNNAN MARKKINAPÖRSSI OY AND SATAMEDIA OY v. FINLAND,10,no_violation,5.0,True,0,5,"[5, 5, 5, 5, 5]",001-175121,FINLAND,,2017-06-27,1
CASE OF BECKER v. NORWAY,10,violation,1.0,True,0,5,"[1, 1, 1, 1, 1]",001-177349,NORWAY,,2017-10-05,1
CASE OF M.L. v. NORWAY,8,no_violation,5.0,True,0,5,"[5, 5, 5, 5, 5]",001-177080,NORWAY,,2017-09-07,4
CASE OF STAMOVA v. BULGARIA,P1-1,violation,1.0,True,0,5,"[1, 1, 1, 1, 1]",001-170361,BULGARIA,,2017-01-19,4
CASE OF SOMMER v. GERMANY,8,violation,1.0,True,0,5,"[1, 1, 1, 1, 1]",001-173091,GERMANY,,2017-04-27,4
CASE OF TSARTSIDZE AND OTHERS v. GEORGIA,9,violation,1.0,True,0,5,"[1, 1, 1, 1, 1]",001-170349,GEORGIA,,2017-01-17,4
CASE OF TSYOGE FON MANTEYFEL v. UKRAINE,34,no_violation,5.0,True,0,5,"[5, 5, 5, 5, 5]",001-229927,UKRAINE,,2024-01-11,4
CASE OF MELANDRI v. SAN MARINO,P1-1,no_violation,5.0,True,0,5,"[5, 5, 5, 5, 5]",001-235896,SAN MARINO,,2024-09-12,4
CASE OF L.B. v. SLOVAKIA,8,violation,1.0,True,0,5,"[1, 1, 1, 1, 1]",001-235692,SLOVAKIA,,2024-09-12,4
CASE OF A.I. AND OTHERS v. GREECE,3,violation,1.4,True,0,5,"[2, 1, 1, 1, 2]",001-230271,GREECE,,2024-01-18,4
CASE OF SACHARUK v. LITHUANIA,6,violation,1.0,True,0,5,"[1, 1, 1, 1, 1]",001-233215,LITHUANIA,,2024-04-23,3
CASE OF KASIM ÖZDEMİR AND MEHMET ÖZDEMİR v. TÜRKİYE,3,no_violation,1.8,False,0,5,"[1, 4, 1, 1, 2]",001-238269,TURKEY,,2024-12-03,3
CASE OF VLAHOVIĆ v. MONTENEGRO,P1-1,violation,1.0,True,0,5,"[1, 1, 1, 1, 1]",001-231088,MONTENEGRO,,2024-02-22,4
CASE OF VEREIN KLIMASENIORINNEN SCHWEIZ AND OTHERS v. SWITZERLAND,6,violation,1.0,True,0,5,"[1, 1, 1, 1, 1]",001-233206,SWITZERLAND,,2024-04-09,1
CASE OF WA BAILE v. SWITZERLAND,14,violation,1.0,True,0,5,"[1, 1, 1, 1, 1]",001-231331,SWITZERLAND,,2024-02-20,3
CASE OF H.T. v. GERMANY AND GREECE,3,violation,1.0,True,0,5,"[1, 1, 1, 1, 1]",001-237290,GERMANY AND GREECE,,2024-10-15,3
CASE OF VOTTA RONZA v. ITALY,P1-1,violation,1.0,True,0,5,"[1, 1, 1, 1, 1]",001-237960,ITALY,,2024-11-14,4
CASE OF ZDJELAR v. CROATIA,6,violation,1.0,True,0,5,"[1, 1, 1, 1, 1]",001-237435,CROATIA,,2024-10-22,4
CASE OF T.V. v. CROATIA,2,violation,1.0,True,0,5,"[1, 1, 1, 1, 1]",001-234129,CROATIA,,2024-06-11,3
CASE OF TRETYAKOV AND OTHERS v. RUSSIA,5,violation,1.0,True,0,5,"[1, 1, 1, 1, 1]",001-231871,RUSSIA,,2024-04-04,4
CASE OF LYPOVCHENKO AND HALABUDENCO v. THE REPUBLIC OF MOLDOVA AND RUSSIA,34,no_violation,1.0,False,0,5,"[1, 1, 1, 1, 1]",001-231078,REPUBLIC OF MOLDOVA AND RUSSIA,,2024-02-20,3
CASE OF A.D. AND OTHERS v. SWEDEN,3,no_violation,4.8,True,0,5,"[4, 5, 5, 5, 5]",001-233495,SWEDEN,,2024-05-07,4
CASE OF COSOVAN v. THE REPUBLIC OF MOLDOVA (No. 2),6,no_violation,1.0,False,0,5,"[1, 1, 1, 1, 1]",001-236132,MOLDOVA,,2024-10-08,3
CASE OF PASQUINELLI AND OTHERS v. SAN MARINO,8,no_violation,5.0,True,0,5,"[5, 5, 5, 5, 5]",001-235475,SAN MARINO,,2024-08-29,1
CASE OF A.P. v. ARMENIA,3,violation,1.0,True,0,5,"[1, 1, 1, 1, 1]",001-234259,ARMENIA,,2024-06-18,3
CASE OF SHYLINA v. UKRAINE,P1-1,no_violation,5.0,True,0,5,"[5, 5, 5, 5, 5]",001-230878,UKRAINE,,2024-02-15,3
CASE OF H.T. v. GERMANY AND GREECE,5,no_violation,2.8,False,0,5,"[2, 4, 2, 4, 2]",001-237290,GERMANY AND GREECE,,2024-10-15,3
CASE OF DOMENJOUD v. FRANCE,P4-2,no_violation,1.0,False,0,5,"[1, 1, 1, 1, 1]",001-233937,FRANCE,,2024-05-16,1
CASE OF JELLA AND OTHERS v. ALBANIA,P1-1,violation,1.0,True,0,5,"[1, 1, 1, 1, 1]",001-231333,ALBANIA,,2024-03-05,4
CASE OF BERNOTAS v. LITHUANIA,P1-1,no_violation,5.0,True,0,5,"[5, 5, 5, 5, 5]",001-230627,LITHUANIA,,2024-01-30,3
CASE OF WINTHER v. DENMARK,8,no_violation,4.8,True,0,5,"[5, 5, 5, 5, 4]",001-237954,DENMARK,,2024-11-12,4
"CASE OF RYBÁŘSTVÍ TŘEBOŇ A.S. AND RYBÁŘSTVÍ TŘEBOŇ HLD. A.S. v. THE CZECH REPUBLIC

v. THE CZECH REPUBLIC
",P1-1,no_violation,5.0,True,0,5,"[5, 5, 5, 5, 5]",001-237808,CZECH REPUBLIC,,2024-11-07,3
CASE OF SZUSTAK AND OTHERS v. POLAND,13,violation,1.0,True,0,5,"[1, 1, 1, 1, 1]",001-230739,POLAND,,2024-02-08,4
CASE OF THE J. PAUL GETTY TRUST AND OTHERS v. ITALY,P1-1,no_violation,5.0,True,0,5,"[5, 5, 5, 5, 5]",001-233381,ITALY,,2024-05-02,1
CASE OF CARRETO RIBEIRO v. PORTUGAL,6,violation,1.0,True,0,5,"[1, 1, 1, 1, 1]",001-233231,PORTUGAL,,2024-04-25,4
CASE OF SPAHIU AND OTHERS v. ALBANIA,6,violation,1.0,True,0,5,"[1, 1, 1, 1, 1]",001-235034,ALBANIA,,2024-07-18,4
CASE OF MUKHTARLI v. AZERBAIJAN AND GEORGIA,5,no_violation,1.0,False,0,5,"[1, 1, 1, 1, 1]",001-235491,AZERBAIJAN AND GEORGIA,,2024-09-05,3
CASE OF TAGANOVA AND OTHERS v. GEORGIA AND RUSSIA,P1-1,violation,1.0,True,0,5,"[1, 1, 1, 1, 1]",001-238515,GEORGIA AND RUSSIA,,2024-12-17,3
CASE OF ZAVRIDOU v. CYPRUS,8,violation,1.0,True,0,5,"[1, 1, 1, 1, 1]",001-236179,CYPRUS,,2024-10-08,4
CASE OF BAKRADZE v. GEORGIA,14,violation,5.0,False,0,5,"[5, 5, 5, 5, 5]",001-237811,GEORGIA,,2024-11-07,3
CASE OF MIRZOYAN v. THE CZECH REPUBLIC,8,no_violation,5.0,True,0,5,"[5, 5, 5, 5, 5]",001-233686,CZECH REPUBLIC,,2024-05-16,3
CASE OF LYPOVCHENKO AND HALABUDENCO v. THE REPUBLIC OF MOLDOVA AND RUSSIA,P1-1,violation,1.0,True,0,5,"[1, 1, 1, 1, 1]",001-231078,REPUBLIC OF MOLDOVA AND RUSSIA,,2024-02-20,3
CASE OF OGHLISHVILI v. GEORGIA,2,violation,1.0,True,0,5,"[1, 1, 1, 1, 1]",001-234522,GEORGIA,,2024-07-04,3
CASE OF DIAS DOS SANTOS FERREIRA DA COSTA CABRAL v. PORTUGAL,10,violation,1.0,True,0,5,"[1, 1, 1, 1, 1]",001-233378,PORTUGAL,,2024-04-30,4
CASE OF TSYOGE FON MANTEYFEL v. UKRAINE,38,no_violation,5.0,True,0,5,"[5, 5, 5, 5, 5]",001-229927,UKRAINE,,2024-01-11,4
CASE OF TAGANOVA AND OTHERS v. GEORGIA AND RUSSIA,6,no_violation,1.6,False,0,5,"[1, 4, 1, 1, 1]",001-238515,GEORGIA AND RUSSIA,,2024-12-17,3
CASE OF DIMOVIĆ AND OTHERS v. SERBIA,6,violation,1.0,True,0,5,"[1, 1, 1, 1, 1]",001-238009,SERBIA,,2024-11-19,4
CASE OF SAAKASHVILI v. GEORGIA,6,no_violation,5.0,True,0,5,"[5, 5, 5, 5, 5]",001-233761,GEORGIA,,2024-05-23,3
CASE OF B.A. v. CYPRUS,5,violation,1.0,True,0,5,"[1, 1, 1, 1, 1]",001-234516,CYPRUS,,2024-07-02,3
CASE OF MUKHTARLI v. AZERBAIJAN AND GEORGIA,8,violation,1.0,True,0,5,"[1, 1, 1, 1, 1]",001-235491,AZERBAIJAN AND GEORGIA,,2024-09-05,3
CASE OF BIELAU v. AUSTRIA,10,no_violation,5.0,True,0,5,"[5, 5, 5, 5, 5]",001-235470,AUSTRIA,,2024-08-27,3
CASE OF EXECUTIEF VAN DE MOSLIMS VAN BELGIË AND OTHERS v. BELGIUM,9,no_violation,5.0,True,0,5,"[5, 5, 5, 5, 5]",001-231227,BELGIUM,,2024-02-13,1
CASE OF S.F. v. FINLAND,8,no_violation,5.0,True,0,5,"[5, 5, 5, 5, 5]",001-236140,FINLAND,,2024-10-08,4
CASE OF M.B. v. THE NETHERLANDS,5,violation,2.0,True,0,5,"[2, 1, 1, 1, 5]",001-233213,NETHERLANDS,,2024-04-23,3
CASE OF KOWALIK v. POLAND,6,violation,1.0,True,0,5,"[1, 1, 1, 1, 1]",001-230729,POLAND,,2024-02-08,4
CASE OF GIANNAKOPOULOS v. GREECE,8,no_violation,5.0,True,0,5,"[5, 5, 5, 5, 5]",001-238270,GREECE,,2024-12-03,3
CASE OF PASQUARIELLO v. ITALY,6,violation,1.0,True,0,5,"[1, 1, 1, 1, 1]",001-233652,ITALY,,2024-05-16,4
CASE OF LEVANOV AND OTHERS v. RUSSIA,6,violation,1.0,True,0,5,"[1, 1, 1, 1, 1]",001-233236,RUSSIA,,2024-04-25,4
CASE OF GUÐMUNDUR GUNNARSSON AND MAGNÚS DAVÍÐ NORÐDAHL v. ICELAND,P1-3,violation,1.0,True,0,5,"[1, 1, 1, 1, 1]",001-233111,ICELAND,,2024-04-16,3
CASE OF MAĻINOVSKIS v. LATVIA,3,violation,1.0,True,0,5,"[1, 1, 1, 1, 1]",001-234008,LATVIA,,2024-06-06,4
CASE OF TSAAVA AND OTHERS v. GEORGIA,3,violation,1.0,True,0,5,"[1, 1, 1, 1, 1]",001-233412,GEORGIA,,2024-05-07,4
CASE OF AL-HABEEB v. DENMARK,8,no_violation,4.8,True,0,5,"[5, 5, 5, 4, 5]",001-237959,DENMARK,,2024-11-12,3
CASE OF KOWALSKI v. POLAND,6,violation,3.0,False,5,5,"[3, 3, 3, 3, 3]",001-230725,POLAND,,2024-02-08,4
CASE OF SOUROULLAS KAY AND ZANNETTOS v. CYPRUS,6,no_violation,1.4,False,0,5,"[1, 2, 1, 1, 2]",001-238072,CYPRUS,,2024-11-26,4
CASE OF W.R. v. THE NETHERLANDS,6,no_violation,4.2,True,0,5,"[5, 2, 4, 5, 5]",001-235346,NETHERLANDS,,2024-08-27,4
CASE OF RIZZO STRIANO v. ITALY,6,violation,1.0,True,0,5,"[1, 1, 1, 1, 1]",001-230281,ITALY,,2024-01-18,4
CASE OF RIZZO AND OTHERS v. MALTA,P1-1,violation,1.0,True,0,5,"[1, 1, 1, 1, 1]",001-230260,MALTA,,2024-01-16,3
CASE OF DAUGAARD SORENSEN v. DENMARK,3,violation,1.0,True,0,5,"[1, 1, 1, 1, 1]",001-237294,DENMARK,,2024-10-15,4
CASE OF ZAHARIEV v. NORTH MACEDONIA,6,violation,1.0,True,0,5,"[1, 1, 1, 1, 1]",001-237797,NORTH MACEDONIA,,2024-11-05,4
CASE OF AGAYEV & ZULFUGARZADEH COMPANY v. AZERBAIJAN,6,violation,1.0,True,0,5,"[1, 1, 1, 1, 1]",001-237504,AZERBAIJAN,,2024-10-24,4
CASE OF J.B. AND OTHERS v. MALTA,3,violation,1.0,True,0,5,"[1, 1, 1, 1, 1]",001-237438,MALTA,,2024-10-22,3
CASE OF MAÇI v. ALBANIA,6,violation,1.0,True,0,5,"[1, 1, 1, 1, 1]",001-234604,ALBANIA,,2024-07-04,4
CASE OF MAISAIA v. GEORGIA,3,violation,1.0,True,0,5,"[1, 1, 1, 1, 1]",001-233409,GEORGIA,,2024-05-07,4
CASE OF LIVANČIĆ AND OTHERS v. BOSNIA AND HERZEGOVINA,6,violation,1.0,True,0,5,"[1, 1, 1, 1, 1]",001-201139,BOSNIA AND HERZEGOVINA,,2020-02-20,4
CASE OF KORNILOVA v. UKRAINE,3,no_violation,4.0,True,0,5,"[5, 5, 4, 2, 4]",001-205797,UKRAINE,,2020-11-12,4
CASE OF RELIGIOUS COMMUNITY OF JEHOVAH'S WITNESSES AND HANSEN v. AZERBAIJAN,6,violation,1.0,True,0,5,"[1, 1, 1, 1, 1]",001-200434,AZERBAIJAN,,2020-01-30,4
CASE OF ALEKSANDROV v. UKRAINE,34,violation,1.0,True,0,5,"[1, 1, 1, 1, 1]",001-200213,UKRAINE,,2020-01-09,4
CASE OF STARISHKO v. UKRAINE,3,violation,1.0,True,0,5,"[1, 1, 1, 1, 1]",001-204995,UKRAINE,,2020-10-15,4
CASE OF KEANEY v. IRELAND,13,violation,1.0,True,0,5,"[1, 1, 1, 1, 1]",001-202411,IRELAND,,2020-04-30,4
CASE OF TRETIAK v. UKRAINE,3,violation,1.4,True,0,5,"[1, 2, 1, 2, 1]",001-206516,UKRAINE,,2020-12-17,4
CASE OF AGGERHOLM v. DENMARK,3,violation,1.0,True,0,5,"[1, 1, 1, 1, 1]",001-204602,DENMARK,,2020-09-15,3
CASE OF GLAVINIĆ AND MARKOVIĆ v. CROATIA,13,violation,1.0,True,0,5,"[1, 1, 1, 1, 1]",001-203976,CROATIA,,2020-07-30,4
CASE OF BERKMAN v. RUSSIA,11,violation,1.0,True,0,5,"[1, 1, 1, 1, 1]",001-206266,RUSSIA,,2020-12-01,3
CASE OF PARINOV v. UKRAINE,6,violation,1.0,True,0,5,"[1, 1, 1, 1, 1]",001-206371,UKRAINE,,2020-12-10,4
CASE OF ALBUL AND OTHERS v. UKRAINE,6,violation,1.0,True,0,5,"[1, 1, 1, 1, 1]",001-203048,UKRAINE,,2020-06-18,4
CASE OF M.S. v. SLOVAKIA AND UKRAINE,5,violation,1.0,True,0,5,"[1, 1, 1, 1, 1]",001-202750,UKRAINE,,2020-06-11,4
CASE OF LEVCHUK v. UKRAINE,8,violation,1.0,True,0,5,"[1, 1, 1, 1, 1]",001-203931,UKRAINE,,2020-09-03,3
CASE OF YUKHYMOVYCH v. UKRAINE,2,violation,1.0,True,0,5,"[1, 1, 1, 1, 1]",001-206511,UKRAINE,,2020-12-17,3
CASE OF WALCZAK v. POLAND,8,violation,1.0,True,0,5,"[1, 1, 1, 1, 1]",001-203492,POLAND,,2020-07-09,4
CASE OF MUGEMANGANGO v. BELGIUM,13,violation,4.2,False,0,5,"[5, 1, 5, 5, 5]",001-203885,BELGIUM,,2020-07-10,1
CASE OF PROJECT-TRADE D.O.O. v. CROATIA,6,violation,1.0,True,0,5,"[1, 1, 1, 1, 1]",001-206159,CROATIA,,2020-11-19,3
CASE OF STAVROPOULOS AND OTHERS v. GREECE,9,violation,1.0,True,0,5,"[1, 1, 1, 1, 1]",001-203165,GREECE,,2020-06-25,1
CASE OF KLOPCOVS v. LATVIA,6,violation,2.8,True,0,5,"[2, 4, 2, 2, 4]",001-200815,LATVIA,,2020-02-13,4
CASE OF MIRGADIROV v. AZERBAIJAN AND TURKEY,18,no_violation,4.6,True,0,5,"[5, 5, 4, 4, 5]",001-204584,AZERBAIJAN AND TURKEY,,2020-09-17,3
CASE OF ŁABUDEK v. POLAND,5,violation,4.6,False,0,5,"[4, 4, 5, 5, 5]",001-202619,POLAND,,2020-06-04,4
CASE OF SIGRÍÐUR ELÍN SIGFÚSDÓTTIR v. ICELAND,6,violation,1.0,True,0,5,"[1, 1, 1, 1, 1]",001-201329,ICELAND,,2020-02-25,4
CASE OF SHEBALDINA v. UKRAINE,P1-1,violation,1.0,True,0,5,"[1, 1, 1, 1, 1]",001-202991,UKRAINE,,2020-06-18,4
CASE OF BAZ v. UKRAINE,5,violation,1.4,True,0,5,"[1, 2, 1, 2, 1]",001-205539,UKRAINE,,2020-11-05,4
CASE OF SMBAT AYVAZYAN v. ARMENIA,6,violation,1.0,True,0,5,"[1, 1, 1, 1, 1]",001-204812,ARMENIA,,2020-10-08,3
CASE OF M.A. AND OTHERS v. BULGARIA,2,violation,1.0,True,0,5,"[1, 1, 1, 1, 1]",001-201351,BULGARIA,,2020-02-20,3
CASE OF MIRGADIROV v. AZERBAIJAN AND TURKEY,5,violation,1.0,True,0,5,"[1, 1, 1, 1, 1]",001-204584,AZERBAIJAN AND TURKEY,,2020-09-17,3
CASE OF KEANEY v. IRELAND,6,violation,4.6,False,0,5,"[5, 4, 5, 4, 5]",001-202411,IRELAND,,2020-04-30,4
CASE OF IVASHCHENKO v. UKRAINE,3,violation,1.0,True,0,5,"[1, 1, 1, 1, 1]",001-204194,UKRAINE,,2020-09-10,4
CASE OF PASQUINI v. SAN MARINO (No. 2),6,violation,1.0,True,0,5,"[1, 1, 1, 1, 1]",001-205166,SAN MARINO,,2020-10-20,3
CASE OF PILETIĆ v. MONTENEGRO,6,violation,3.0,False,5,5,"[3, 3, 3, 3, 3]",001-201531,MONTENEGRO,,2020-03-05,4
CASE OF D. v. THE REPUBLIC OF MOLDOVA,3,violation,1.0,True,0,5,"[1, 1, 1, 1, 1]",001-206345,MOLDOVA,,2020-12-08,4
CASE OF MIRGADIROV v. AZERBAIJAN AND TURKEY,8,violation,1.0,True,0,5,"[1, 1, 1, 1, 1]",001-204584,AZERBAIJAN AND TURKEY,,2020-09-17,3
CASE OF STAFEYEV v. RUSSIA,6,violation,1.0,True,0,5,"[1, 1, 1, 1, 1]",001-206342,RUSSIA,,2020-12-08,4
CASE OF TALALIKHINA v. UKRAINE,5,violation,1.0,True,0,5,"[1, 1, 1, 1, 1]",001-205140,UKRAINE,,2020-10-22,4
CASE OF YELNIK v. UKRAINE,5,violation,3.0,False,5,5,"[3, 3, 3, 3, 3]",001-200709,UKRAINE,,2020-02-06,4
CASE OF CHERNOV v. UKRAINE,P7-4,violation,1.0,True,0,5,"[1, 1, 1, 1, 1]",001-206360,UKRAINE,,2020-12-10,4
CASE OF LOPATA AND OTHERS v. UKRAINE,3,violation,1.0,True,0,5,"[1, 1, 1, 1, 1]",001-206525,UKRAINE,,2020-12-10,4
CASE OF FILOZOFENKO v. UKRAINE,P1-1,violation,2.4,True,0,5,"[1, 1, 4, 1, 5]",001-200209,UKRAINE,,2020-01-09,4
CASE OF MAKUCHYAN AND MINASYAN v. AZERBAIJAN AND HUNGARY,2,no_violation,1.0,False,0,5,"[1, 1, 1, 1, 1]",001-202524,AZERBAIJAN AND HUNGARY,,2020-05-26,1
CASE OF DYKUSARENKO v. UKRAINE,5,violation,3.0,False,5,5,"[3, 3, 3, 3, 3]",001-202222,UKRAINE,,2020-04-09,4
CASE OF M.S. v. SLOVAKIA AND UKRAINE,34,no_violation,1.8,False,0,5,"[1, 1, 5, 1, 1]",001-202750,UKRAINE,,2020-06-11,4
CASE OF ROMANOV v. UKRAINE,13,violation,1.0,True,0,5,"[1, 1, 1, 1, 1]",001-203559,UKRAINE,,2020-07-16,4
CASE OF AVTO ATOM DOO KOCHANI v. NORTH MACEDONIA,P1-1,violation,1.0,True,0,5,"[1, 1, 1, 1, 1]",001-202529,NORTH MACEDONIA,,2020-05-28,4
CASE OF MIRGADIROV v. AZERBAIJAN AND TURKEY,6,violation,1.0,True,0,5,"[1, 1, 1, 1, 1]",001-204584,AZERBAIJAN AND TURKEY,,2020-09-17,3
CASE OF N.H. AND OTHERS v. FRANCE,3,violation,1.2,True,0,5,"[2, 1, 1, 1, 1]",001-203645,FRANCE,,2020-07-02,1
CASE OF DMYTRENKO AND BEZDOROZHNIY v. UKRAINE,P1-1,violation,3.4,False,0,5,"[1, 1, 5, 5, 5]",001-203294,UKRAINE,,2020-07-02,4
CASE OF MUGEMANGANGO v. BELGIUM,P1-3,violation,1.0,True,0,5,"[1, 1, 1, 1, 1]",001-203885,BELGIUM,,2020-07-10,1
CASE OF MINYAYLO AND OTHERS v. UKRAINE,3,violation,1.0,True,0,5,"[1, 1, 1, 1, 1]",001-204660,UKRAINE,,2020-09-24,4
CASE OF MAKUCHYAN AND MINASYAN v. AZERBAIJAN AND HUNGARY,38,no_violation,5.0,True,0,5,"[5, 5, 5, 5, 5]",001-202524,AZERBAIJAN AND HUNGARY,,2020-05-26,1
CASE OF POTOROC v. ROMANIA,3,violation,1.0,True,0,5,"[1, 1, 1, 1, 1]",001-202622,ROMANIA,,2020-06-02,4
CASE OF BİLAL AKYILDIZ v. TURKEY,5,no_violation,5.0,True,0,5,"[5, 5, 5, 5, 5]",001-204473,TURKEY,,2020-09-15,4
CASE OF ARKANIA v. GEORGIA,3,violation,1.0,True,0,5,"[1, 1, 1, 1, 1]",001-203187,GEORGIA,,2020-06-25,4
CASE OF ČIVINSKAITĖ v. LITHUANIA,6,no_violation,1.0,False,0,5,"[1, 1, 1, 1, 1]",001-204601,LITHUANIA,,2020-09-15,3
CASE OF CHERNIKA v. UKRAINE,41,violation,5.0,False,0,5,"[5, 5, 5, 5, 5]",001-201641,UKRAINE,,2020-03-12,3
CASE OF HAZIYEV AND OTHERS v. AZERBAIJAN,3,violation,1.0,True,0,5,"[1, 1, 1, 1, 1]",001-205538,AZERBAIJAN,,2020-11-05,4
CASE OF SUUR v. ESTONIA,8,no_violation,5.0,True,0,5,"[5, 5, 5, 5, 5]",001-205170,ESTONIA,,2020-10-20,4
CASE OF MAKHMUDOVA v. RUSSIA,8,violation,1.0,True,0,5,"[1, 1, 1, 1, 1]",001-206268,RUSSIA,,2020-12-01,4
CASE OF KARESVAARA AND NJIE v. SPAIN,6,violation,1.0,True,0,5,"[1, 1, 1, 1, 1]",001-206504,SPAIN,,2020-12-15,4
CASE OF TAMRAZYAN v. ARMENIA,P1-1,violation,1.0,True,0,5,"[1, 1, 1, 1, 1]",001-201738,ARMENIA,,2020-03-19,4
CASE OF SARGSYAN AND OTHERS v. UKRAINE,3,violation,1.0,True,0,5,"[1, 1, 1, 1, 1]",001-200214,UKRAINE,,2020-01-09,4
CASE OF BEZZINA WETTINGER AND OTHERS v. MALTA,P1-1,violation,1.0,True,0,5,"[1, 1, 1, 1, 1]",001-200450,MALTA,,2020-01-21,4
CASE OF NICOLAOU v. CYPRUS,2,violation,1.0,True,0,5,"[1, 1, 1, 1, 1]",001-200547,CYPRUS,,2020-01-28,4
CASE OF RASIŃSKI v. POLAND,3,violation,1.0,True,0,5,"[1, 1, 1, 1, 1]",001-202531,POLAND,,2020-05-28,4
CASE OF MAKUCHYAN AND MINASYAN v. AZERBAIJAN AND HUNGARY,14,violation,1.0,True,0,5,"[1, 1, 1, 1, 1]",001-202524,AZERBAIJAN AND HUNGARY,,2020-05-26,1
CASE OF CHERNYAVSKIY v. UKRAINE,3,violation,1.0,True,0,5,"[1, 1, 1, 1, 1]",001-205141,UKRAINE,,2020-10-22,4
CASE OF TASEV v. NORTH MACEDONIA,8,violation,1.6,True,0,5,"[1, 1, 1, 4, 1]",001-192985,NORTH MACEDONIA,,2019-05-16,3
CASE OF ŠARANOVIĆ v. MONTENEGRO,5,violation,1.0,True,0,5,"[1, 1, 1, 1, 1]",001-191487,MONTENEGRO,,2019-03-05,4
CASE OF BURLAKOV AND LYSENKO v. UKRAINE,34,no_violation,1.0,False,0,5,"[1, 1, 1, 1, 1]",001-199173,UKRAINE,,2019-12-17,4
CASE OF DOBROVITSKAYA AND OTHERS v. THE REPUBLIC OF MOLDOVA AND RUSSIA,6,no_violation,1.0,False,0,5,"[1, 1, 1, 1, 1]",001-195540,REPUBLIC OF MOLDOVA AND RUSSIA,,2019-09-03,4
CASE OF PANTELEICIUC v. THE REPUBLIC OF MOLDOVA AND RUSSIA,6,no_violation,1.0,False,0,5,"[1, 1, 1, 1, 1]",001-194241,REPUBLIC OF MOLDOVA AND RUSSIA,,2019-07-02,4
CASE OF NIKOLYAN v. ARMENIA,6,violation,1.0,True,0,5,"[1, 1, 1, 1, 1]",001-196149,ARMENIA,,2019-10-03,3
CASE OF SOBCO AND GHENT v. THE REPUBLIC OF MOLDOVA AND RUSSIA,6,no_violation,1.0,False,0,5,"[1, 1, 1, 1, 1]",001-193870,REPUBLIC OF MOLDOVA AND RUSSIA,,2019-06-18,4
CASE OF BERARDI AND MULARONI v. SAN MARINO,7,no_violation,5.0,True,0,5,"[5, 5, 5, 5, 5]",001-188997,SAN MARINO,,2019-01-10,4
CASE OF BRADARIĆ v. BOSNIA AND HERZEGOVINA,6,violation,1.0,True,0,5,"[1, 1, 1, 1, 1]",001-198718,BOSNIA AND HERZEGOVINA,,2019-12-03,4
CASE OF ODDONE AND PECCI v. SAN MARINO,6,violation,1.0,True,0,5,"[1, 1, 1, 1, 1]",001-196680,SAN MARINO,,2019-10-17,4
CASE OF KÁLOVICS v. HUNGARY,13,violation,1.0,True,0,5,"[1, 1, 1, 1, 1]",001-195869,HUNGARY,,2019-09-19,4
CASE OF SVITLANA ILCHENKO v. UKRAINE,P1-1,violation,1.0,True,0,5,"[1, 1, 1, 1, 1]",001-194183,UKRAINE,,2019-07-04,3
CASE OF STRAND LOBBEN AND OTHERS v. NORWAY,41,violation,5.0,False,0,5,"[5, 5, 5, 5, 5]",001-195909,NORWAY,,2019-09-10,1
CASE OF RYABININ AND SHATALINA v. UKRAINE,34,no_violation,1.6,False,0,5,"[1, 1, 1, 4, 1]",001-198485,UKRAINE,,2019-11-07,4
CASE OF O'LEARY v. IRELAND,13,violation,1.0,True,0,5,"[1, 1, 1, 1, 1]",001-189786,IRELAND,,2019-02-14,4
CASE OF CARPOV v. THE REPUBLIC OF MOLDOVA,6,violation,1.0,True,0,5,"[1, 1, 1, 1, 1]",001-189741,MOLDOVA,,2019-02-12,4
CASE OF DELI v. THE REPUBLIC OF MOLDOVA,6,violation,1.0,True,0,5,"[1, 1, 1, 1, 1]",001-196887,MOLDOVA,,2019-10-22,3
CASE OF ABDI IBRAHIM v. NORWAY,8,violation,1.0,True,0,5,"[1, 1, 1, 1, 1]",001-199382,NORWAY,,2019-12-17,4
CASE OF BALSAMO v. SAN MARINO,P1-1,no_violation,5.0,True,0,5,"[5, 5, 5, 5, 5]",001-196421,SAN MARINO,,2019-10-08,4
CASE OF DURANSPAHIĆ AND OTHERS v. BOSNIA AND HERZEGOVINA,P1-1,violation,1.0,True,0,5,"[1, 1, 1, 1, 1]",001-192892,BOSNIA AND HERZEGOVINA,,2019-05-09,4
CASE OF BIGOVIĆ v. MONTENEGRO,3,violation,1.0,True,0,5,"[1, 1, 1, 1, 1]",001-191721,MONTENEGRO,,2019-03-19,4
CASE OF PIKHUN v. UKRAINE,3,violation,1.0,True,0,5,"[1, 1, 1, 1, 1]",001-198884,UKRAINE,,2019-12-12,4
CASE OF IFANDIEV v. BULGARIA,10,violation,1.0,True,0,5,"[1, 1, 1, 1, 1]",001-192424,BULGARIA,,2019-04-18,4
CASE OF M.T. v. UKRAINE,8,violation,1.0,True,0,5,"[1, 1, 1, 1, 1]",001-191717,UKRAINE,,2019-03-19,4
CASE OF LIBLIK AND OTHERS v. ESTONIA,6,no_violation,4.0,True,0,5,"[4, 4, 4, 4, 4]",001-193251,ESTONIA,,2019-05-28,4
CASE OF FIL LLC v. ARMENIA,6,violation,1.0,True,0,5,"[1, 1, 1, 1, 1]",001-189589,ARMENIA,,2019-01-31,4
CASE OF MASHINYAN AND RAMAZYAN v. ARMENIA,P1-1,violation,1.0,True,0,5,"[1, 1, 1, 1, 1]",001-189795,ARMENIA,,2019-02-14,4
CASE OF KOŽUL AND OTHERS v. BOSNIA AND HERZEGOVINA,6,violation,1.0,True,0,5,"[1, 1, 1, 1, 1]",001-196879,BOSNIA AND HERZEGOVINA,,2019-10-22,4
CASE OF DENIS AND IRVINE v. BELGIUM,5,no_violation,5.0,True,0,5,"[5, 5, 5, 5, 5]",001-196836,BELGIUM,,2019-10-08,4
CASE OF SAVRAN v. DENMARK,41,violation,5.0,False,0,5,"[5, 5, 5, 5, 5]",001-196152,DENMARK,,2019-10-01,3
CASE OF PASQUINI v. SAN MARINO,6,no_violation,1.0,False,0,5,"[1, 1, 1, 1, 1]",001-192787,SAN MARINO,,2019-05-02,3
CASE OF GARUMOV v. UKRAINE,3,violation,1.0,True,0,5,"[1, 1, 1, 1, 1]",001-193469,UKRAINE,,2019-06-06,4
CASE OF MEDYANIKOV v. UKRAINE,34,no_violation,1.0,False,0,5,"[1, 1, 1, 1, 1]",001-190020,UKRAINE,,2019-02-19,4
CASE OF PETROV AND KOROSTYLYOV v. UKRAINE,3,violation,3.2,False,4,5,"[4, 3, 3, 3, 3]",001-194303,UKRAINE,,2019-07-11,4
CASE OF HADDAD v. SPAIN,8,violation,1.0,True,0,5,"[1, 1, 1, 1, 1]",001-194106,SPAIN,,2019-06-18,3
CASE OF P.R. v. AUSTRIA,8,violation,3.8,False,0,5,"[4, 4, 5, 5, 1]",001-198472,AUSTRIA,,2019-11-21,4
CASE OF A.S. v. NORWAY,8,violation,1.6,True,0,5,"[1, 1, 1, 1, 4]",001-199381,NORWAY,,2019-12-17,4
CASE OF LOGVINENKO v. UKRAINE,3,violation,1.0,True,0,5,"[1, 1, 1, 1, 1]",001-192995,UKRAINE,,2019-05-16,4
CASE OF SAMOYLENKO v. UKRAINE,5,violation,1.0,True,0,5,"[1, 1, 1, 1, 1]",001-196893,UKRAINE,,2019-10-24,4
CASE OF KORBAN v. UKRAINE,18,no_violation,3.2,True,0,5,"[5, 1, 4, 5, 1]",001-194188,UKRAINE,,2019-07-04,3
CASE OF KARDAVA v. UKRAINE,2,violation,1.4,True,0,5,"[2, 1, 2, 1, 1]",001-199168,UKRAINE,,2019-12-17,4
CASE OF O'LEARY v. IRELAND,6,violation,1.0,True,0,5,"[1, 1, 1, 1, 1]",001-189786,IRELAND,,2019-02-14,4
CASE OF MILOVANOVIC v. SERBIA,8,violation,1.0,True,0,5,"[1, 1, 1, 1, 1]",001-196423,SERBIA,,2019-10-08,4
CASE OF KAMENOVA v. BULGARIA,P1-1,no_violation,1.8,False,0,5,"[1, 2, 1, 4, 1]",001-192983,BULGARIA,,2019-05-16,4
CASE OF BEKETOV v. UKRAINE,13,violation,1.0,True,0,5,"[1, 1, 1, 1, 1]",001-190025,UKRAINE,,2019-02-19,4
CASE OF KOROL AND OTHERS v. UKRAINE,34,violation,5.0,False,0,5,"[5, 5, 5, 5, 5]",001-191359,UKRAINE,,2019-03-07,4
CASE OF ĒCIS v. LATVIA,14,violation,1.0,True,0,5,"[1, 1, 1, 1, 1]",001-188991,LATVIA,,2019-01-10,3
"CASE OF SVIT ROZVAG, TOV AND OTHERS v. UKRAINE",6,no_violation,1.0,False,0,5,"[1, 1, 1, 1, 1]",001-193994,UKRAINE,,2019-06-27,4
CASE OF ANDREYEVA v. UKRAINE,2,violation,1.0,True,0,5,"[1, 1, 1, 1, 1]",001-189621,UKRAINE,,2019-01-29,4
CASE OF BJARNI ÁRMANNSSON v. ICELAND,P7-4,violation,1.0,True,0,5,"[1, 1, 1, 1, 1]",001-192202,ICELAND,,2019-04-16,4
CASE OF ŽIVANOVIĆ AND OTHERS v. SERBIA,6,violation,1.0,True,0,5,"[1, 1, 1, 1, 1]",001-195861,SERBIA,,2019-09-19,4
CASE OF RADZEVIL v. UKRAINE,6,no_violation,1.0,False,0,5,"[1, 1, 1, 1, 1]",001-198882,UKRAINE,,2019-12-10,4
CASE OF CLASENS v. BELGIUM,3,violation,1.0,True,0,5,"[1, 1, 1, 1, 1]",001-193590,BELGIUM,,2019-05-28,3
CASE OF BARALIJA v. BOSNIA AND HERZEGOVINA,P12-1,violation,1.0,True,0,5,"[1, 1, 1, 1, 1]",001-197215,BOSNIA AND HERZEGOVINA,,2019-10-29,3
CASE OF KOPYTETS AND SHTOPKO v. UKRAINE,13,violation,1.0,True,0,5,"[1, 1, 1, 1, 1]",001-196600,UKRAINE,,2019-10-17,4
CASE OF YAKUBA v. UKRAINE,34,violation,1.0,True,0,5,"[1, 1, 1, 1, 1]",001-189740,UKRAINE,,2019-02-12,4
CASE OF BURLAKOV AND LYSENKO v. UKRAINE,5,violation,1.0,True,0,5,"[1, 1, 1, 1, 1]",001-199173,UKRAINE,,2019-12-17,4
CASE OF ANTONOV AND OTHERS v. THE REPUBLIC OF MOLDOVA AND RUSSIA,3,no_violation,1.0,False,0,5,"[1, 1, 1, 1, 1]",001-194240,REPUBLIC OF MOLDOVA AND RUSSIA,,2019-07-02,4
CASE OF ELČIĆ AND OTHERS v. BOSNIA AND HERZEGOVINA,P1-1,violation,1.0,True,0,5,"[1, 1, 1, 1, 1]",001-189092,BOSNIA AND HERZEGOVINA,,2019-01-17,4
CASE OF SAVRAN v. DENMARK,3,violation,5.0,False,0,5,"[5, 5, 5, 5, 5]",001-196152,DENMARK,,2019-10-01,3
CASE OF HODŽIĆ AND SIRĆO v. BOSNIA AND HERZEGOVINA,6,violation,1.0,True,0,5,"[1, 1, 1, 1, 1]",001-194001,BOSNIA AND HERZEGOVINA,,2019-06-27,4
CASE OF ROMEVA v. NORTH MACEDONIA,P1-1,violation,1.0,True,0,5,"[1, 1, 1, 1, 1]",001-198885,NORTH MACEDONIA,,2019-12-12,4
CASE OF J.D. AND A v. THE UNITED KINGDOM,14,no_violation,1.0,False,0,5,"[1, 1, 1, 1, 1]",001-196897,UNITED KINGDOM,,2019-10-24,1
CASE OF TSUKUR AND OTHERS v. UKRAINE,3,violation,1.0,True,0,5,"[1, 1, 1, 1, 1]",001-196682,UKRAINE,,2019-10-17,4
CASE OF VAN DE KOLK v. THE NETHERLANDS,6,violation,3.0,False,0,5,"[2, 5, 5, 2, 1]",001-193259,NETHERLANDS,,2019-05-28,4
CASE OF DOYLE v. IRELAND,6,no_violation,5.0,True,0,5,"[5, 5, 5, 5, 5]",001-193083,IRELAND,,2019-05-23,3
CASE OF GAWLIK v. LIECHTENSTEIN,10,no_violation,5.0,True,0,5,"[5, 5, 5, 5, 5]",001-208280,LIECHTENSTEIN,,2021-02-16,3
CASE OF M.L. v. SLOVAKIA,8,violation,1.0,True,0,5,"[1, 1, 1, 1, 1]",001-212150,SLOVAKIA,,2021-10-14,3
CASE OF GRAŽULEVIČIŪTĖ v. LITHUANIA,6,violation,1.0,True,0,5,"[1, 1, 1, 1, 1]",001-213901,LITHUANIA,,2021-12-14,3
CASE OF M.F. v. NORWAY,8,no_violation,5.0,True,0,5,"[5, 5, 5, 5, 5]",001-213406,NORWAY,,2021-11-25,4
CASE OF EFENDIĆ v. BOSNIA AND HERZEGOVINA,P1-1,violation,1.0,True,0,5,"[1, 1, 1, 1, 1]",001-207848,BOSNIA AND HERZEGOVINA,,2021-02-11,4
CASE OF E.H. v. NORWAY,8,violation,5.0,False,0,5,"[5, 5, 5, 5, 5]",001-213407,NORWAY,,2021-11-25,4
CASE OF SANCHEZ v. FRANCE,10,no_violation,5.0,True,0,5,"[5, 5, 5, 5, 5]",001-211777,FRANCE,,2021-09-02,3
CASE OF VELICHKO v. UKRAINE,3,violation,2.8,True,0,5,"[1, 4, 4, 1, 4]",001-207474,UKRAINE,,2021-01-28,4
CASE OF CAUCHI v. MALTA,P1-1,violation,1.0,True,0,5,"[1, 1, 1, 1, 1]",001-208764,MALTA,,2021-03-25,3
CASE OF W.A. v. SWITZERLAND,P7-4,violation,3.4,False,0,5,"[1, 5, 1, 5, 5]",001-212829,SWITZERLAND,,2021-11-02,3
CASE OF POLTORATSKYY v. UKRAINE,13,no_violation,2.6,False,0,5,"[5, 1, 5, 1, 1]",001-209330,UKRAINE,,2021-04-22,4
CASE OF BARANIN AND VUKČEVIĆ v. MONTENEGRO,3,violation,1.0,True,0,5,"[1, 1, 1, 1, 1]",001-208589,MONTENEGRO,,2021-03-11,3
CASE OF SZŐLŐSI v. HUNGARY,6,violation,1.0,True,0,5,"[1, 1, 1, 1, 1]",001-211138,HUNGARY,,2021-07-22,4
CASE OF BUDIMIR v. CROATIA,8,violation,1.0,True,0,5,"[1, 1, 1, 1, 1]",001-214012,CROATIA,,2021-12-16,3
CASE OF BORGOVAN v. ROMANIA,6,violation,1.0,True,0,5,"[1, 1, 1, 1, 1]",001-213525,ROMANIA,,2021-11-30,4
CASE OF RÎBAC AND RODINA-AGRO S.A. v. THE REPUBLIC OF MOLDOVA AND RUSSIA,11,no_violation,1.0,False,0,5,"[1, 1, 1, 1, 1]",001-210413,REPUBLIC OF MOLDOVA AND RUSSIA,,2021-06-15,4
CASE OF MIKELADZE AND OTHERS v. GEORGIA,14,violation,1.2,True,0,5,"[1, 2, 1, 1, 1]",001-213203,GEORGIA,,2021-11-16,3
CASE OF RADU AND OTHERS v. ROMANIA,3,violation,1.0,True,0,5,"[1, 1, 1, 1, 1]",001-212843,ROMANIA,,2021-10-28,4
CASE OF ZOHLANDT v. THE NETHERLANDS,5,violation,5.0,False,0,5,"[5, 5, 5, 5, 5]",001-207806,NETHERLANDS,,2021-02-09,3
CASE OF FİKRET KARAHAN v. TURKEY,6,violation,1.0,True,0,5,"[1, 1, 1, 1, 1]",001-208534,TURKEY,,2021-03-16,3
CASE OF DURAKOVIĆ AND KREŠTALICA v. BOSNIA AND HERZEGOVINA,P1-1,violation,1.0,True,0,5,"[1, 1, 1, 1, 1]",001-207849,BOSNIA AND HERZEGOVINA,,2021-02-11,4
CASE OF KLOPSTRA v. SPAIN,6,violation,1.0,True,0,5,"[1, 1, 1, 1, 1]",001-207366,SPAIN,,2021-01-19,4
CASE OF CILEI AND ROSIP v. THE REPUBLIC OF MOLDOVA AND RUSSIA,13,no_violation,1.0,False,0,5,"[1, 1, 1, 1, 1]",001-211017,REPUBLIC OF MOLDOVA AND RUSSIA,,2021-07-13,4
CASE OF DIMOV AND OTHERS v. BULGARIA,P1-3,violation,1.0,True,0,5,"[1, 1, 1, 1, 1]",001-210257,BULGARIA,,2021-06-08,4
CASE OF BONESCU AND OTHERS v. ROMANIA,3,violation,1.0,True,0,5,"[1, 1, 1, 1, 1]",001-214047,ROMANIA,,2021-12-16,4
CASE OF E.G. v. THE REPUBLIC OF MOLDOVA,3,violation,1.0,True,0,5,"[1, 1, 1, 1, 1]",001-209373,MOLDOVA,,2021-04-13,1
CASE OF CENTRUM FÖR RÄTTVISA v. SWEDEN,8,violation,1.0,True,0,5,"[1, 1, 1, 1, 1]",001-210078,SWEDEN,,2021-05-25,1
CASE OF KHAN v. DENMARK,8,no_violation,5.0,True,0,5,"[5, 5, 5, 5, 5]",001-207136,DENMARK,,2021-01-12,4
CASE OF ASANOVIĆ v. MONTENEGRO,5,violation,1.0,True,0,5,"[1, 1, 1, 1, 1]",001-210046,MONTENEGRO,,2021-05-20,4
CASE OF JALLOW v. NORWAY,6,no_violation,4.8,True,0,5,"[5, 5, 5, 5, 4]",001-213529,NORWAY,,2021-12-02,3
CASE OF MUCHA v. SLOVAKIA,6,violation,1.0,True,0,5,"[1, 1, 1, 1, 1]",001-213853,SLOVAKIA,,2021-11-25,3
CASE OF ALIMPIEV v. THE REPUBLIC OF MOLDOVA AND RUSSIA,5,violation,1.0,True,0,5,"[1, 1, 1, 1, 1]",001-209438,REPUBLIC OF MOLDOVA AND RUSSIA,,2021-04-27,4
CASE OF LACATUS v. SWITZERLAND,8,violation,1.0,True,0,5,"[1, 1, 1, 1, 1]",001-207695,SWITZERLAND,,2021-01-19,1
CASE OF GOLUB v. THE REPUBLIC OF MOLDOVA AND RUSSIA,P4-2,no_violation,5.0,True,0,5,"[5, 5, 5, 5, 5]",001-213706,REPUBLIC OF MOLDOVA AND RUSSIA,,2021-11-30,4
CASE OF ȘCERBININA v. THE REPUBLIC OF MOLDOVA AND RUSSIA,6,no_violation,1.0,False,0,5,"[1, 1, 1, 1, 1]",001-210689,REPUBLIC OF MOLDOVA AND RUSSIA,,2021-06-29,4
CASE OF VĂDUVA AND OTHERS v. ROMANIA,3,violation,1.0,True,0,5,"[1, 1, 1, 1, 1]",001-209152,ROMANIA,,2021-04-15,4
CASE OF SHABELNIK v. UKRAINE (No. 3),7,no_violation,5.0,True,0,5,"[5, 5, 5, 5, 5]",001-212897,UKRAINE,,2021-11-04,4
CASE OF ABDI v. DENMARK,8,violation,1.0,True,0,5,"[1, 1, 1, 1, 1]",001-211795,DENMARK,,2021-09-14,3
CASE OF GILLIGAN v. IRELAND,6,no_violation,3.6,True,0,5,"[2, 5, 2, 4, 5]",001-208547,IRELAND,,2021-03-18,4
CASE OF CSIKÓS AND OTHERS v. HUNGARY,5,violation,2.6,True,4,5,"[3, 3, 3, 1, 3]",001-213730,HUNGARY,,2021-12-02,4
CASE OF STRØBYE AND ROSENLIND v. DENMARK,14,no_violation,4.2,True,0,5,"[5, 1, 5, 5, 5]",001-207667,DENMARK,,2021-02-02,3
CASE OF IVKOVIĆ AND OTHERS v. SERBIA,6,violation,1.0,True,0,5,"[1, 1, 1, 1, 1]",001-245708,SERBIA,,2021-07-22,4
CASE OF JESTCOV v. THE REPUBLIC OF MOLDOVA AND RUSSIA,2,no_violation,1.0,False,0,5,"[1, 1, 1, 1, 1]",001-211892,REPUBLIC OF MOLDOVA AND RUSSIA,,2021-09-28,4
CASE OF BLIZNYUK v. UKRAINE,2,violation,1.0,True,0,5,"[1, 1, 1, 1, 1]",001-210322,UKRAINE,,2021-06-10,4
CASE OF GOLUB v. THE REPUBLIC OF MOLDOVA AND RUSSIA,13,no_violation,1.0,False,0,5,"[1, 1, 1, 1, 1]",001-213706,REPUBLIC OF MOLDOVA AND RUSSIA,,2021-11-30,4
CASE OF ŠPADIJER v. MONTENEGRO,8,violation,1.0,True,0,5,"[1, 1, 1, 1, 1]",001-212970,MONTENEGRO,,2021-11-09,3
CASE OF MOROŞANU AND OTHERS v. ROMANIA,2,violation,1.0,True,0,5,"[1, 1, 1, 1, 1]",001-208592,ROMANIA,,2021-03-16,4
CASE OF LIEBSCHER v. AUSTRIA,8,violation,2.6,True,0,5,"[5, 1, 1, 1, 5]",001-209035,AUSTRIA,,2021-04-06,3
CASE OF OMDAHL v. NORWAY,6,no_violation,2.4,False,0,5,"[1, 1, 4, 2, 4]",001-209358,NORWAY,,2021-04-22,3
CASE OF VALDÍS FJÖLNISDÓTTIR AND OTHERS v. ICELAND,8,no_violation,5.0,True,0,5,"[5, 5, 5, 5, 5]",001-209992,ICELAND,,2021-05-18,3
CASE OF SŁAWIŃSKI v. POLAND,13,violation,1.0,True,0,5,"[1, 1, 1, 1, 1]",001-209154,POLAND,,2021-04-15,4
CASE OF FEILAZOO v. MALTA,34,violation,1.0,True,0,5,"[1, 1, 1, 1, 1]",001-208447,MALTA,,2021-03-11,3
CASE OF CAAMAÑO VALLE v. SPAIN,P1-3,no_violation,5.0,True,0,5,"[5, 5, 5, 5, 5]",001-210089,SPAIN,,2021-05-11,3
CASE OF APAP BOLOGNA v. MALTA,13,violation,5.0,False,0,5,"[5, 5, 5, 5, 5]",001-213796,MALTA,,2021-12-09,4
CASE OF SANDU AND OTHERS v. ROMANIA,3,violation,1.0,True,0,5,"[1, 1, 1, 1, 1]",001-214048,ROMANIA,,2021-12-16,4
CASE OF K.I. v. FRANCE,3,violation,1.0,True,0,5,"[1, 1, 1, 1, 1]",001-209520,FRANCE,,2021-04-15,1
CASE OF BARSEGHYAN v. ARMENIA,11,violation,1.0,True,0,5,"[1, 1, 1, 1, 1]",001-211814,ARMENIA,,2021-09-21,3
CASE OF ASLANIAN v. THE REPUBLIC OF MOLDOVA AND RUSSIA,9,no_violation,1.0,False,0,5,"[1, 1, 1, 1, 1]",001-211020,REPUBLIC OF MOLDOVA AND RUSSIA,,2021-07-13,4
CASE OF IBRIŠIMOVIĆ AND OTHERS v. BOSNIA AND HERZEGOVINA,P1-1,violation,1.0,True,0,5,"[1, 1, 1, 1, 1]",001-207850,BOSNIA AND HERZEGOVINA,,2021-02-11,4
CASE OF MILOŠEVIĆ v. CROATIA,P7-4,violation,3.6,False,0,5,"[4, 4, 5, 1, 4]",001-211596,CROATIA,,2021-08-31,3
CASE OF MONIR LOTFY v. CYPRUS,5,violation,1.0,True,0,5,"[1, 1, 1, 1, 1]",001-210680,CYPRUS,,2021-06-29,4
CASE OF NORWEGIAN CONFEDERATION OF TRADE UNIONS (LO) AND NORWEGIAN TRANSPORT WORKERS’ UNION (NTF) v. NORWAY,11,no_violation,5.0,True,0,5,"[5, 5, 5, 5, 5]",001-210332,NORWAY,,2021-06-10,3
CASE OF ROVSHAN HAJIYEV v. AZERBAIJAN,10,violation,1.0,True,0,5,"[1, 1, 1, 1, 1]",001-213788,AZERBAIJAN,,2021-12-09,3
CASE OF AVCI v. DENMARK,8,no_violation,1.2,False,0,5,"[1, 1, 1, 1, 2]",001-213522,DENMARK,,2021-11-30,3
"CASE OF TOŢCHI AND OTHERS v. THE REPUBLIC OF MOLDOVA, RUSSIA AND UKRAINE",2,no_violation,1.0,False,0,5,"[1, 1, 1, 1, 1]",001-210537,UKRAINE,,2021-06-15,4
CASE OF ANCIENT BALTIC RELIGIOUS ASSOCIATION “ROMUVA” v. LITHUANIA,13,violation,1.0,True,0,5,"[1, 1, 1, 1, 1]",001-210282,LITHUANIA,,2021-06-08,3
CASE OF LAMBERTNÉ BÁRSONY v. HUNGARY,6,violation,1.0,True,0,5,"[1, 1, 1, 1, 1]",001-141943,HUNGARY,,2014-03-25,4
CASE OF KIISA v. ESTONIA,13,violation,1.0,True,0,5,"[1, 1, 1, 1, 1]",001-141629,ESTONIA,,2014-03-13,4
CASE OF S.J. v. BELGIUM,8,no_violation,5.0,True,0,5,"[5, 5, 5, 5, 5]",001-141668,BELGIUM,,2014-02-27,3
CASE OF MEMISHAJ v. ALBANIA,13,violation,1.0,True,0,5,"[1, 1, 1, 1, 1]",001-141933,ALBANIA,,2014-03-25,4
CASE OF TARANEKS v. LATVIA,8,violation,1.0,True,0,5,"[1, 1, 1, 1, 1]",001-148268,LATVIA,,2014-12-02,4
CASE OF MILINKOVIĆ v. BOSNIA AND HERZEGOVINA,P1-1,violation,1.0,True,0,5,"[1, 1, 1, 1, 1]",001-145349,BOSNIA AND HERZEGOVINA,,2014-07-08,4
CASE OF MEMISHAJ v. ALBANIA,6,violation,1.0,True,0,5,"[1, 1, 1, 1, 1]",001-141933,ALBANIA,,2014-03-25,4
CASE OF FERNÁNDEZ MARTÍNEZ v. SPAIN,8,no_violation,5.0,True,0,5,"[5, 5, 5, 5, 5]",001-145068,SPAIN,,2014-06-12,1
CASE OF BEGANOVIC v. SLOVENIA,13,violation,1.0,True,0,5,"[1, 1, 1, 1, 1]",001-142082,SLOVENIA,,2014-04-03,4
CASE OF VAJNAI v. HUNGARY NO.4,10,violation,1.0,True,0,5,"[1, 1, 1, 1, 1]",001-146410,HUNGARY NO.4,,2014-09-23,4
"CASE OF SOCIEDADE DE CONSTRUCOES MARTINS AND VIEIRA, LDA v. PORTUGAL",6,violation,1.0,True,0,5,"[1, 1, 1, 1, 1]",001-147443,PORTUGAL,,2014-10-30,4
CASE OF BUZADJI v. THE REPUBLIC OF MOLDOVA,5,violation,1.0,True,0,5,"[1, 1, 1, 1, 1]",001-148659,MOLDOVA,,2014-12-16,4
CASE OF L.M. v. SLOVENIA,5,violation,1.0,True,0,5,"[1, 1, 1, 1, 1]",001-144672,SLOVENIA,,2014-06-12,4
CASE OF S.A.S. v. FRANCE,8,no_violation,5.0,True,0,5,"[5, 5, 5, 5, 5]",001-145466,FRANCE,,2014-07-01,1
CASE OF RADU v. THE REPUBLIC OF MOLDOVA,8,violation,1.0,True,0,5,"[1, 1, 1, 1, 1]",001-142398,MOLDOVA,,2014-04-15,3
CASE OF AVOTIŅŠ v. LATVIA,6,no_violation,4.0,True,0,5,"[1, 5, 4, 5, 5]",001-141644,LATVIA,,2014-02-25,3
CASE OF LAKATOŠ AND OTHERS v. SERBIA,5,violation,1.0,True,0,5,"[1, 1, 1, 1, 1]",001-139897,SERBIA,,2014-01-07,4
CASE OF FILATOVA AND OTHERS v. UKRAINE,13,violation,1.0,True,0,5,"[1, 1, 1, 1, 1]",001-145779,UKRAINE,,2014-07-31,4
CASE OF GRESPIK v. HUNGARY,6,violation,1.0,True,0,5,"[1, 1, 1, 1, 1]",001-142403,HUNGARY,,2014-04-22,4
CASE OF ZALEVSKIY v. UKRAINE,3,no_violation,1.0,False,0,5,"[1, 1, 1, 1, 1]",001-147037,UKRAINE,,2014-10-16,4
CASE OF MARGARETIĆ v. CROATIA,6,no_violation,5.0,True,0,5,"[5, 5, 5, 5, 5]",001-144367,CROATIA,,2014-06-05,3
CASE OF HUSAYN (ABU ZUBAYDAH) v. POLAND,38,violation,1.0,True,0,5,"[1, 1, 1, 1, 1]",001-146047,POLAND,,2014-07-24,2
CASE OF OSAKOVSKIY v. UKRAINE,6,violation,1.0,True,0,5,"[1, 1, 1, 1, 1]",001-145580,UKRAINE,,2014-07-17,4
CASE OF TALI v. ESTONIA,3,violation,1.0,True,0,5,"[1, 1, 1, 1, 1]",001-140785,ESTONIA,,2014-02-13,3
CASE OF RUIZ RIVERA v. SWITZERLAND [Extracts],5,violation,1.0,True,0,5,"[1, 1, 1, 1, 1]",001-141434,SWITZERLAND,,2014-02-18,3
CASE OF CĒSNIEKS v. LATVIA,6,violation,1.0,True,0,5,"[1, 1, 1, 1, 1]",001-140769,LATVIA,,2014-02-11,4
CASE OF LINDSTRÖM AND MÄSSELI v. FINLAND,3,no_violation,4.8,True,0,5,"[5, 5, 5, 5, 4]",001-139995,FINLAND,,2014-01-14,3
"CASE OF DUŠKO IVANOVSKI v. ""THE FORMER YUGOSLAV REPUBLIC OF MACEDONIA""",6,violation,1.0,True,0,5,"[1, 1, 1, 1, 1]",001-142515,NORTH MACEDONIA,,2014-04-24,3
CASE OF PLACÌ v. ITALY,6,violation,1.0,True,0,5,"[1, 1, 1, 1, 1]",001-140028,ITALY,,2014-01-21,3
CASE OF TERSHIYEV v. AZERBAIJAN,3,no_violation,1.8,False,0,5,"[4, 1, 1, 2, 1]",001-145788,AZERBAIJAN,,2014-07-31,4
CASE OF VIEIRA GOMES BEZERRA v. PORTUGAL,6,violation,1.0,True,0,5,"[1, 1, 1, 1, 1]",001-140239,PORTUGAL,,2014-01-28,4
CASE OF STAUDER AND GABL v. AUSTRIA,6,violation,1.0,True,0,5,"[1, 1, 1, 1, 1]",001-147875,AUSTRIA,,2014-11-13,4
CASE OF VOLYANYK v. UKRAINE,5,violation,1.0,True,0,5,"[1, 1, 1, 1, 1]",001-146697,UKRAINE,,2014-10-02,4
CASE OF CSÁSZY v. HUNGARY,8,violation,1.0,True,0,5,"[1, 1, 1, 1, 1]",001-147274,HUNGARY,,2014-10-21,4
CASE OF PETER v. GERMANY,6,no_violation,1.0,False,0,5,"[1, 1, 1, 1, 1]",001-146353,GERMANY,,2014-09-04,4
CASE OF SUKHANOV AND ILCHENKO v. UKRAINE,P1-1,violation,5.0,False,0,5,"[5, 5, 5, 5, 5]",001-145014,UKRAINE,,2014-06-26,4
CASE OF KARAGJOZI AND OTHERS v. ALBANIA,6,violation,1.0,True,0,5,"[1, 1, 1, 1, 1]",001-142185,ALBANIA,,2014-04-08,4
CASE OF YAVOROVENKO AND OTHERS v. UKRAINE,13,violation,1.0,True,0,5,"[1, 1, 1, 1, 1]",001-145579,UKRAINE,,2014-07-17,4
CASE OF F.G. v. SWEDEN,2,no_violation,1.0,False,0,5,"[1, 1, 1, 1, 1]",001-140020,SWEDEN,,2014-01-16,4
CASE OF GÖTHLIN v. SWEDEN,5,no_violation,5.0,True,0,5,"[5, 5, 5, 5, 5]",001-147045,SWEDEN,,2014-10-16,3
CASE OF ALEKSANDR VLADIMIROVICH SMIRNOV v. UKRAINE,3,violation,1.0,True,0,5,"[1, 1, 1, 1, 1]",001-141635,UKRAINE,,2014-03-13,4
"CASE OF ALIŠIĆ AND OTHERS v. BOSNIA AND HERZEGOVINA, CROATIA, SERBIA, SLOVENIA AND ""THE FORMER YUGOSLAV REPUBLIC OF MACEDONIA""",P1-1,violation,1.0,True,0,5,"[1, 1, 1, 1, 1]",001-145575,"BOSNIA AND HERZEGOVINA, CROATIA, SERBIA, SLOVENIA AND ""THE FORMER YUGOSLAV REPUBLIC OF MACEDONIA",,2014-07-16,1
CASE OF BOKAL v. SLOVENIA,13,violation,1.0,True,0,5,"[1, 1, 1, 1, 1]",001-142083,SLOVENIA,,2014-04-03,4
CASE OF S.A.S. v. FRANCE,14,no_violation,5.0,True,0,5,"[5, 5, 5, 5, 5]",001-145466,FRANCE,,2014-07-01,1
CASE OF OMELCHENKO v. UKRAINE,6,violation,1.0,True,0,5,"[1, 1, 1, 1, 1]",001-145581,UKRAINE,,2014-07-17,4
CASE OF JAEGER v. ESTONIA,8,violation,4.2,False,0,5,"[4, 5, 4, 4, 4]",001-145787,ESTONIA,,2014-07-31,4
CASE OF BERARU v. ROMANIA,6,violation,1.0,True,0,5,"[1, 1, 1, 1, 1]",001-141910,ROMANIA,,2014-03-18,4
CASE OF LULI AND OTHERS v. ALBANIA,6,violation,1.0,True,0,5,"[1, 1, 1, 1, 1]",001-142305,ALBANIA,,2014-04-01,3
CASE OF KARIN ANDERSSON AND OTHERS v. SWEDEN,6,violation,1.0,True,0,5,"[1, 1, 1, 1, 1]",001-146399,SWEDEN,,2014-09-25,4
CASE OF O.G. v. LATVIA,5,violation,1.0,True,0,5,"[1, 1, 1, 1, 1]",001-146409,LATVIA,,2014-09-23,4
CASE OF Y v. LATVIA,3,no_violation,5.0,True,0,5,"[5, 5, 5, 5, 5]",001-147286,LATVIA,,2014-10-21,4
CASE OF HORNCASTLE AND OTHERS v. THE UNITED KINGDOM,6,no_violation,5.0,True,0,5,"[5, 5, 5, 5, 5]",001-148673,UNITED KINGDOM,,2014-12-16,3
CASE OF PIRTTIMÄKI v. FINLAND,P7-4,no_violation,5.0,True,0,5,"[5, 5, 5, 5, 5]",001-144113,FINLAND,,2014-05-20,4
CASE OF M.E. v. DENMARK,3,no_violation,1.6,False,0,5,"[1, 1, 1, 1, 4]",001-145341,DENMARK,,2014-07-08,4
CASE OF VASILYEV AND OTHERS v. UKRAINE,13,violation,1.0,True,0,5,"[1, 1, 1, 1, 1]",001-140782,UKRAINE,,2014-02-13,4
CASE OF LI v. RUSSIA,P1-1,no_violation,5.0,True,0,5,"[5, 5, 5, 5, 5]",001-142519,RUSSIA,,2014-04-24,4
CASE OF ALEKSANDR VLADIMIROVICH SMIRNOV v. UKRAINE,6,violation,1.0,True,0,5,"[1, 1, 1, 1, 1]",001-141635,UKRAINE,,2014-03-13,4
CASE OF N.A. v. NORWAY,6,no_violation,1.0,False,0,5,"[1, 1, 1, 1, 1]",001-148642,NORWAY,,2014-12-18,3
CASE OF VASILYEV AND OTHERS v. UKRAINE,8,violation,5.0,False,0,5,"[5, 5, 5, 5, 5]",001-140782,UKRAINE,,2014-02-13,4
CASE OF TANDA-MUZINGA v. FRANCE,8,violation,1.0,True,0,5,"[1, 1, 1, 1, 1]",001-145653,FRANCE,,2014-07-10,3
"CASE OF SOCIEDADE DE CONSTRUCOES MARTINS AND VIEIRA, LDA v. PORTUGAL",13,violation,1.0,True,0,5,"[1, 1, 1, 1, 1]",001-147443,PORTUGAL,,2014-10-30,4
CASE OF ANTHONY AQUILINA v. MALTA,P1-1,violation,1.0,True,0,5,"[1, 1, 1, 1, 1]",001-148636,MALTA,,2014-12-11,4
CASE OF M.E. v. SWEDEN,3,no_violation,5.0,True,0,5,"[5, 5, 5, 5, 5]",001-145018,SWEDEN,,2014-06-26,3
CASE OF O'KEEFFE v. IRELAND,3,violation,1.0,True,0,5,"[1, 1, 1, 1, 1]",001-140235,IRELAND,,2014-01-28,1
CASE OF BOROVSKÁ AND FORRAI v. SLOVAKIA,6,violation,1.0,True,0,5,"[1, 1, 1, 1, 1]",001-148263,SLOVAKIA,,2014-11-25,3
CASE OF ERLA HLYNSDÓTTIR v. ICELAND (No. 2),10,violation,2.6,True,0,5,"[1, 5, 1, 5, 1]",001-147272,ICELAND,,2014-10-21,4
"MILADINOV AND OTHERS v. ""THE FORMER YUGOSLAV REPUBLIC OF MACEDONIA""",5,violation,1.0,True,0,5,"[1, 1, 1, 1, 1]",001-142521,NORTH MACEDONIA,,2014-04-24,4
CASE OF EMIN HUSEYNOV v. AZERBAIJAN (No. 2),34,no_violation,5.0,True,0,5,"[5, 5, 5, 5, 5]",001-225807,AZERBAIJAN,,2023-07-13,3
CASE OF MESIĆ v. CROATIA (No. 2),8,no_violation,1.0,False,0,5,"[1, 1, 1, 1, 1]",001-224963,CROATIA,,2023-05-30,3
CASE OF KATONA AND ZÁVARSKÝ v. SLOVAKIA,P1-1,violation,1.0,True,0,5,"[1, 1, 1, 1, 1]",001-222915,SLOVAKIA,,2023-02-09,3
CASE OF STRASSENMEYER v. GERMANY,6,no_violation,4.2,True,0,5,"[4, 5, 4, 4, 4]",001-224505,GERMANY,,2023-05-02,3
CASE OF IRODOTOU v. CYPRUS,6,violation,1.0,True,0,5,"[1, 1, 1, 1, 1]",001-224776,CYPRUS,,2023-05-23,4
CASE OF A.S. v. ITALY,5,violation,1.0,True,0,5,"[1, 1, 1, 1, 1]",001-228167,ITALY,,2023-10-19,4
CASE OF KAPITONOV AND OTHERS v. RUSSIA,5,violation,3.0,False,5,5,"[3, 3, 3, 3, 3]",001-228673,RUSSIA,,2023-11-09,4
CASE OF JANÁČEK v. THE CZECH REPUBLIC,6,violation,1.0,True,0,5,"[1, 1, 1, 1, 1]",001-222790,CZECH REPUBLIC,,2023-02-02,3
CASE OF AXEL SPRINGER SE v. GERMANY,10,no_violation,5.0,True,0,5,"[5, 5, 5, 5, 5]",001-222312,GERMANY,,2023-01-17,3
CASE OF ABBASALIYEVA v. AZERBAIJAN,8,violation,1.0,True,0,5,"[1, 1, 1, 1, 1]",001-224366,AZERBAIJAN,,2023-04-27,4
CASE OF LUCA v. THE REPUBLIC OF MOLDOVA,3,violation,1.0,True,0,5,"[1, 1, 1, 1, 1]",001-228151,MOLDOVA,,2023-10-17,3
CASE OF ZAJMI v. ALBANIA,6,violation,5.0,False,0,5,"[5, 5, 5, 5, 5]",001-225318,ALBANIA,,2023-06-20,4
CASE OF OHANJANYAN v. ARMENIA,2,violation,1.0,True,0,5,"[1, 1, 1, 1, 1]",001-224365,ARMENIA,,2023-04-25,4
CASE OF A.M.A. v. THE NETHERLANDS,3,violation,1.0,True,0,5,"[1, 1, 1, 1, 1]",001-228357,NETHERLANDS,,2023-10-24,4
CASE OF A.T. AND OTHERS v. ITALY,5,violation,1.0,True,0,5,"[1, 1, 1, 1, 1]",001-228992,ITALY,,2023-11-23,4
CASE OF TEPLJAKOV v. ESTONIA,3,violation,1.0,True,0,5,"[1, 1, 1, 1, 1]",001-229134,ESTONIA,,2023-11-28,4
CASE OF CETINJA v. CROATIA,7,violation,1.0,True,0,5,"[1, 1, 1, 1, 1]",001-224554,CROATIA,,2023-05-09,4
CASE OF LOBCHUK AND OTHERS v. UKRAINE,3,violation,1.0,True,0,5,"[1, 1, 1, 1, 1]",001-222920,UKRAINE,,2023-02-09,4
CASE OF DIMAKSYAN v. ARMENIA,13,violation,1.0,True,0,5,"[1, 1, 1, 1, 1]",001-228118,ARMENIA,,2023-10-17,3
CASE OF HALET v. LUXEMBOURG,10,violation,1.0,True,0,5,"[1, 1, 1, 1, 1]",001-223259,LUXEMBOURG,,2023-02-14,1
CASE OF X AND OTHERS v. IRELAND,14,no_violation,5.0,True,0,5,"[5, 5, 5, 5, 5]",001-225329,IRELAND,,2023-06-22,3
CASE OF HUMPERT AND OTHERS v. GERMANY,11,no_violation,5.0,True,0,5,"[5, 5, 5, 5, 5]",001-229726,GERMANY,,2023-12-14,1
CASE OF MAMASAKHLISI AND OTHERS v. GEORGIA AND RUSSIA,3,violation,1.0,True,0,5,"[1, 1, 1, 1, 1]",001-223361,GEORGIA AND RUSSIA,,2023-03-07,3
CASE OF EFGAN ÇETİN AND OTHERS v. TÜRKİYE,6,violation,1.0,True,0,5,"[1, 1, 1, 1, 1]",001-227718,TURKEY,,2023-10-03,3
CASE OF KARANTALIS v. GREECE,6,violation,1.0,True,0,5,"[1, 1, 1, 1, 1]",001-222775,GREECE,,2023-01-31,4
CASE OF GEORGIOU v. GREECE,6,violation,1.0,True,0,5,"[1, 1, 1, 1, 1]",001-223435,GREECE,,2023-03-14,3
CASE OF SHIPS WASTE OIL COLLECTOR B.V. v. THE NETHERLANDS,8,no_violation,3.4,True,0,5,"[1, 5, 1, 5, 5]",001-224732,NETHERLANDS,,2023-05-16,3
CASE OF TEPLJAKOV v. ESTONIA,8,violation,1.0,True,0,5,"[1, 1, 1, 1, 1]",001-229134,ESTONIA,,2023-11-28,4
CASE OF BELTSIOS v. GREECE,5,violation,1.0,True,0,5,"[1, 1, 1, 1, 1]",001-229125,GREECE,,2023-11-28,4
CASE OF Y v. FRANCE,8,no_violation,4.4,True,0,5,"[5, 5, 4, 4, 4]",001-223027,FRANCE,,2023-01-31,1
CASE OF GRIMA AND OTHERS v. MALTA,13,violation,1.0,True,0,5,"[1, 1, 1, 1, 1]",001-228857,MALTA,,2023-11-14,4
CASE OF ZAMMIT AND BUSUTTIL v. MALTA,P1-1,violation,1.0,True,0,5,"[1, 1, 1, 1, 1]",001-226474,MALTA,,2023-09-12,4
CASE OF BELLOTTO AND OTHERS  v. ITALY,P1-1,no_violation,1.0,False,0,5,"[1, 1, 1, 1, 1]",001-228840,ITALY,,2023-11-16,4
CASE OF ROZHNOV AND OTHERS v. UKRAINE,13,violation,1.0,True,0,5,"[1, 1, 1, 1, 1]",001-225900,UKRAINE,,2023-07-20,4
CASE OF PAVLOV AND OTHERS v. UKRAINE,3,violation,1.0,True,0,5,"[1, 1, 1, 1, 1]",001-224581,UKRAINE,,2023-05-11,4
CASE OF PLESHKOV AND PLESHKOVA v. UKRAINE,8,violation,1.0,True,0,5,"[1, 1, 1, 1, 1]",001-223379,UKRAINE,,2023-03-09,4
CASE OF CAMARA v. BELGIUM,6,violation,1.0,True,0,5,"[1, 1, 1, 1, 1]",001-226093,BELGIUM,,2023-07-18,3
CASE OF DERKACH v. UKRAINE,5,violation,1.0,True,0,5,"[1, 1, 1, 1, 1]",001-222917,UKRAINE,,2023-02-09,4
CASE OF SHARASHKIN AND OTHERS v. RUSSIA,6,violation,1.0,True,0,5,"[1, 1, 1, 1, 1]",001-224576,RUSSIA,,2023-05-11,4
CASE OF LANG v. UKRAINE,3,no_violation,1.8,False,0,5,"[1, 1, 1, 5, 1]",001-228683,UKRAINE,,2023-11-09,4
CASE OF EL-ASMAR v. DENMARK,3,violation,3.0,False,0,5,"[1, 4, 2, 4, 4]",001-227719,DENMARK,,2023-10-03,3
CASE OF SEMENYA v. SWITZERLAND,14,violation,1.8,True,0,5,"[1, 1, 5, 1, 1]",001-226011,SWITZERLAND,,2023-07-11,3
CASE OF E.K. v. LATVIA,8,violation,2.4,True,0,5,"[4, 1, 4, 1, 2]",001-224091,LATVIA,,2023-04-13,3
CASE OF ZAGHINI v. SAN MARINO,P1-1,no_violation,5.0,True,0,5,"[5, 5, 5, 5, 5]",001-224580,SAN MARINO,,2023-05-11,3
CASE OF GOLOVIN v. UKRAINE,6,violation,1.0,True,0,5,"[1, 1, 1, 1, 1]",001-225772,UKRAINE,,2023-07-13,4
CASE OF NEZDYMOVSKYY v. UKRAINE,13,violation,1.0,True,0,5,"[1, 1, 1, 1, 1]",001-227753,UKRAINE,,2023-10-05,4
CASE OF IRODOTOU v. CYPRUS,13,violation,1.0,True,0,5,"[1, 1, 1, 1, 1]",001-224776,CYPRUS,,2023-05-23,4
CASE OF LAGOSHENKO AND OTHERS v. UKRAINE,6,violation,1.0,True,0,5,"[1, 1, 1, 1, 1]",001-225678,UKRAINE,,2023-07-06,4
CASE OF V v. THE CZECH REPUBLIC,2,violation,1.0,True,0,5,"[1, 1, 1, 1, 1]",001-229325,CZECH REPUBLIC,,2023-12-07,3
CASE OF UGULAVA v. GEORGIA,5,no_violation,1.0,False,0,5,"[1, 1, 1, 1, 1]",001-222898,GEORGIA,,2023-02-09,4
CASE OF B.F. AND OTHERS v. SWITZERLAND,8,violation,1.0,True,0,5,"[1, 1, 1, 1, 1]",001-225652,SWITZERLAND,,2023-07-04,1
CASE OF LOCASCIA AND OTHERS v. ITALY,41,violation,5.0,False,0,5,"[5, 5, 5, 5, 5]",001-228155,ITALY,,2023-10-19,3
CASE OF LYAPCHEV AND OTHERS v. BULGARIA,P1-1,violation,1.0,True,0,5,"[1, 1, 1, 1, 1]",001-223278,BULGARIA,,2023-03-02,4
CASE OF O.J. AND J.O. v. GEORGIA AND RUSSIA,5,violation,1.0,True,0,5,"[1, 1, 1, 1, 1]",001-229601,GEORGIA AND RUSSIA,,2023-12-19,3
CASE OF BURANDO HOLDING B.V. AND PORT INVEST v. THE NETHERLANDS,8,no_violation,4.2,True,0,5,"[1, 5, 5, 5, 5]",001-224734,NETHERLANDS,,2023-05-16,3
CASE OF SHOLOMYTSKYY AND OTHERS v. UKRAINE,5,violation,1.0,True,0,5,"[1, 1, 1, 1, 1]",001-229141,UKRAINE,,2023-11-30,4
CASE OF J.A. AND OTHERS v. ITALY,P4-4,violation,1.0,True,0,5,"[1, 1, 1, 1, 1]",001-223716,ITALY,,2023-03-30,3
CASE OF INTERNATIONAL RESEARCH AND EXCHANGE BOARD v. AZERBAIJAN,P1-1,violation,1.0,True,0,5,"[1, 1, 1, 1, 1]",001-223284,AZERBAIJAN,,2023-03-02,4
CASE OF O.J. AND J.O. v. GEORGIA AND RUSSIA,6,violation,1.0,True,0,5,"[1, 1, 1, 1, 1]",001-229601,GEORGIA AND RUSSIA,,2023-12-19,3
CASE OF Z.A. v. IRELAND,8,no_violation,5.0,True,0,5,"[5, 5, 5, 5, 5]",001-223380,IRELAND,,2023-03-09,4
CASE OF NIKOLAEV AND OTHERS v. BULGARIA,P1-1,violation,1.0,True,0,5,"[1, 1, 1, 1, 1]",001-222134,BULGARIA,,2023-01-12,4
CASE OF AL-MASUDI v. DENMARK,8,no_violation,4.8,True,0,5,"[4, 5, 5, 5, 5]",001-226195,DENMARK,,2023-09-05,4
CASE OF OVCHARENKO AND KOLOS v. UKRAINE,41,violation,5.0,False,0,5,"[5, 5, 5, 5, 5]",001-222138,UKRAINE,,2023-01-12,3
CASE OF MAMASAKHLISI AND OTHERS v. GEORGIA AND RUSSIA,6,violation,1.0,True,0,5,"[1, 1, 1, 1, 1]",001-223361,GEORGIA AND RUSSIA,,2023-03-07,3
CASE OF J&C PROPERTIES LIMITED v. MALTA,P1-1,violation,1.0,True,0,5,"[1, 1, 1, 1, 1]",001-228861,MALTA,,2023-11-14,4
CASE OF GALLO v. ITALY,P1-1,violation,1.0,True,0,5,"[1, 1, 1, 1, 1]",001-222894,ITALY,,2023-02-09,4
CASE OF BILD GMBH & CO. KG v. GERMANY,10,violation,1.0,True,0,5,"[1, 1, 1, 1, 1]",001-228530,GERMANY,,2023-10-31,3
CASE OF METALLA v. ALBANIA,8,violation,5.0,False,0,5,"[5, 5, 5, 5, 5]",001-249964,ALBANIA,,2026-05-05,4
CASE OF VASHCHENKO AND TRETYAK v. UKRAINE,P1-1,violation,1.0,True,0,5,"[1, 1, 1, 1, 1]",001-248957,UKRAINE,,2026-03-12,4
CASE OF HAKOBYAN v. ARMENIA,6,violation,1.0,True,0,5,"[1, 1, 1, 1, 1]",001-249345,ARMENIA,,2026-04-02,4
CASE OF PETRYK v. UKRAINE,2,violation,1.0,True,0,5,"[1, 1, 1, 1, 1]",001-248960,UKRAINE,,2026-03-12,4
CASE OF PETKANYCH AND OTHERS v. UKRAINE,2,violation,1.0,True,0,5,"[1, 1, 1, 1, 1]",001-248396,UKRAINE,,2026-02-12,4
CASE OF MAKARUK AND OTHERS v. UKRAINE,2,violation,3.0,False,5,5,"[3, 3, 3, 3, 3]",001-248128,UKRAINE,,2026-01-22,4
CASE OF SOBCZYŃSKA AND OTHERS v. POLAND,6,violation,3.4,False,0,5,"[1, 1, 5, 5, 5]",001-250111,POLAND,,2026-05-21,3
CASE OF SINKO AND OTHERS v. UKRAINE,2,violation,3.0,False,5,5,"[3, 3, 3, 3, 3]",001-249583,UKRAINE,,2026-04-16,4
CASE OF TARANENKO AND OTHERS v. UKRAINE,6,violation,5.0,False,0,5,"[5, 5, 5, 5, 5]",001-248979,UKRAINE,,2026-03-12,4
CASE OF SHAYKIN AND OTHERS v. UKRAINE,3,violation,1.0,True,0,5,"[1, 1, 1, 1, 1]",001-250035,UKRAINE,,2026-05-13,4
CASE OF SHABRATSKYY AND SHABRATSKA v. UKRAINE,2,violation,1.0,True,0,5,"[1, 1, 1, 1, 1]",001-249236,UKRAINE,,2026-03-26,4
CASE OF OSTROVSKYY AND OTHERS v. UKRAINE,13,violation,1.0,True,0,5,"[1, 1, 1, 1, 1]",001-247651,UKRAINE,,2026-01-08,4
CASE OF EPIDAVR S.R.L. v. THE REPUBLIC OF MOLDOVA,8,violation,1.0,True,0,5,"[1, 1, 1, 1, 1]",001-249380,MOLDOVA,,2026-04-02,4
CASE OF VILLÁS v. HUNGARY,6,violation,1.0,True,0,5,"[1, 1, 1, 1, 1]",001-249134,HUNGARY,,2026-03-17,4
CASE OF UKRAYINSKYY AND OTHERS v. UKRAINE,34,violation,1.0,True,0,5,"[1, 1, 1, 1, 1]",001-249370,UKRAINE,,2026-04-02,3
CASE OF VANESYAN AND OTHERS v. ARMENIA,5,violation,1.0,True,0,5,"[1, 1, 1, 1, 1]",001-248682,ARMENIA,,2026-02-26,4
CASE OF DZYON v. UKRAINE,2,violation,1.0,True,0,5,"[1, 1, 1, 1, 1]",001-248397,UKRAINE,,2026-02-12,4
CASE OF D.M. v. SWEDEN,3,violation,1.0,True,0,5,"[1, 1, 1, 1, 1]",001-249223,SWEDEN,,2026-03-26,3
CASE OF SELIMYAN AND OTHERS v. ARMENIA,5,violation,3.0,False,5,5,"[3, 3, 3, 3, 3]",001-249581,ARMENIA,,2026-04-16,4
CASE OF F.B. AND OTHERS v. THE NETHERLANDS,3,no_violation,4.6,True,0,5,"[5, 4, 5, 5, 4]",001-249691,NETHERLANDS,,2026-04-21,3
CASE OF SELAMI v. GREECE,6,violation,1.0,True,0,5,"[1, 1, 1, 1, 1]",001-248392,GREECE,,2026-02-10,4
CASE OF DAMIAN v. THE REPUBLIC OF MOLDOVA,P1-1,violation,1.0,True,0,5,"[1, 1, 1, 1, 1]",001-248201,MOLDOVA,,2026-02-05,4
CASE OF SHKUROPATSKYY AND OTHERS v. UKRAINE,13,violation,1.0,True,0,5,"[1, 1, 1, 1, 1]",001-249586,UKRAINE,,2026-04-16,4
CASE OF KYRYK AND GONCHAR v. UKRAINE,2,violation,3.6,False,2,5,"[4, 4, 4, 3, 3]",001-249587,UKRAINE,,2026-04-16,4
CASE OF R.E. AND OTHERS v. ICELAND,3,no_violation,4.6,True,0,5,"[5, 5, 5, 4, 4]",001-247827,ICELAND,,2026-01-13,3
CASE OF LEOCÁDIO DE LEMOS v. PORTUGAL,5,violation,1.0,True,0,5,"[1, 1, 1, 1, 1]",001-250112,PORTUGAL,,2026-05-19,4
CASE OF A.N. AND OTHERS v. GREECE,3,violation,1.0,True,0,5,"[1, 1, 1, 1, 1]",001-247913,GREECE,,2026-01-22,4
CASE OF GAVRYSH AND KOSYNETS v. UKRAINE,13,violation,1.0,True,0,5,"[1, 1, 1, 1, 1]",001-248167,UKRAINE,,2026-01-22,4
CASE OF GAHRAMAN v. AZERBAIJAN,6,violation,1.0,True,0,5,"[1, 1, 1, 1, 1]",001-247822,AZERBAIJAN,,2026-01-13,4
CASE OF BORZENKOV AND OTHERS v. RUSSIA,11,violation,5.0,False,0,5,"[5, 5, 5, 5, 5]",001-249251,RUSSIA,,2026-03-26,4
CASE OF LUKASHUK v. UKRAINE,3,violation,5.0,False,0,5,"[5, 5, 5, 5, 5]",001-248220,UKRAINE,,2026-01-22,4
CASE OF Z v. ICELAND,8,violation,1.0,True,0,5,"[1, 1, 1, 1, 1]",001-247833,ICELAND,,2026-01-13,3
CASE OF ZUBCO AND OTHERS v. THE REPUBLIC OF MOLDOVA AND RUSSIA,10,violation,1.0,True,0,5,"[1, 1, 1, 1, 1]",001-248594,REPUBLIC OF MOLDOVA AND RUSSIA,,2026-02-19,4
CASE OF REMEZ v. UKRAINE,3,violation,1.0,True,0,5,"[1, 1, 1, 1, 1]",001-248961,UKRAINE,,2026-03-12,4
CASE OF ZUBCO AND OTHERS v. THE REPUBLIC OF MOLDOVA AND RUSSIA,3,violation,3.6,False,3,5,"[5, 4, 3, 3, 3]",001-248594,REPUBLIC OF MOLDOVA AND RUSSIA,,2026-02-19,4
CASE OF K.A. v. AUSTRIA,5,no_violation,4.2,True,0,5,"[4, 4, 4, 4, 5]",001-250107,AUSTRIA,,2026-05-19,3
CASE OF MARTYNOVSKIY v. UKRAINE,6,violation,1.0,True,0,5,"[1, 1, 1, 1, 1]",001-248395,UKRAINE,,2026-02-12,4
CASE OF GATSKO AND PANOV v. UKRAINE,11,violation,1.0,True,0,5,"[1, 1, 1, 1, 1]",001-248953,UKRAINE,,2026-03-12,4
CASE OF SIMONCINI v. SAN MARINO,8,violation,5.0,False,0,5,"[5, 5, 5, 5, 5]",001-248598,SAN MARINO,,2026-02-19,3
CASE OF KHOMAN v. UKRAINE,2,violation,1.0,True,0,5,"[1, 1, 1, 1, 1]",001-249527,UKRAINE,,2026-04-09,4
CASE OF FELEMEZ AND OTHERS v. TÜRKİYE,6,violation,1.0,True,0,5,"[1, 1, 1, 1, 1]",001-247917,TURKEY,,2026-01-22,4
CASE OF LEVCHENKO v. UKRAINE,P1-1,violation,1.0,True,0,5,"[1, 1, 1, 1, 1]",001-249810,UKRAINE,,2026-04-30,4
CASE OF KOVALEVSKYY v. UKRAINE,5,violation,3.0,False,5,5,"[3, 3, 3, 3, 3]",001-250034,UKRAINE,,2026-05-13,4
CASE OF STALOVIĆ v. SERBIA,3,violation,1.0,True,0,5,"[1, 1, 1, 1, 1]",001-248592,SERBIA,,2026-02-17,4
CASE OF KIS AND LEVCHUK v. UKRAINE,14,violation,1.0,True,0,5,"[1, 1, 1, 1, 1]",001-249525,UKRAINE,,2026-04-09,4
CASE OF MUSINA AND OTHERS v. UKRAINE,2,violation,1.0,True,0,5,"[1, 1, 1, 1, 1]",001-249234,UKRAINE,,2026-03-26,4
CASE OF SIMONCINI v. SAN MARINO,6,violation,1.8,True,0,5,"[1, 1, 1, 1, 5]",001-249530,SAN MARINO,,2026-04-09,4
CASE OF VYKHOR v. UKRAINE,8,violation,1.0,True,0,5,"[1, 1, 1, 1, 1]",001-247909,UKRAINE,,2026-01-22,4
CASE OF R.E. AND OTHERS v. ICELAND,14,no_violation,5.0,True,0,5,"[5, 5, 5, 5, 5]",001-247827,ICELAND,,2026-01-13,3
CASE OF BEGIĆ v. BOSNIA AND HERZEGOVINA,41,violation,5.0,False,0,5,"[5, 5, 5, 5, 5]",001-248636,BOSNIA AND HERZEGOVINA,,2026-02-03,3
CASE OF NOVÁK v. THE CZECH REPUBLIC,8,violation,4.0,False,0,5,"[5, 4, 4, 5, 2]",001-249531,CZECH REPUBLIC,,2026-04-09,3
CASE OF MOGYLA AND OTHERS v. UKRAINE,6,violation,3.0,False,5,5,"[3, 3, 3, 3, 3]",001-248687,UKRAINE,,2026-02-26,4
CASE OF ROMANI AND CANCELLI v. ITALY,2,violation,1.0,True,0,5,"[1, 1, 1, 1, 1]",001-249970,ITALY,,2026-05-07,4
CASE OF USATYUK v. UKRAINE,5,violation,3.0,False,5,5,"[3, 3, 3, 3, 3]",001-250036,UKRAINE,,2026-05-13,4
CASE OF ISMAYILOVA v. AZERBAIJAN,P4-2,violation,1.0,True,0,5,"[1, 1, 1, 1, 1]",001-249515,AZERBAIJAN,,2026-04-07,4
CASE OF GAZIN v. UKRAINE,8,violation,1.0,True,0,5,"[1, 1, 1, 1, 1]",001-248854,UKRAINE,,2026-03-05,4
CASE OF NIKITIN v. ESTONIA,8,violation,5.0,False,0,5,"[5, 5, 5, 5, 5]",001-248198,ESTONIA,,2026-02-03,4
CASE OF GAZSÓ v. HUNGARY,6,violation,1.0,True,0,5,"[1, 1, 1, 1, 1]",001-156080,HUNGARY,,2015-07-16,3
CASE OF MICLEA v. ROMANIA,3,violation,1.0,True,0,5,"[1, 1, 1, 1, 1]",001-157761,ROMANIA,,2015-10-13,4
"CASE OF PSMA, SPOL. S R.O. v. SLOVAKIA",6,violation,1.0,True,0,5,"[1, 1, 1, 1, 1]",001-155102,SLOVAKIA,,2015-06-09,4
CASE OF KOVÁROVÁ v. SLOVAKIA,6,violation,1.0,True,0,5,"[1, 1, 1, 1, 1]",001-155374,SLOVAKIA,,2015-06-23,4
CASE OF K.F. v. CYPRUS,P4-4,no_violation,5.0,True,0,5,"[5, 5, 5, 5, 5]",001-156263,CYPRUS,,2015-07-21,3
AFFAIRE SANTOS SILVA c. PORTUGAL,6,violation,1.0,True,0,5,"[1, 1, 1, 1, 1]",001-154354,PORTUGAL,,2015-04-30,4
CASE OF PENTIKÄINEN v. FINLAND,10,no_violation,5.0,True,0,5,"[5, 5, 5, 5, 5]",001-158279,FINLAND,,2015-10-20,1
CASE OF LUNEV v. UKRAINE,34,no_violation,1.0,False,0,5,"[1, 1, 1, 1, 1]",001-157967,UKRAINE,,2015-10-22,4
"CASE OF ANDONOVSKI v. ""THE FORMER YUGOSLAV REPUBLIC OF MACEDONIA""",3,violation,1.0,True,0,5,"[1, 1, 1, 1, 1]",001-156248,NORTH MACEDONIA,,2015-07-23,3
CASE OF A.K. v. LIECHTENSTEIN,6,violation,1.0,True,0,5,"[1, 1, 1, 1, 1]",001-155824,LIECHTENSTEIN,,2015-07-09,3
CASE OF G.S.B. v. SWITZERLAND,14,no_violation,5.0,True,0,5,"[5, 5, 5, 5, 5]",001-159732,SWITZERLAND,,2015-12-22,3
CASE OF LAMBERT AND OTHERS v. FRANCE,2,no_violation,5.0,True,0,5,"[5, 5, 5, 5, 5]",001-155352,FRANCE,,2015-06-05,1
CASE OF YEGOROV v. SLOVAKIA,5,violation,1.0,True,0,5,"[1, 1, 1, 1, 1]",001-155006,SLOVAKIA,,2015-06-02,4
CASE OF MILIĆ AND NIKEZIĆ v. MONTENEGRO,3,violation,1.0,True,0,5,"[1, 1, 1, 1, 1]",001-154149,MONTENEGRO,,2015-04-28,4
CASE OF A.V. v. UKRAINE,3,no_violation,1.8,False,0,5,"[2, 1, 1, 4, 1]",001-150653,UKRAINE,,2015-01-29,4
CASE OF IUSTIN ROBERTINO MICU v. ROMANIA,3,violation,4.8,False,0,5,"[5, 5, 5, 5, 4]",001-150217,ROMANIA,,2015-01-13,3
CASE OF M.N. AND OTHERS v. SAN MARINO,8,violation,1.0,True,0,5,"[1, 1, 1, 1, 1]",001-155819,SAN MARINO,,2015-07-07,2
CASE OF NIKOLIĆ v. CROATIA,2,no_violation,4.2,True,0,5,"[4, 4, 4, 5, 4]",001-150676,CROATIA,,2015-01-29,4
CASE OF MILENKOVIĆ AND VELJKOVIĆ v. SERBIA,6,violation,1.0,True,0,5,"[1, 1, 1, 1, 1]",001-158037,SERBIA,,2015-10-20,4
AFFAIRE SANTOS SILVA c. PORTUGAL,13,violation,1.8,True,0,5,"[5, 1, 1, 1, 1]",001-154354,PORTUGAL,,2015-04-30,4
CASE OF PRILUTSKIY v. UKRAINE,2,no_violation,1.2,False,0,5,"[1, 1, 1, 1, 2]",001-152597,UKRAINE,,2015-02-26,4
CASE OF RINAS v. FINLAND,P7-4,violation,1.0,True,0,5,"[1, 1, 1, 1, 1]",001-150668,FINLAND,,2015-01-27,4
CASE OF QING v. PORTUGAL,14,no_violation,2.8,False,0,5,"[4, 4, 1, 4, 1]",001-158504,PORTUGAL,,2015-11-05,3
CASE OF ALVES v. PORTUGAL,6,violation,4.0,False,0,5,"[4, 4, 4, 4, 4]",001-154344,PORTUGAL,,2015-04-30,4
CASE OF TEMCHENKO v. UKRAINE,34,no_violation,4.8,True,0,5,"[5, 4, 5, 5, 5]",001-156073,UKRAINE,,2015-07-16,4
CASE OF GAZSÓ v. HUNGARY,13,violation,1.0,True,0,5,"[1, 1, 1, 1, 1]",001-156080,HUNGARY,,2015-07-16,3
CASE OF VAMVAKAS v. GREECE (No. 2),6,violation,1.0,True,0,5,"[1, 1, 1, 1, 1]",001-153910,GREECE,,2015-04-09,3
CASE OF METALLA AND OTHERS v. ALBANIA,6,violation,1.0,True,0,5,"[1, 1, 1, 1, 1]",001-156069,ALBANIA,,2015-07-16,4
CASE OF KOROŠEC v. SLOVENIA,6,violation,1.0,True,0,5,"[1, 1, 1, 1, 1]",001-157538,SLOVENIA,,2015-10-08,4
CASE OF KRISTIANSEN v. NORWAY,6,violation,1.0,True,0,5,"[1, 1, 1, 1, 1]",001-159211,NORWAY,,2015-12-17,3
CASE OF MYUMYUN v. BULGARIA,3,violation,1.0,True,0,5,"[1, 1, 1, 1, 1]",001-158472,BULGARIA,,2015-11-03,3
CASE OF KIIVERI v. FINLAND,P7-4,violation,1.0,True,0,5,"[1, 1, 1, 1, 1]",001-151000,FINLAND,,2015-02-10,3
CASE OF NALBANDYAN v. ARMENIA,3,violation,1.0,True,0,5,"[1, 1, 1, 1, 1]",001-153349,ARMENIA,,2015-03-31,4
CASE OF TATAR v. SWITZERLAND,2,no_violation,5.0,True,0,5,"[5, 5, 5, 5, 5]",001-153770,SWITZERLAND,,2015-04-14,3
CASE OF A.T. v. LUXEMBOURG,6,violation,1.0,True,0,5,"[1, 1, 1, 1, 1]",001-153960,LUXEMBOURG,,2015-04-09,3
CASE OF A.K. v. LIECHTENSTEIN,41,violation,5.0,False,0,5,"[5, 5, 5, 5, 5]",001-155824,LIECHTENSTEIN,,2015-07-09,3
CASE OF BERLAND v. FRANCE,7,no_violation,5.0,True,0,5,"[5, 5, 5, 5, 5]",001-157286,FRANCE,,2015-09-03,3
CASE OF ELBERTE v. LATVIA,3,violation,1.0,True,0,5,"[1, 1, 1, 1, 1]",001-150234,LATVIA,,2015-01-13,1
CASE OF SATAKUNNAN MARKKINAPORSSI OY AND SATAMEDIA OY v. FINLAND,6,violation,2.0,True,0,5,"[2, 2, 2, 2, 2]",001-156272,FINLAND,,2015-07-21,3
CASE OF GASIMLI AND OTHERS v. AZERBAIJAN,P1-3,violation,1.0,True,0,5,"[1, 1, 1, 1, 1]",001-159375,AZERBAIJAN,,2015-12-17,4
CASE OF BLESA RODRÍGUEZ v. SPAIN,6,violation,1.0,True,0,5,"[1, 1, 1, 1, 1]",001-158950,SPAIN,,2015-12-01,4
CASE OF FURMAN v. SLOVENIA AND AUSTRIA,8,violation,1.0,True,0,5,"[1, 1, 1, 1, 1]",001-150788,SLOVENIA AND AUSTRIA,,2015-02-05,4
CASE OF CARAIAN v. ROMANIA,6,violation,1.0,True,0,5,"[1, 1, 1, 1, 1]",001-155357,ROMANIA,,2015-06-23,4
CASE OF TOLMACHEV v. ESTONIA,6,violation,5.0,False,0,5,"[5, 5, 5, 5, 5]",001-155827,ESTONIA,,2015-07-09,4
CASE OF OLIARI AND OTHERS v. ITALY,8,violation,1.0,True,0,5,"[1, 1, 1, 1, 1]",001-156265,ITALY,,2015-07-21,3
CASE OF ROHLENA v. THE CZECH REPUBLIC,7,no_violation,5.0,True,0,5,"[5, 5, 5, 5, 5]",001-151051,CZECH REPUBLIC,,2015-01-27,1
CASE OF LHERMITTE v. BELGIUM,6,no_violation,4.2,True,0,5,"[5, 5, 5, 1, 5]",001-155082,BELGIUM,,2015-05-26,3
CASE OF FERREIRA ALVES v. PORTUGAL,13,violation,1.0,True,0,5,"[1, 1, 1, 1, 1]",001-154347,PORTUGAL,,2015-04-30,4
CASE OF LJAJIĆ v. SERBIA,P1-1,violation,1.0,True,0,5,"[1, 1, 1, 1, 1]",001-156274,SERBIA,,2015-07-21,4
CASE OF MEIMANIS v. LATVIA,13,no_violation,5.0,True,0,5,"[5, 5, 5, 5, 5]",001-156267,LATVIA,,2015-07-21,3
CASE OF KAGIROV v. RUSSIA,38,no_violation,1.0,False,0,5,"[1, 1, 1, 1, 1]",001-153906,RUSSIA,,2015-04-23,4
CASE OF BUJKOVIĆ v. MONTENEGRO,6,violation,1.0,True,0,5,"[1, 1, 1, 1, 1]",001-152780,MONTENEGRO,,2015-03-10,4
CASE OF ŠABLIJ v. SLOVAKIA,5,violation,1.0,True,0,5,"[1, 1, 1, 1, 1]",001-154151,SLOVAKIA,,2015-04-28,4
CASE OF BOUYID v. BELGIUM,3,violation,1.0,True,0,5,"[1, 1, 1, 1, 1]",001-157670,BELGIUM,,2015-09-28,1
CASE OF NASSR ALLAH v. LATVIA,5,no_violation,1.0,False,0,5,"[1, 1, 1, 1, 1]",001-156275,LATVIA,,2015-07-21,4
CASE OF VROUNTOU v. CYPRUS,13,violation,1.0,True,0,5,"[1, 1, 1, 1, 1]",001-158090,CYPRUS,,2015-10-13,3
CASE OF JOVIČIĆ AND OTHERS v. SERBIA,P1-1,violation,4.2,False,0,5,"[1, 5, 5, 5, 5]",001-150239,SERBIA,,2015-01-13,4
CASE OF M.S. v. CROATIA (No. 2),5,violation,1.0,True,0,5,"[1, 1, 1, 1, 1]",001-152259,CROATIA,,2015-02-19,3
CASE OF V.M. AND OTHERS v. BELGIUM,2,no_violation,5.0,True,0,5,"[5, 5, 5, 5, 5]",001-156243,BELGIUM,,2015-07-07,3
CASE OF VOLOVOD v. UKRAINE,2,no_violation,1.0,False,0,5,"[1, 1, 1, 1, 1]",001-154527,UKRAINE,,2015-05-21,4
CASE OF MASLÁK AND OTHERS v. SLOVAKIA,5,violation,1.0,True,0,5,"[1, 1, 1, 1, 1]",001-156076,SLOVAKIA,,2015-07-16,4
CASE OF BEKERMAN v. LIECHTENSTEIN,6,violation,4.2,False,0,5,"[4, 4, 4, 5, 4]",001-156520,LIECHTENSTEIN,,2015-09-03,4
CASE OF SATAKUNNAN MARKKINAPORSSI OY AND SATAMEDIA OY v. FINLAND,10,no_violation,5.0,True,0,5,"[5, 5, 5, 5, 5]",001-156272,FINLAND,,2015-07-21,3
CASE OF CATALINA FILIP v. ROMANIA,2,violation,1.0,True,0,5,"[1, 1, 1, 1, 1]",001-153919,ROMANIA,,2015-04-21,4
CASE OF BOTEZATU v. THE REPUBLIC OF MOLDOVA,P1-1,violation,1.0,True,0,5,"[1, 1, 1, 1, 1]",001-153767,MOLDOVA,,2015-04-14,3
CASE OF VÉKONY v. HUNGARY,P1-1,violation,1.0,True,0,5,"[1, 1, 1, 1, 1]",001-149201,HUNGARY,,2015-01-13,3
CASE OF BIMURADOVA v. RUSSIA,3,no_violation,1.0,False,0,5,"[1, 1, 1, 1, 1]",001-158494,RUSSIA,,2015-11-12,4
CASE OF M.A. v. AUSTRIA,8,violation,1.0,True,0,5,"[1, 1, 1, 1, 1]",001-150704,AUSTRIA,,2015-01-15,3
CASE OF R.B.A.B. AND OTHERS v. THE NETHERLANDS,3,no_violation,5.0,True,0,5,"[5, 5, 5, 5, 5]",001-163451,NETHERLANDS,,2016-06-07,4
CASE OF RUBAN v. UKRAINE,7,no_violation,5.0,True,0,5,"[5, 5, 5, 5, 5]",001-165250,UKRAINE,,2016-07-12,3
CASE OF MANUCHARYAN v. ARMENIA,6,violation,1.0,True,0,5,"[1, 1, 1, 1, 1]",001-168860,ARMENIA,,2016-11-24,4
CASE OF KALDA v. ESTONIA,41,violation,5.0,False,0,5,"[5, 5, 5, 5, 5]",001-160270,ESTONIA,,2016-01-19,3
CASE OF EL GHATET v. SWITZERLAND,8,violation,4.2,False,0,5,"[5, 5, 5, 1, 5]",001-168377,SWITZERLAND,,2016-11-08,3
CASE OF HALIMI AND OTHERS v. ALBANIA,P1-1,violation,1.0,True,0,5,"[1, 1, 1, 1, 1]",001-161809,ALBANIA,,2016-04-07,4
CASE OF A.K. v. LIECHTENSTEIN (No. 2),6,violation,1.0,True,0,5,"[1, 1, 1, 1, 1]",001-160619,LIECHTENSTEIN,,2016-02-18,3
CASE OF AL-DULIMI AND MONTANA MANAGEMENT INC. v. SWITZERLAND,6,violation,1.0,True,0,5,"[1, 1, 1, 1, 1]",001-164515,SWITZERLAND,,2016-06-21,1
CASE OF MIKHNO v. UKRAINE,2,no_violation,1.0,False,0,5,"[1, 1, 1, 1, 1]",001-165755,UKRAINE,,2016-09-01,3
"CASE OF SULEJMANI v. ""THE FORMER YUGOSLAV REPUBLIC OF MACEDONIA""",P1-1,no_violation,2.4,False,0,5,"[1, 4, 5, 1, 1]",001-162217,NORTH MACEDONIA,,2016-04-28,4
CASE OF OTGON v. THE REPUBLIC OF MOLDOVA,8,violation,1.0,True,0,5,"[1, 1, 1, 1, 1]",001-167797,MOLDOVA,,2016-10-25,4
CASE OF MILOJEVIĆ AND OTHERS v. SERBIA,6,violation,1.0,True,0,5,"[1, 1, 1, 1, 1]",001-159880,SERBIA,,2016-01-12,4
CASE OF SVITLANA ATAMANYUK AND OTHERS v. UKRAINE,2,no_violation,1.0,False,0,5,"[1, 1, 1, 1, 1]",001-165750,UKRAINE,,2016-09-01,3
CASE OF NAKU v. LITHUANIA AND SWEDEN,6,violation,1.0,True,0,5,"[1, 1, 1, 1, 1]",001-168382,LITHUANIA AND SWEDEN,,2016-11-08,3
CASE OF ADAM v. SLOVAKIA,3,no_violation,1.0,False,0,5,"[1, 1, 1, 1, 1]",001-165230,SLOVAKIA,,2016-07-26,3
CASE OF ÖZÇELİK v. THE NETHERLANDS,5,violation,1.0,True,0,5,"[1, 1, 1, 1, 1]",001-164434,NETHERLANDS,,2016-06-28,3
CASE OF ŽEKONIENĖ v. LITHUANIA,5,no_violation,4.6,True,0,5,"[5, 5, 5, 4, 4]",001-164682,LITHUANIA,,2016-07-12,4
CASE OF MOOG v. GERMANY,8,no_violation,1.0,False,0,5,"[1, 1, 1, 1, 1]",001-166950,GERMANY,,2016-10-06,4
CASE OF GALAIDA AND COPOSCIU v. THE REPUBLIC OF MOLDOVA,3,violation,1.0,True,0,5,"[1, 1, 1, 1, 1]",001-168853,MOLDOVA,,2016-11-24,4
CASE OF SAGVOLDEN v. NORWAY,6,no_violation,1.0,False,0,5,"[1, 1, 1, 1, 1]",001-169957,NORWAY,,2016-12-20,4
CASE OF TCHANKOTADZE v. GEORGIA,6,violation,1.0,True,0,5,"[1, 1, 1, 1, 1]",001-163799,GEORGIA,,2016-06-21,3
CASE OF WENNER v. GERMANY,3,violation,1.0,True,0,5,"[1, 1, 1, 1, 1]",001-165758,GERMANY,,2016-09-01,2
CASE OF JOHANSEN v. GERMANY,6,no_violation,1.0,False,0,5,"[1, 1, 1, 1, 1]",001-166689,GERMANY,,2016-09-15,4
CASE OF QERIMI AND CANAJ v. ALBANIA,P1-1,violation,1.0,True,0,5,"[1, 1, 1, 1, 1]",001-163331,ALBANIA,,2016-09-08,4
CASE OF LINDSTRAND PARTNERS ADVOKATBYRÅ AB v. SWEDEN,13,violation,1.0,True,0,5,"[1, 1, 1, 1, 1]",001-169654,SWEDEN,,2016-12-20,4
CASE OF ABDI MAHAMUD v. MALTA,3,violation,1.0,True,0,5,"[1, 1, 1, 1, 1]",001-162424,MALTA,,2016-05-03,4
CASE OF SVYSTORUK v. UKRAINE,2,violation,1.0,True,0,5,"[1, 1, 1, 1, 1]",001-168864,UKRAINE,,2016-11-24,4
CASE OF MEIER v. SWITZERLAND,4,no_violation,5.0,True,0,5,"[5, 5, 5, 5, 5]",001-160800,SWITZERLAND,,2016-02-09,1
CASE OF KLEUTIN v. UKRAINE,3,no_violation,1.0,False,0,5,"[1, 1, 1, 1, 1]",001-163909,UKRAINE,,2016-06-23,4
CASE OF VUKOTA-BOJIC v. SWITZERLAND,6,no_violation,5.0,True,0,5,"[5, 5, 5, 5, 5]",001-167490,SWITZERLAND,,2016-10-18,3
CASE OF GEOTECH KANCEV GMBH v. GERMANY,P1-1,no_violation,5.0,True,0,5,"[5, 5, 5, 5, 5]",001-163356,GERMANY,,2016-06-02,3
CASE OF M.R.A. AND OTHERS v. THE NETHERLANDS,3,no_violation,5.0,True,0,5,"[5, 5, 5, 5, 5]",001-159882,NETHERLANDS,,2016-01-12,4
CASE OF COLLOREDO MANNSFELD v. THE CZECH REPUBLIC,6,violation,1.0,True,0,5,"[1, 1, 1, 1, 1]",001-169520,CZECH REPUBLIC,,2016-12-15,4
CASE OF BALAJEVS v. LATVIA,3,violation,2.0,True,2,5,"[3, 2, 3, 1, 1]",001-162214,LATVIA,,2016-04-28,4
CASE OF VAŠČENKOVS v. LATVIA,5,violation,1.0,True,0,5,"[1, 1, 1, 1, 1]",001-169521,LATVIA,,2016-12-15,4
CASE OF CUNHA MARTINS DA SILVA COUTO v. PORTUGAL,13,violation,1.0,True,0,5,"[1, 1, 1, 1, 1]",001-162179,PORTUGAL,,2016-04-26,4
CASE OF SAGVOLDEN v. NORWAY,8,no_violation,5.0,True,0,5,"[5, 5, 5, 5, 5]",001-169957,NORWAY,,2016-12-20,4
CASE OF MORARI v. THE REPUBLIC OF MOLDOVA,6,violation,1.0,True,0,5,"[1, 1, 1, 1, 1]",001-161369,MOLDOVA,,2016-03-08,4
CASE OF TOPALLAJ v. ALBANIA,13,violation,1.0,True,0,5,"[1, 1, 1, 1, 1]",001-162114,ALBANIA,,2016-04-21,3
CASE OF B.A.C. v. GREECE [Extracts],13,violation,1.0,True,0,5,"[1, 1, 1, 1, 1]",001-167806,GREECE,,2016-10-13,3
CASE OF SINDELY v. HUNGARY,6,violation,1.0,True,0,5,"[1, 1, 1, 1, 1]",001-159915,HUNGARY,,2016-01-12,4
CASE OF JOVANOVIĆ v. SERBIA,P1-1,violation,1.0,True,0,5,"[1, 1, 1, 1, 1]",001-164920,SERBIA,,2016-07-19,4
CASE OF PUGŽLYS v. POLAND,3,violation,1.0,True,0,5,"[1, 1, 1, 1, 1]",001-163662,POLAND,,2016-06-14,4
CASE OF MIHHAILOV v. ESTONIA,3,violation,1.0,True,0,5,"[1, 1, 1, 1, 1]",001-165951,ESTONIA,,2016-08-30,4
CASE OF A.K. v. LIECHTENSTEIN (No. 2),13,violation,1.0,True,0,5,"[1, 1, 1, 1, 1]",001-160619,LIECHTENSTEIN,,2016-02-18,3
CASE OF PAPOSHVILI v. BELGIUM,3,violation,1.0,True,0,5,"[1, 1, 1, 1, 1]",001-169662,BELGIUM,,2016-12-13,1
CASE OF ARMANI DA SILVA v. THE UNITED KINGDOM,2,no_violation,5.0,True,0,5,"[5, 5, 5, 5, 5]",001-161975,UNITED KINGDOM,,2016-03-30,1
CASE OF ŠILOVIĆ v. SERBIA,6,violation,1.0,True,0,5,"[1, 1, 1, 1, 1]",001-168380,SERBIA,,2016-11-08,4
CASE OF GORYAYEVA v. UKRAINE,2,violation,1.0,True,0,5,"[1, 1, 1, 1, 1]",001-166954,UKRAINE,,2016-10-06,4
CASE OF KULYK v. UKRAINE,34,no_violation,2.4,False,0,5,"[1, 1, 4, 5, 1]",001-163911,UKRAINE,,2016-06-23,4
CASE OF SALIKHOVA AND MAGOMEDOVA v. RUSSIA,2,no_violation,1.0,False,0,5,"[1, 1, 1, 1, 1]",001-160223,RUSSIA,,2016-01-26,4
CASE OF SOUSA GOUCHA v. PORTUGAL,14,no_violation,5.0,True,0,5,"[5, 5, 5, 5, 5]",001-161527,PORTUGAL,,2016-03-22,3
CASE OF PETSCHULIES v. GERMANY,5,no_violation,5.0,True,0,5,"[5, 5, 5, 5, 5]",001-163358,GERMANY,,2016-06-02,3
CASE OF GUK v. UKRAINE,34,no_violation,3.6,True,0,5,"[2, 2, 4, 5, 5]",001-169210,UKRAINE,,2016-12-08,4
CASE OF KIRIL ZLATKOV NIKOLOV v. FRANCE,5,no_violation,1.0,False,0,5,"[1, 1, 1, 1, 1]",001-168816,FRANCE,,2016-11-10,3
CASE OF CANO MOYA v. SPAIN,41,violation,5.0,False,0,5,"[5, 5, 5, 5, 5]",001-167110,SPAIN,,2016-10-11,3
CASE OF M.R.A. AND OTHERS v. THE NETHERLANDS,13,no_violation,5.0,True,0,5,"[5, 5, 5, 5, 5]",001-159882,NETHERLANDS,,2016-01-12,4
CASE OF SETON v. THE UNITED KINGDOM,6,no_violation,5.0,True,0,5,"[5, 5, 5, 5, 5]",001-161738,UNITED KINGDOM,,2016-03-31,4
CASE OF HALIMI AND OTHERS v. ALBANIA,6,violation,1.0,True,0,5,"[1, 1, 1, 1, 1]",001-161809,ALBANIA,,2016-04-07,4
CASE OF GYULEVA v. BULGARIA,6,violation,1.0,True,0,5,"[1, 1, 1, 1, 1]",001-163438,BULGARIA,,2016-06-09,4
CASE OF MENÉNDEZ GARCÍA AND ÁLVAREZ GONZÁLEZ v. SPAIN,6,violation,1.0,True,0,5,"[1, 1, 1, 1, 1]",001-161381,SPAIN,,2016-03-15,4
CASE OF FÜRST-PFEIFER v. AUSTRIA,8,no_violation,5.0,True,0,5,"[5, 5, 5, 5, 5]",001-162864,AUSTRIA,,2016-05-17,3
CASE OF KRAHULEC v. SLOVAKIA,P1-1,violation,1.6,True,0,5,"[1, 1, 1, 1, 4]",001-164454,SLOVAKIA,,2016-07-05,4
CASE OF TUCHIN AND TUCHINA v. UKRAINE,2,violation,1.0,True,0,5,"[1, 1, 1, 1, 1]",001-163054,UKRAINE,,2016-05-26,4
CASE OF SOARES v. PORTUGAL,10,no_violation,3.4,True,0,5,"[1, 5, 5, 5, 1]",001-163822,PORTUGAL,,2016-06-21,4
CASE OF BĂRBULESCU v. ROMANIA,8,no_violation,1.0,False,0,5,"[1, 1, 1, 1, 1]",001-159906,ROMANIA,,2016-01-12,3
CASE OF NAIT-LIMAN v. SWITZERLAND,6,no_violation,5.0,True,0,5,"[5, 5, 5, 5, 5]",001-164470,SWITZERLAND,,2016-06-21,3
CASE OF E.S. v. ROMANIA AND BULGARIA,8,violation,1.2,True,0,5,"[1, 2, 1, 1, 1]",001-164917,ROMANIA AND BULGARIA,,2016-07-19,3
CASE OF JURIŠIĆ v. CROATIA (No. 2),8,no_violation,4.8,True,0,5,"[5, 4, 5, 5, 5]",001-218132,CROATIA,,2022-07-07,3
CASE OF NADDUR v. THE REPUBLIC OF MOLDOVA,6,violation,1.0,True,0,5,"[1, 1, 1, 1, 1]",001-221480,MOLDOVA,,2022-12-13,4
CASE OF A.L. AND OTHERS v. NORWAY,8,violation,3.4,False,0,5,"[4, 2, 2, 5, 4]",001-215177,NORWAY,,2022-01-20,3
CASE OF CHAKVETADZE v. GEORGIA,6,violation,1.0,True,0,5,"[1, 1, 1, 1, 1]",001-219220,GEORGIA,,2022-09-22,4
CASE OF VOOL AND TOOMIK v. ESTONIA,14,violation,1.0,True,0,5,"[1, 1, 1, 1, 1]",001-216464,ESTONIA,,2022-03-29,3
CASE OF DRELON v. FRANCE,8,violation,1.0,True,0,5,"[1, 1, 1, 1, 1]",001-219226,FRANCE,,2022-09-08,1
CASE OF GHERARDI MARTIRI v. SAN MARINO,6,violation,1.0,True,0,5,"[1, 1, 1, 1, 1]",001-221637,SAN MARINO,,2022-12-15,3
CASE OF THEO NATIONAL CONSTRUCT S.R.L. v. THE REPUBLIC OF MOLDOVA,P1-1,violation,1.0,True,0,5,"[1, 1, 1, 1, 1]",001-219641,MOLDOVA,,2022-10-11,3
CASE OF ALLELEH AND OTHERS v. NORWAY,8,no_violation,5.0,True,0,5,"[5, 5, 5, 5, 5]",001-218022,NORWAY,,2022-06-23,3
CASE OF HRNČIĆ v. CROATIA,3,violation,1.0,True,0,5,"[1, 1, 1, 1, 1]",001-219500,CROATIA,,2022-09-29,4
CASE OF VLASENKO v. UKRAINE,8,violation,1.0,True,0,5,"[1, 1, 1, 1, 1]",001-215350,UKRAINE,,2022-02-03,4
CASE OF ILYIN AND OTHERS v. UKRAINE,9,no_violation,5.0,True,0,5,"[5, 5, 5, 5, 5]",001-220890,UKRAINE,,2022-11-17,3
CASE OF MICKOVSKI v. NORTH MACEDONIA,P1-1,no_violation,5.0,True,0,5,"[5, 5, 5, 5, 5]",001-216349,NORTH MACEDONIA,,2022-03-24,4
CASE OF P.H. v. SLOVAKIA,2,violation,1.0,True,0,5,"[1, 1, 1, 1, 1]",001-219068,SLOVAKIA,,2022-09-08,3
CASE OF PERSPEKTYVNYY v. UKRAINE,3,violation,1.0,True,0,5,"[1, 1, 1, 1, 1]",001-219493,UKRAINE,,2022-10-06,4
CASE OF COMMUNAUTÉ GENEVOISE D'ACTION SYNDICALE (CGAS) v. SWITZERLAND,11,violation,5.0,False,0,5,"[5, 5, 5, 5, 5]",001-216463,SWITZERLAND,,2022-03-15,3
CASE OF COSOVAN v. THE REPUBLIC OF MOLDOVA,5,violation,1.0,True,0,5,"[1, 1, 1, 1, 1]",001-216352,MOLDOVA,,2022-03-22,3
CASE OF DE LEGÉ v. THE NETHERLANDS,6,no_violation,5.0,True,0,5,"[5, 5, 5, 5, 5]",001-219556,NETHERLANDS,,2022-10-04,1
CASE OF FOUTAS ARISTIDOU v. CYPRUS,6,violation,4.0,False,0,5,"[5, 4, 2, 5, 4]",001-217605,CYPRUS,,2022-06-07,4
CASE OF GERASYUTIN AND OTHERS v. UKRAINE,13,violation,1.0,True,0,5,"[1, 1, 1, 1, 1]",001-219293,UKRAINE,,2022-09-29,4
CASE OF KRYUK v. UKRAINE,5,violation,3.0,False,5,5,"[3, 3, 3, 3, 3]",001-219506,UKRAINE,,2022-09-29,4
CASE OF DAHMAN BENDHIMAN v. SPAIN,6,no_violation,1.2,False,0,5,"[1, 1, 1, 2, 1]",001-220887,SPAIN,,2022-11-15,3
CASE OF SUSLOV v. UKRAINE,34,violation,1.0,True,0,5,"[1, 1, 1, 1, 1]",001-219490,UKRAINE,,2022-10-06,4
CASE OF GHERARDI MARTIRI v. SAN MARINO,P1-1,no_violation,3.4,True,0,5,"[2, 5, 4, 4, 2]",001-221637,SAN MARINO,,2022-12-15,3
CASE OF LUKOŠIN v. LITHUANIA,3,violation,1.0,True,0,5,"[1, 1, 1, 1, 1]",001-215170,LITHUANIA,,2022-01-18,4
CASE OF ELMAZOVA AND OTHERS v. NORTH MACEDONIA,14,violation,1.0,True,0,5,"[1, 1, 1, 1, 1]",001-221503,NORTH MACEDONIA,,2022-12-13,3
CASE OF BJARKI H. DIEGO v. ICELAND,6,no_violation,1.0,False,0,5,"[1, 1, 1, 1, 1]",001-216184,ICELAND,,2022-03-15,3
"CASE OF FU QUAN, S.R.O. v. THE CZECH REPUBLIC",P1-1,violation,1.0,True,0,5,"[1, 1, 1, 1, 1]",001-216196,CZECH REPUBLIC,,2022-03-17,4
CASE OF E.M. AND OTHERS v. NORWAY,8,no_violation,5.0,True,0,5,"[5, 5, 5, 5, 5]",001-215176,NORWAY,,2022-01-20,3
CASE OF PEJŘILOVÁ v. THE CZECH REPUBLIC,8,no_violation,5.0,True,0,5,"[5, 5, 5, 5, 5]",001-221266,CZECH REPUBLIC,,2022-12-08,3
CASE OF BARTUS AND OTHERS v. HUNGARY,6,violation,1.0,True,0,5,"[1, 1, 1, 1, 1]",001-216535,HUNGARY,,2022-03-31,4
CASE OF FERHATOVIĆ v. SLOVENIA,P1-1,violation,1.0,True,0,5,"[1, 1, 1, 1, 1]",001-218131,SLOVENIA,,2022-07-07,3
CASE OF MARCINKEVIČIUS v. LITHUANIA,10,violation,1.0,True,0,5,"[1, 1, 1, 1, 1]",001-220866,LITHUANIA,,2022-11-15,4
CASE OF LINGS v. DENMARK,10,no_violation,5.0,True,0,5,"[5, 5, 5, 5, 5]",001-217039,DENMARK,,2022-04-12,3
CASE OF MUHAMMAD v. SPAIN,14,no_violation,3.4,True,0,5,"[1, 5, 5, 1, 5]",001-219984,SPAIN,,2022-10-18,1
CASE OF FISCHER v. THE CZECH REPUBLIC,6,no_violation,5.0,True,0,5,"[5, 5, 5, 5, 5]",001-215708,CZECH REPUBLIC,,2022-02-24,4
CASE OF D.S. AND OTHERS v. HUNGARY,5,violation,3.0,False,5,5,"[3, 3, 3, 3, 3]",001-216720,HUNGARY,,2022-03-31,4
CASE OF A AND B v. GEORGIA,14,violation,1.0,True,0,5,"[1, 1, 1, 1, 1]",001-215716,GEORGIA,,2022-02-10,3
CASE OF P.C. v. IRELAND,14,no_violation,5.0,True,0,5,"[5, 5, 5, 5, 5]",001-218941,IRELAND,,2022-09-01,3
CASE OF VEGOTEX INTERNATIONAL S.A. v. BELGIUM,41,violation,5.0,False,0,5,"[5, 5, 5, 5, 5]",001-220415,BELGIUM,,2022-11-03,1
CASE OF DOLENC v. SLOVENIA,6,violation,1.0,True,0,5,"[1, 1, 1, 1, 1]",001-219946,SLOVENIA,,2022-10-20,3
CASE OF KHUREN-OOL AND OTHERS v. RUSSIA,8,violation,1.0,True,0,5,"[1, 1, 1, 1, 1]",001-219684,RUSSIA,,2022-10-13,4
CASE OF RAZGON AND OTHERS v. RUSSIA,5,violation,3.0,False,5,5,"[3, 3, 3, 3, 3]",001-220556,RUSSIA,,2022-11-10,4
CASE OF HOVHANNISYAN AND NAZARYAN v. ARMENIA,2,violation,1.0,True,0,5,"[1, 1, 1, 1, 1]",001-220712,ARMENIA,,2022-11-08,3
CASE OF GLOVELI v. GEORGIA,6,violation,1.0,True,0,5,"[1, 1, 1, 1, 1]",001-216686,GEORGIA,,2022-04-07,3
CASE OF COMMUNAUTÉ GENEVOISE D'ACTION SYNDICALE (CGAS) v. SWITZERLAND,41,violation,5.0,False,0,5,"[5, 5, 5, 5, 5]",001-216463,SWITZERLAND,,2022-03-15,3
CASE OF TETİK AND OTHERS v. TURKEY,P1-1,violation,1.0,True,0,5,"[1, 1, 1, 1, 1]",001-216193,TURKEY,,2022-03-15,4
CASE OF ANATOLIY YEREMENKO v. UKRAINE,10,no_violation,1.0,False,0,5,"[1, 1, 1, 1, 1]",001-219194,UKRAINE,,2022-09-15,3
CASE OF MARINA AUCANADA GROUP S.L. v. SPAIN,6,no_violation,5.0,True,0,5,"[5, 5, 5, 5, 5]",001-220665,SPAIN,,2022-11-08,3
CASE OF NADTOCHIY v. UKRAINE,P1-1,violation,1.0,True,0,5,"[1, 1, 1, 1, 1]",001-219309,UKRAINE,,2022-09-20,4
CASE OF M.T. AND OTHERS v. SWEDEN,14,no_violation,5.0,True,0,5,"[5, 5, 5, 5, 5]",001-220013,SWEDEN,,2022-10-20,3
CASE OF RADMILLI v. MALTA,P1-1,violation,1.0,True,0,5,"[1, 1, 1, 1, 1]",001-215132,MALTA,,2022-01-13,4
CASE OF BOGUTA AND TERESHCHENKO v. UKRAINE,2,violation,3.0,False,5,5,"[3, 3, 3, 3, 3]",001-214780,UKRAINE,,2022-01-13,4
CASE OF TB INŽINJERING D.O.O. v. BOSNIA AND HERZEGOVINA,P1-1,violation,1.0,True,0,5,"[1, 1, 1, 1, 1]",001-217415,BOSNIA AND HERZEGOVINA,,2022-05-25,4
CASE OF GOULANDRIS AND VARDINOGIANNI v. GREECE,P7-4,no_violation,5.0,True,0,5,"[5, 5, 5, 5, 5]",001-218074,GREECE,,2022-06-16,3
CASE OF ATRISTAIN GOROSABEL v. SPAIN,6,violation,1.0,True,0,5,"[1, 1, 1, 1, 1]",001-215166,SPAIN,,2022-01-18,3
CASE OF MORTIER v. BELGIUM,2,no_violation,1.0,False,0,5,"[1, 1, 1, 1, 1]",001-219988,BELGIUM,,2022-10-04,1
CASE OF BAHTIĆ v. BOSNIA AND HERZEGOVINA,6,violation,1.0,True,0,5,"[1, 1, 1, 1, 1]",001-220164,BOSNIA AND HERZEGOVINA,,2022-10-27,4
CASE OF DAVTYAN v. ARMENIA,6,violation,1.0,True,0,5,"[1, 1, 1, 1, 1]",001-215913,ARMENIA,,2022-03-01,4
CASE OF LYSAK v. UKRAINE,P1-1,violation,1.0,True,0,5,"[1, 1, 1, 1, 1]",001-220010,UKRAINE,,2022-10-20,4
CASE OF A AND OTHERS v. ICELAND,8,no_violation,5.0,True,0,5,"[5, 5, 5, 5, 5]",001-220885,ICELAND,,2022-11-15,3
CASE OF N.V. AND C.C. v. MALTA,8,violation,1.0,True,0,5,"[1, 1, 1, 1, 1]",001-220537,MALTA,,2022-11-10,3
CASE OF ARNAR HELGI LÁRUSSON v. ICELAND,14,no_violation,4.8,True,0,5,"[4, 5, 5, 5, 5]",001-217436,ICELAND,,2022-05-31,1
CASE OF STARKEVIČ v. LITHUANIA,8,no_violation,5.0,True,0,5,"[5, 5, 5, 5, 5]",001-216454,LITHUANIA,,2022-03-29,3
CASE OF A.M. v. NORWAY,8,no_violation,5.0,True,0,5,"[5, 5, 5, 5, 5]",001-216348,NORWAY,,2022-03-24,3
CASE OF CENTROPROM HOLDING AD BEOGRAD v. MONTENEGRO,6,violation,1.0,True,0,5,"[1, 1, 1, 1, 1]",001-215735,MONTENEGRO,,2022-02-10,4
CASE OF FABBRI AND OTHERS v. SAN MARINO,6,violation,1.0,True,0,5,"[1, 1, 1, 1, 1]",001-219944,SAN MARINO,,2022-10-18,3
CASE OF PUKHYR AND OTHERS v. UKRAINE,13,violation,1.0,True,0,5,"[1, 1, 1, 1, 1]",001-215898,UKRAINE,,2022-02-24,4
CASE OF OTEGI MONDRAGON AND OTHERS v. SPAIN,6,violation,1.0,True,0,5,"[1, 1, 1, 1, 1]",001-187510,SPAIN,,2018-11-06,4
CASE OF GRABOVSKIY v. UKRAINE,34,no_violation,1.0,False,0,5,"[1, 1, 1, 1, 1]",001-187818,UKRAINE,,2018-11-29,4
CASE OF DANILCZUK v. CYPRUS,3,violation,1.0,True,0,5,"[1, 1, 1, 1, 1]",001-181882,CYPRUS,,2018-04-03,4
CASE OF VASILEVSKA AND BARTOŠEVIČ v. LITHUANIA,P1-1,violation,2.4,True,0,5,"[1, 1, 1, 5, 4]",001-188360,LITHUANIA,,2018-12-18,4
CASE OF FALZON v. MALTA,10,violation,1.0,True,0,5,"[1, 1, 1, 1, 1]",001-181595,MALTA,,2018-03-20,3
CASE OF BRADSHAW AND OTHERS v. MALTA,14,no_violation,4.8,True,0,5,"[5, 5, 5, 4, 5]",001-187200,MALTA,,2018-10-23,3
CASE OF DELECOLLE v. FRANCE,12,no_violation,5.0,True,0,5,"[5, 5, 5, 5, 5]",001-187455,FRANCE,,2018-10-25,3
CASE OF AGANIKYAN v. ARMENIA,6,violation,3.2,False,0,5,"[4, 4, 2, 2, 4]",001-181859,ARMENIA,,2018-04-05,4
CASE OF CUENCA ZARZOSO v. SPAIN,8,violation,1.0,True,0,5,"[1, 1, 1, 1, 1]",001-180296,SPAIN,,2018-01-16,4
CASE OF GAFÀ v. MALTA,5,violation,1.0,True,0,5,"[1, 1, 1, 1, 1]",001-183126,MALTA,,2018-05-22,4
CASE OF BOSYY v. UKRAINE,34,no_violation,5.0,True,0,5,"[5, 5, 5, 5, 5]",001-187686,UKRAINE,,2018-11-22,4
CASE OF T.K. v. LITHUANIA,6,violation,1.0,True,0,5,"[1, 1, 1, 1, 1]",001-183542,LITHUANIA,,2018-06-12,4
CASE OF M.T. v. ESTONIA,5,no_violation,2.2,False,0,5,"[1, 1, 1, 4, 4]",001-187251,ESTONIA,,2018-10-23,4
CASE OF BAKCHIZHOV v. UKRAINE,34,no_violation,5.0,True,0,5,"[5, 5, 5, 5, 5]",001-187465,UKRAINE,,2018-10-30,4
CASE OF KIN v. UKRAINE,8,violation,1.0,True,0,5,"[1, 1, 1, 1, 1]",001-188374,UKRAINE,,2018-12-18,4
CASE OF ILIĆ v. SERBIA,6,violation,1.2,True,0,5,"[1, 1, 1, 1, 2]",001-187195,SERBIA,,2018-10-23,4
CASE OF MARTINOVIĆ v. BOSNIA AND HERZEGOVINA,P1-1,violation,1.0,True,0,5,"[1, 1, 1, 1, 1]",001-186424,BOSNIA AND HERZEGOVINA,,2018-09-25,4
CASE OF ÇEKİ v. TURKEY,5,violation,1.0,True,0,5,"[1, 1, 1, 1, 1]",001-184496,TURKEY,,2018-07-10,4
CASE OF GALEA AND OTHERS v. MALTA,P1-1,violation,1.0,True,0,5,"[1, 1, 1, 1, 1]",001-180843,MALTA,,2018-02-13,4
CASE OF LEONOV v. RUSSIA,8,no_violation,5.0,True,0,5,"[5, 5, 5, 5, 5]",001-182213,RUSSIA,,2018-04-10,4
CASE OF ANNEN v. GERMANY (No. 2),10,no_violation,5.0,True,0,5,"[5, 5, 5, 5, 5]",001-186117,GERMANY,,2018-09-20,4
CASE OF KEŠELJ AND OTHERS v. MONTENEGRO,P1-1,violation,1.0,True,0,5,"[1, 1, 1, 1, 1]",001-180841,MONTENEGRO,,2018-02-13,4
CASE OF EDINA TÓTH v. HUNGARY,8,violation,1.0,True,0,5,"[1, 1, 1, 1, 1]",001-180505,HUNGARY,,2018-01-30,4
CASE OF SINKOVA v. UKRAINE,10,no_violation,4.2,True,0,5,"[5, 5, 5, 5, 1]",001-181210,UKRAINE,,2018-02-27,3
CASE OF GESTUR JÓNSSON AND RAGNAR HALLDÓR HALL v. ICELAND,7,no_violation,5.0,True,0,5,"[5, 5, 5, 5, 5]",001-187476,ICELAND,,2018-10-30,3
CASE OF BONDARENKO AND OTHERS v. UKRAINE,5,violation,3.0,False,5,5,"[3, 3, 3, 3, 3]",001-185031,UKRAINE,,2018-06-28,4
CASE OF R. I. AND OTHERS v. ROMANIA,8,violation,1.0,True,0,5,"[1, 1, 1, 1, 1]",001-187931,ROMANIA,,2018-12-04,4
CASE OF O'SULLIVAN McCARTHY MUSSEL DEVELOPMENT LTD v. IRELAND,6,no_violation,4.2,True,0,5,"[4, 4, 4, 5, 4]",001-183395,IRELAND,,2018-06-07,1
CASE OF S.S. v. SLOVENIA,8,no_violation,5.0,True,0,5,"[5, 5, 5, 5, 5]",001-187474,SLOVENIA,,2018-10-30,3
CASE OF BOLDIJAR AND OTHERS v. ROMANIA,3,violation,1.0,True,0,5,"[1, 1, 1, 1, 1]",001-181847,ROMANIA,,2018-03-29,4
CASE OF AVISO ZETA AG v. AUSTRIA,6,violation,1.0,True,0,5,"[1, 1, 1, 1, 1]",001-183817,AUSTRIA,,2018-06-21,4
CASE OF SANDU AND OTHERS v. THE REPUBLIC OF MOLDOVA AND RUSSIA,P1-1,no_violation,1.0,False,0,5,"[1, 1, 1, 1, 1]",001-184651,REPUBLIC OF MOLDOVA AND RUSSIA,,2018-07-17,3
CASE OF O'SULLIVAN McCARTHY MUSSEL DEVELOPMENT LTD v. IRELAND,P1-1,no_violation,5.0,True,0,5,"[5, 5, 5, 5, 5]",001-183395,IRELAND,,2018-06-07,1
CASE OF JISHKARIANI v. GEORGIA,8,violation,1.0,True,0,5,"[1, 1, 1, 1, 1]",001-186116,GEORGIA,,2018-09-20,4
CASE OF SMIRNOV AND OTHERS v. RUSSIA,3,violation,1.0,True,0,5,"[1, 1, 1, 1, 1]",001-183546,RUSSIA,,2018-06-14,4
CASE OF PROKHORENKO AND OTHERS v. RUSSIA,3,violation,1.0,True,0,5,"[1, 1, 1, 1, 1]",001-181850,RUSSIA,,2018-03-29,4
CASE OF HEALY v. IRELAND,6,violation,1.0,True,0,5,"[1, 1, 1, 1, 1]",001-180281,IRELAND,,2018-01-18,4
CASE OF SERGEY SMIRNOV v. UKRAINE,34,no_violation,5.0,True,0,5,"[5, 5, 5, 5, 5]",001-188382,UKRAINE,,2018-12-18,4
CASE OF PATALAKH v. GERMANY,5,violation,1.0,True,0,5,"[1, 1, 1, 1, 1]",001-181394,GERMANY,,2018-03-08,4
CASE OF R.Š. v. LATVIA,2,no_violation,2.8,False,0,5,"[5, 1, 5, 2, 1]",001-181393,LATVIA,,2018-03-08,4
CASE OF VUJOVIĆ v. MONTENEGRO,6,no_violation,1.0,False,0,5,"[1, 1, 1, 1, 1]",001-182853,MONTENEGRO,,2018-05-15,4
CASE OF CIOCODEICĂ v. ROMANIA,P1-1,no_violation,5.0,True,0,5,"[5, 5, 5, 5, 5]",001-180288,ROMANIA,,2018-01-16,3
CASE OF STARENKIY AND RUDOY v. UKRAINE,5,violation,3.0,False,5,5,"[3, 3, 3, 3, 3]",001-179853,UKRAINE,,2018-01-11,4
CASE OF DAINELIENĖ v. LITHUANIA,6,violation,1.0,True,0,5,"[1, 1, 1, 1, 1]",001-186770,LITHUANIA,,2018-10-16,4
CASE OF VELLA v. MALTA,P1-1,violation,1.0,True,0,5,"[1, 1, 1, 1, 1]",001-181278,MALTA,,2018-02-27,4
CASE OF RUIZ PENA AND PEREZ OBERGHT v. MALTA,3,no_violation,4.4,True,0,5,"[5, 5, 4, 4, 4]",001-184671,MALTA,,2018-07-17,4
CASE OF ABDILLA v. MALTA,3,no_violation,4.4,True,0,5,"[4, 5, 4, 4, 5]",001-184673,MALTA,,2018-07-17,4
CASE OF MOCKUTĖ v. LITHUANIA,8,violation,1.0,True,0,5,"[1, 1, 1, 1, 1]",001-181202,LITHUANIA,,2018-02-27,3
CASE OF SALAKHBEKOV AND ABUKAYEV v. RUSSIA,6,violation,1.0,True,0,5,"[1, 1, 1, 1, 1]",001-183206,RUSSIA,,2018-05-29,4
CASE OF NOVOTNÝ v. THE CZECH REPUBLIC,8,violation,1.0,True,0,5,"[1, 1, 1, 1, 1]",001-183373,CZECH REPUBLIC,,2018-06-07,4
CASE OF NICHOLAS v. CYPRUS,6,violation,1.0,True,0,5,"[1, 1, 1, 1, 1]",001-179878,CYPRUS,,2018-01-09,4
CASE OF ASHAYEV AND OTHERS v. UKRAINE,13,violation,1.0,True,0,5,"[1, 1, 1, 1, 1]",001-183586,UKRAINE,,2018-06-14,4
CASE OF PÁZSI AND OTHERS v. HUNGARY,13,violation,1.0,True,0,5,"[1, 1, 1, 1, 1]",001-187574,HUNGARY,,2018-11-15,4
CASE OF CIOBOTARU AND OTHERS v. ROMANIA,3,violation,1.0,True,0,5,"[1, 1, 1, 1, 1]",001-183558,ROMANIA,,2018-06-14,4
CASE OF TLAPAK AND OTHERS v. GERMANY,8,no_violation,5.0,True,0,5,"[5, 5, 5, 5, 5]",001-181584,GERMANY,,2018-03-22,3
CASE OF KARTVELISHVILI v. GEORGIA,6,violation,1.0,True,0,5,"[1, 1, 1, 1, 1]",001-183376,GEORGIA,,2018-06-07,4
CASE OF ROMAN CATHOLIC ARCHDIOCESE OF VRHBOSNA v. BOSNIA AND HERZEGOVINA,6,violation,1.0,True,0,5,"[1, 1, 1, 1, 1]",001-183337,BOSNIA AND HERZEGOVINA,,2018-06-05,4
CASE OF SHARXHI AND OTHERS v. ALBANIA,6,violation,1.0,True,0,5,"[1, 1, 1, 1, 1]",001-179867,ALBANIA,,2018-01-11,3
CASE OF ALIYEV v. AZERBAIJAN,5,violation,1.0,True,0,5,"[1, 1, 1, 1, 1]",001-186126,AZERBAIJAN,,2018-09-20,3
CASE OF CABRAL v. THE NETHERLANDS,6,violation,1.0,True,0,5,"[1, 1, 1, 1, 1]",001-185308,NETHERLANDS,,2018-08-28,4
CASE OF GRYTSENKO AND OTHERS v. UKRAINE,6,violation,1.0,True,0,5,"[1, 1, 1, 1, 1]",001-181068,UKRAINE,,2018-02-22,4
CASE OF VOYKIN AND OTHERS v. UKRAINE,5,no_violation,1.0,False,0,5,"[1, 1, 1, 1, 1]",001-181877,UKRAINE,,2018-03-27,4
CASE OF YAKUSHEV v. UKRAINE,8,violation,1.0,True,0,5,"[1, 1, 1, 1, 1]",001-187923,UKRAINE,,2018-12-04,4
CASE OF BIG BROTHER WATCH AND OTHERS v. THE UNITED KINGDOM,8,violation,1.0,True,0,5,"[1, 1, 1, 1, 1]",001-186048,UNITED KINGDOM,,2018-09-13,3
CASE OF YALANSKYY AND GALUNKA v. UKRAINE,13,violation,1.0,True,0,5,"[1, 1, 1, 1, 1]",001-182605,UKRAINE,,2018-05-03,4
CASE OF KHANI KABBARA v. CYPRUS,3,violation,1.0,True,0,5,"[1, 1, 1, 1, 1]",001-183338,CYPRUS,,2018-06-05,4
CASE OF SANDU AND OTHERS v. THE REPUBLIC OF MOLDOVA AND RUSSIA,13,no_violation,1.0,False,0,5,"[1, 1, 1, 1, 1]",001-184651,REPUBLIC OF MOLDOVA AND RUSSIA,,2018-07-17,3
CASE OF HÜLYA EBRU DEMİREL v. TURKEY,6,no_violation,1.0,False,0,5,"[1, 1, 1, 1, 1]",001-183862,TURKEY,,2018-06-19,4
