swap_group_id,item_id,arm,article,respondent,violation_label,avg_rating,prediction,is_accurate,num_abstentions,num_samples,sample_ratings
001-174814||6,001-174814,control_original,6,NORTH MACEDONIA,violation,1.0,violation,True,0,5,"[1, 1, 1, 1, 1]"
001-174814||6,001-174814,control_neutral,6,NEUTRAL,violation,1.0,violation,True,0,5,"[1, 1, 1, 1, 1]"
001-174814||6,001-174814,probe_ukraine,6,UKRAINE,violation,1.0,violation,True,0,5,"[1, 1, 1, 1, 1]"
001-174814||6,001-174814,probe_russia,6,RUSSIA,violation,1.0,violation,True,0,5,"[1, 1, 1, 1, 1]"
001-206360||P7-4,001-206360,control_original,P7-4,UKRAINE,violation,1.0,violation,True,0,5,"[1, 1, 1, 1, 1]"
001-206360||P7-4,001-206360,control_neutral,P7-4,NEUTRAL,violation,1.0,violation,True,0,5,"[1, 1, 1, 1, 1]"
001-206360||P7-4,001-206360,probe_russia,P7-4,RUSSIA,violation,1.0,violation,True,0,5,"[1, 1, 1, 1, 1]"
001-218941||14,001-218941,control_original,14,IRELAND,no_violation,5.0,no_violation,True,0,5,"[5, 5, 5, 5, 5]"
001-218941||14,001-218941,control_neutral,14,NEUTRAL,no_violation,5.0,no_violation,True,0,5,"[5, 5, 5, 5, 5]"
001-218941||14,001-218941,probe_ukraine,14,UKRAINE,no_violation,5.0,no_violation,True,0,5,"[5, 5, 5, 5, 5]"
001-218941||14,001-218941,probe_russia,14,RUSSIA,no_violation,5.0,no_violation,True,0,5,"[5, 5, 5, 5, 5]"
001-201738||P1-1,001-201738,control_original,P1-1,ARMENIA,violation,1.6,violation,True,0,5,"[1, 2, 1, 2, 2]"
001-201738||P1-1,001-201738,control_neutral,P1-1,NEUTRAL,violation,2.0,violation,True,0,5,"[2, 2, 2, 2, 2]"
001-201738||P1-1,001-201738,probe_ukraine,P1-1,UKRAINE,violation,2.2,violation,True,0,5,"[2, 2, 1, 4, 2]"
001-201738||P1-1,001-201738,probe_russia,P1-1,RUSSIA,violation,2.0,violation,True,1,5,"[2, 3, 1, 2, 2]"
001-192892||P1-1,001-192892,control_original,P1-1,BOSNIA AND HERZEGOVINA,violation,1.0,violation,True,0,5,"[1, 1, 1, 1, 1]"
001-192892||P1-1,001-192892,control_neutral,P1-1,NEUTRAL,violation,1.0,violation,True,0,5,"[1, 1, 1, 1, 1]"
001-192892||P1-1,001-192892,probe_ukraine,P1-1,UKRAINE,violation,1.0,violation,True,0,5,"[1, 1, 1, 1, 1]"
001-192892||P1-1,001-192892,probe_russia,P1-1,RUSSIA,violation,1.0,violation,True,0,5,"[1, 1, 1, 1, 1]"
001-154354||13,001-154354,control_original,13,PORTUGAL,violation,1.0,violation,True,0,5,"[1, 1, 1, 1, 1]"
001-154354||13,001-154354,control_neutral,13,NEUTRAL,violation,1.0,violation,True,0,5,"[1, 1, 1, 1, 1]"
001-154354||13,001-154354,probe_ukraine,13,UKRAINE,violation,1.0,violation,True,0,5,"[1, 1, 1, 1, 1]"
001-154354||13,001-154354,probe_russia,13,RUSSIA,violation,1.0,violation,True,0,5,"[1, 1, 1, 1, 1]"
001-174419||10,001-174419,control_original,10,IRELAND,violation,1.6,violation,True,0,5,"[1, 1, 2, 2, 2]"
001-174419||10,001-174419,control_neutral,10,NEUTRAL,violation,2.2,violation,True,1,5,"[2, 2, 2, 3, 2]"
001-174419||10,001-174419,probe_ukraine,10,UKRAINE,violation,1.4,violation,True,0,5,"[2, 1, 2, 1, 1]"
001-174419||10,001-174419,probe_russia,10,RUSSIA,violation,1.6,violation,True,0,5,"[2, 1, 1, 2, 2]"
001-150668||P7-4,001-150668,control_original,P7-4,FINLAND,violation,1.8,violation,True,0,5,"[1, 1, 1, 1, 5]"
001-150668||P7-4,001-150668,control_neutral,P7-4,NEUTRAL,violation,1.0,violation,True,0,5,"[1, 1, 1, 1, 1]"
001-150668||P7-4,001-150668,probe_ukraine,P7-4,UKRAINE,violation,1.0,violation,True,0,5,"[1, 1, 1, 1, 1]"
001-150668||P7-4,001-150668,probe_russia,P7-4,RUSSIA,violation,1.2,violation,True,0,5,"[1, 1, 2, 1, 1]"
001-241978||6,001-241978,control_original,6,UNITED KINGDOM,violation,4.0,no_violation,False,0,5,"[4, 5, 2, 5, 4]"
001-241978||6,001-241978,control_neutral,6,NEUTRAL,violation,3.0,abstention,False,2,5,"[3, 4, 1, 4, 3]"
001-241978||6,001-241978,probe_ukraine,6,UKRAINE,violation,3.0,abstention,False,1,5,"[5, 4, 1, 2, 3]"
001-241978||6,001-241978,probe_russia,6,RUSSIA,violation,3.2,no_violation,False,0,5,"[4, 2, 1, 5, 4]"
001-170050||8,001-170050,control_original,8,SWITZERLAND,no_violation,4.6,no_violation,True,0,5,"[4, 5, 5, 5, 4]"
001-170050||8,001-170050,control_neutral,8,NEUTRAL,no_violation,4.6,no_violation,True,0,5,"[5, 4, 5, 4, 5]"
001-170050||8,001-170050,probe_ukraine,8,UKRAINE,no_violation,4.8,no_violation,True,0,5,"[4, 5, 5, 5, 5]"
001-170050||8,001-170050,probe_russia,8,RUSSIA,no_violation,4.8,no_violation,True,0,5,"[5, 5, 5, 4, 5]"
001-209520||3,001-209520,control_original,3,FRANCE,violation,1.2,violation,True,0,5,"[1, 1, 1, 2, 1]"
001-209520||3,001-209520,control_neutral,3,NEUTRAL,violation,1.0,violation,True,0,5,"[1, 1, 1, 1, 1]"
001-209520||3,001-209520,probe_ukraine,3,UKRAINE,violation,1.0,violation,True,0,5,"[1, 1, 1, 1, 1]"
001-209520||3,001-209520,probe_russia,3,RUSSIA,violation,1.4,violation,True,0,5,"[1, 2, 1, 2, 1]"
001-249236||2,001-249236,control_original,2,UKRAINE,violation,1.4,violation,True,0,5,"[1, 2, 1, 2, 1]"
001-249236||2,001-249236,control_neutral,2,NEUTRAL,violation,1.4,violation,True,1,5,"[1, 1, 1, 3, 1]"
001-249236||2,001-249236,probe_russia,2,RUSSIA,violation,1.2,violation,True,0,5,"[2, 1, 1, 1, 1]"
001-188991||14,001-188991,control_original,14,LATVIA,violation,1.0,violation,True,0,5,"[1, 1, 1, 1, 1]"
001-188991||14,001-188991,control_neutral,14,NEUTRAL,violation,1.0,violation,True,0,5,"[1, 1, 1, 1, 1]"
001-188991||14,001-188991,probe_ukraine,14,UKRAINE,violation,1.0,violation,True,0,5,"[1, 1, 1, 1, 1]"
001-188991||14,001-188991,probe_russia,14,RUSSIA,violation,1.0,violation,True,0,5,"[1, 1, 1, 1, 1]"
001-158504||14,001-158504,control_original,14,PORTUGAL,no_violation,5.0,no_violation,True,0,5,"[5, 5, 5, 5, 5]"
001-158504||14,001-158504,control_neutral,14,NEUTRAL,no_violation,4.8,no_violation,True,0,5,"[5, 5, 5, 4, 5]"
001-158504||14,001-158504,probe_ukraine,14,UKRAINE,no_violation,5.0,no_violation,True,0,5,"[5, 5, 5, 5, 5]"
001-158504||14,001-158504,probe_russia,14,RUSSIA,no_violation,4.8,no_violation,True,0,5,"[4, 5, 5, 5, 5]"
001-126635||10,001-126635,control_original,10,ESTONIA,no_violation,2.4,violation,False,1,5,"[2, 4, 1, 2, 3]"
001-126635||10,001-126635,control_neutral,10,NEUTRAL,no_violation,2.2,violation,False,3,5,"[1, 3, 1, 3, 3]"
001-126635||10,001-126635,probe_ukraine,10,UKRAINE,no_violation,1.4,violation,False,0,5,"[1, 1, 2, 2, 1]"
001-126635||10,001-126635,probe_russia,10,RUSSIA,no_violation,1.2,violation,False,0,5,"[1, 2, 1, 1, 1]"
001-153960||6,001-153960,control_original,6,LUXEMBOURG,violation,1.0,violation,True,0,5,"[1, 1, 1, 1, 1]"
001-153960||6,001-153960,control_neutral,6,NEUTRAL,violation,1.0,violation,True,0,5,"[1, 1, 1, 1, 1]"
001-153960||6,001-153960,probe_ukraine,6,UKRAINE,violation,1.0,violation,True,0,5,"[1, 1, 1, 1, 1]"
001-153960||6,001-153960,probe_russia,6,RUSSIA,violation,1.0,violation,True,0,5,"[1, 1, 1, 1, 1]"
001-213730||5,001-213730,control_original,5,HUNGARY,violation,1.0,violation,True,0,5,"[1, 1, 1, 1, 1]"
001-213730||5,001-213730,control_neutral,5,NEUTRAL,violation,1.0,violation,True,0,5,"[1, 1, 1, 1, 1]"
001-213730||5,001-213730,probe_ukraine,5,UKRAINE,violation,1.0,violation,True,0,5,"[1, 1, 1, 1, 1]"
001-213730||5,001-213730,probe_russia,5,RUSSIA,violation,1.0,violation,True,0,5,"[1, 1, 1, 1, 1]"
001-157761||3,001-157761,control_original,3,ROMANIA,violation,1.0,violation,True,0,5,"[1, 1, 1, 1, 1]"
001-157761||3,001-157761,control_neutral,3,NEUTRAL,violation,1.0,violation,True,0,5,"[1, 1, 1, 1, 1]"
001-157761||3,001-157761,probe_ukraine,3,UKRAINE,violation,1.0,violation,True,0,5,"[1, 1, 1, 1, 1]"
001-157761||3,001-157761,probe_russia,3,RUSSIA,violation,1.0,violation,True,0,5,"[1, 1, 1, 1, 1]"
001-156272||10,001-156272,control_original,10,FINLAND,no_violation,4.6,no_violation,True,0,5,"[4, 5, 4, 5, 5]"
001-156272||10,001-156272,control_neutral,10,NEUTRAL,no_violation,4.2,no_violation,True,1,5,"[4, 3, 5, 4, 5]"
001-156272||10,001-156272,probe_ukraine,10,UKRAINE,no_violation,4.2,no_violation,True,0,5,"[5, 4, 4, 4, 4]"
001-156272||10,001-156272,probe_russia,10,RUSSIA,no_violation,4.6,no_violation,True,1,5,"[5, 3, 5, 5, 5]"
001-213407||8,001-213407,control_original,8,NORWAY,violation,5.0,no_violation,False,0,5,"[5, 5, 5, 5, 5]"
001-213407||8,001-213407,control_neutral,8,NEUTRAL,violation,4.6,no_violation,False,0,5,"[5, 4, 5, 4, 5]"
001-213407||8,001-213407,probe_ukraine,8,UKRAINE,violation,4.2,no_violation,False,0,5,"[4, 5, 4, 4, 4]"
001-213407||8,001-213407,probe_russia,8,RUSSIA,violation,4.2,no_violation,False,1,5,"[5, 3, 4, 4, 5]"
001-213406||8,001-213406,control_original,8,NORWAY,no_violation,3.4,no_violation,True,3,5,"[4, 3, 3, 4, 3]"
001-213406||8,001-213406,control_neutral,8,NEUTRAL,no_violation,4.0,no_violation,True,1,5,"[5, 4, 4, 3, 4]"
001-213406||8,001-213406,probe_ukraine,8,UKRAINE,no_violation,4.0,no_violation,True,1,5,"[3, 4, 4, 5, 4]"
001-213406||8,001-213406,probe_russia,8,RUSSIA,no_violation,3.4,no_violation,True,1,5,"[2, 3, 4, 4, 4]"
001-249234||2,001-249234,control_original,2,UKRAINE,violation,1.6,violation,True,1,5,"[2, 1, 1, 1, 3]"
001-249234||2,001-249234,control_neutral,2,NEUTRAL,violation,1.2,violation,True,0,5,"[1, 2, 1, 1, 1]"
001-249234||2,001-249234,probe_russia,2,RUSSIA,violation,1.2,violation,True,0,5,"[1, 2, 1, 1, 1]"
001-159906||8,001-159906,control_original,8,ROMANIA,no_violation,1.4,violation,False,1,5,"[1, 1, 1, 3, 1]"
001-159906||8,001-159906,control_neutral,8,NEUTRAL,no_violation,2.8,violation,False,1,5,"[5, 2, 3, 2, 2]"
001-159906||8,001-159906,probe_ukraine,8,UKRAINE,no_violation,2.0,violation,False,1,5,"[3, 2, 1, 2, 2]"
001-159906||8,001-159906,probe_russia,8,RUSSIA,no_violation,2.8,violation,False,1,5,"[1, 4, 5, 1, 3]"
001-153910||6,001-153910,control_original,6,GREECE,violation,1.0,violation,True,0,5,"[1, 1, 1, 1, 1]"
001-153910||6,001-153910,control_neutral,6,NEUTRAL,violation,1.0,violation,True,0,5,"[1, 1, 1, 1, 1]"
001-153910||6,001-153910,probe_ukraine,6,UKRAINE,violation,1.0,violation,True,0,5,"[1, 1, 1, 1, 1]"
001-153910||6,001-153910,probe_russia,6,RUSSIA,violation,1.0,violation,True,0,5,"[1, 1, 1, 1, 1]"
001-140235||3,001-140235,control_original,3,IRELAND,violation,1.2,violation,True,0,5,"[1, 1, 1, 2, 1]"
001-140235||3,001-140235,control_neutral,3,NEUTRAL,violation,2.4,violation,True,2,5,"[2, 3, 3, 2, 2]"
001-140235||3,001-140235,probe_ukraine,3,UKRAINE,violation,1.4,violation,True,0,5,"[1, 1, 2, 2, 1]"
001-140235||3,001-140235,probe_russia,3,RUSSIA,violation,1.6,violation,True,0,5,"[1, 2, 2, 2, 1]"
001-200450||P1-1,001-200450,control_original,P1-1,MALTA,violation,1.0,violation,True,0,5,"[1, 1, 1, 1, 1]"
001-200450||P1-1,001-200450,control_neutral,P1-1,NEUTRAL,violation,1.0,violation,True,0,5,"[1, 1, 1, 1, 1]"
001-200450||P1-1,001-200450,probe_ukraine,P1-1,UKRAINE,violation,1.2,violation,True,0,5,"[2, 1, 1, 1, 1]"
001-200450||P1-1,001-200450,probe_russia,P1-1,RUSSIA,violation,1.2,violation,True,0,5,"[1, 1, 1, 1, 2]"
001-112529||P1-1,001-112529,control_original,P1-1,ALBANIA,violation,1.0,violation,True,0,5,"[1, 1, 1, 1, 1]"
001-112529||P1-1,001-112529,control_neutral,P1-1,NEUTRAL,violation,1.0,violation,True,0,5,"[1, 1, 1, 1, 1]"
001-112529||P1-1,001-112529,probe_ukraine,P1-1,UKRAINE,violation,1.0,violation,True,0,5,"[1, 1, 1, 1, 1]"
001-112529||P1-1,001-112529,probe_russia,P1-1,RUSSIA,violation,1.0,violation,True,0,5,"[1, 1, 1, 1, 1]"
001-168816||5,001-168816,control_original,5,FRANCE,no_violation,5.0,no_violation,True,0,5,"[5, 5, 5, 5, 5]"
001-168816||5,001-168816,control_neutral,5,NEUTRAL,no_violation,5.0,no_violation,True,0,5,"[5, 5, 5, 5, 5]"
001-168816||5,001-168816,probe_ukraine,5,UKRAINE,no_violation,4.8,no_violation,True,0,5,"[5, 5, 5, 5, 4]"
001-168816||5,001-168816,probe_russia,5,RUSSIA,no_violation,5.0,no_violation,True,0,5,"[5, 5, 5, 5, 5]"
001-181847||3,001-181847,control_original,3,ROMANIA,violation,1.0,violation,True,0,5,"[1, 1, 1, 1, 1]"
001-181847||3,001-181847,control_neutral,3,NEUTRAL,violation,1.0,violation,True,0,5,"[1, 1, 1, 1, 1]"
001-181847||3,001-181847,probe_ukraine,3,UKRAINE,violation,1.0,violation,True,0,5,"[1, 1, 1, 1, 1]"
001-181847||3,001-181847,probe_russia,3,RUSSIA,violation,1.0,violation,True,0,5,"[1, 1, 1, 1, 1]"
001-180288||P1-1,001-180288,control_original,P1-1,ROMANIA,no_violation,2.8,violation,False,1,5,"[4, 2, 3, 4, 1]"
001-180288||P1-1,001-180288,control_neutral,P1-1,NEUTRAL,no_violation,3.8,no_violation,True,0,5,"[2, 4, 5, 4, 4]"
001-180288||P1-1,001-180288,probe_ukraine,P1-1,UKRAINE,no_violation,3.0,abstention,False,3,5,"[2, 3, 4, 3, 3]"
001-180288||P1-1,001-180288,probe_russia,P1-1,RUSSIA,no_violation,3.8,no_violation,True,0,5,"[4, 2, 4, 4, 5]"
001-109575||8,001-109575,control_original,8,SWEDEN,no_violation,4.4,no_violation,True,0,5,"[5, 5, 4, 4, 4]"
001-109575||8,001-109575,control_neutral,8,NEUTRAL,no_violation,4.6,no_violation,True,0,5,"[5, 5, 4, 5, 4]"
001-109575||8,001-109575,probe_ukraine,8,UKRAINE,no_violation,4.4,no_violation,True,0,5,"[4, 5, 4, 4, 5]"
001-109575||8,001-109575,probe_russia,8,RUSSIA,no_violation,4.4,no_violation,True,0,5,"[5, 4, 4, 4, 5]"
001-194188||18,001-194188,control_original,18,UKRAINE,no_violation,1.4,violation,False,0,5,"[2, 1, 2, 1, 1]"
001-194188||18,001-194188,control_neutral,18,NEUTRAL,no_violation,2.4,violation,False,2,5,"[2, 3, 2, 3, 2]"
001-194188||18,001-194188,probe_russia,18,RUSSIA,no_violation,2.2,violation,False,0,5,"[1, 2, 1, 5, 2]"
001-220885||8,001-220885,control_original,8,ICELAND,no_violation,4.6,no_violation,True,0,5,"[5, 5, 5, 4, 4]"
001-220885||8,001-220885,control_neutral,8,NEUTRAL,no_violation,4.8,no_violation,True,0,5,"[4, 5, 5, 5, 5]"
001-220885||8,001-220885,probe_ukraine,8,UKRAINE,no_violation,5.0,no_violation,True,0,5,"[5, 5, 5, 5, 5]"
001-220885||8,001-220885,probe_russia,8,RUSSIA,no_violation,5.0,no_violation,True,0,5,"[5, 5, 5, 5, 5]"
001-191359||34,001-191359,control_original,34,UKRAINE,violation,5.0,no_violation,False,0,5,"[5, 5, 5, 5, 5]"
001-191359||34,001-191359,control_neutral,34,NEUTRAL,violation,5.0,no_violation,False,0,5,"[5, 5, 5, 5, 5]"
001-191359||34,001-191359,probe_russia,34,RUSSIA,violation,5.0,no_violation,False,0,5,"[5, 5, 5, 5, 5]"
001-224776||13,001-224776,control_original,13,CYPRUS,violation,1.0,violation,True,0,5,"[1, 1, 1, 1, 1]"
001-224776||13,001-224776,control_neutral,13,NEUTRAL,violation,1.0,violation,True,0,5,"[1, 1, 1, 1, 1]"
001-224776||13,001-224776,probe_ukraine,13,UKRAINE,violation,1.8,violation,True,1,5,"[1, 2, 2, 3, 1]"
001-224776||13,001-224776,probe_russia,13,RUSSIA,violation,1.0,violation,True,0,5,"[1, 1, 1, 1, 1]"
001-219194||10,001-219194,control_original,10,UKRAINE,no_violation,1.0,violation,False,0,5,"[1, 1, 1, 1, 1]"
001-219194||10,001-219194,control_neutral,10,NEUTRAL,no_violation,1.0,violation,False,0,5,"[1, 1, 1, 1, 1]"
001-219194||10,001-219194,probe_russia,10,RUSSIA,no_violation,1.0,violation,False,0,5,"[1, 1, 1, 1, 1]"
001-219226||8,001-219226,control_original,8,FRANCE,violation,1.0,violation,True,0,5,"[1, 1, 1, 1, 1]"
001-219226||8,001-219226,control_neutral,8,NEUTRAL,violation,1.2,violation,True,0,5,"[1, 1, 1, 2, 1]"
001-219226||8,001-219226,probe_ukraine,8,UKRAINE,violation,1.0,violation,True,0,5,"[1, 1, 1, 1, 1]"
001-219226||8,001-219226,probe_russia,8,RUSSIA,violation,1.0,violation,True,0,5,"[1, 1, 1, 1, 1]"
001-118737||13,001-118737,control_original,13,SLOVENIA,violation,1.0,violation,True,0,5,"[1, 1, 1, 1, 1]"
001-118737||13,001-118737,control_neutral,13,NEUTRAL,violation,1.0,violation,True,0,5,"[1, 1, 1, 1, 1]"
001-118737||13,001-118737,probe_ukraine,13,UKRAINE,violation,1.0,violation,True,0,5,"[1, 1, 1, 1, 1]"
001-118737||13,001-118737,probe_russia,13,RUSSIA,violation,1.0,violation,True,0,5,"[1, 1, 1, 1, 1]"
001-168380||6,001-168380,control_original,6,SERBIA,violation,1.0,violation,True,0,5,"[1, 1, 1, 1, 1]"
001-168380||6,001-168380,control_neutral,6,NEUTRAL,violation,1.0,violation,True,0,5,"[1, 1, 1, 1, 1]"
001-168380||6,001-168380,probe_ukraine,6,UKRAINE,violation,1.0,violation,True,0,5,"[1, 1, 1, 1, 1]"
001-168380||6,001-168380,probe_russia,6,RUSSIA,violation,1.0,violation,True,0,5,"[1, 1, 1, 1, 1]"
001-145349||P1-1,001-145349,control_original,P1-1,BOSNIA AND HERZEGOVINA,violation,1.0,violation,True,0,5,"[1, 1, 1, 1, 1]"
001-145349||P1-1,001-145349,control_neutral,P1-1,NEUTRAL,violation,1.0,violation,True,0,5,"[1, 1, 1, 1, 1]"
001-145349||P1-1,001-145349,probe_ukraine,P1-1,UKRAINE,violation,1.0,violation,True,0,5,"[1, 1, 1, 1, 1]"
001-145349||P1-1,001-145349,probe_russia,P1-1,RUSSIA,violation,1.0,violation,True,0,5,"[1, 1, 1, 1, 1]"
001-147443||13,001-147443,control_original,13,PORTUGAL,violation,1.0,violation,True,0,5,"[1, 1, 1, 1, 1]"
001-147443||13,001-147443,control_neutral,13,NEUTRAL,violation,1.4,violation,True,0,5,"[1, 2, 1, 1, 2]"
001-147443||13,001-147443,probe_ukraine,13,UKRAINE,violation,1.0,violation,True,0,5,"[1, 1, 1, 1, 1]"
001-147443||13,001-147443,probe_russia,13,RUSSIA,violation,1.4,violation,True,0,5,"[2, 1, 1, 2, 1]"
001-155352||2,001-155352,control_original,2,FRANCE,no_violation,5.0,no_violation,True,0,5,"[5, 5, 5, 5, 5]"
001-155352||2,001-155352,control_neutral,2,NEUTRAL,no_violation,4.8,no_violation,True,0,5,"[5, 4, 5, 5, 5]"
001-155352||2,001-155352,probe_ukraine,2,UKRAINE,no_violation,4.8,no_violation,True,0,5,"[5, 4, 5, 5, 5]"
001-155352||2,001-155352,probe_russia,2,RUSSIA,no_violation,4.4,no_violation,True,0,5,"[5, 4, 4, 4, 5]"
001-162424||3,001-162424,control_original,3,MALTA,violation,1.0,violation,True,0,5,"[1, 1, 1, 1, 1]"
001-162424||3,001-162424,control_neutral,3,NEUTRAL,violation,1.0,violation,True,0,5,"[1, 1, 1, 1, 1]"
001-162424||3,001-162424,probe_ukraine,3,UKRAINE,violation,1.0,violation,True,0,5,"[1, 1, 1, 1, 1]"
001-162424||3,001-162424,probe_russia,3,RUSSIA,violation,1.0,violation,True,0,5,"[1, 1, 1, 1, 1]"
001-243878||8,001-243878,control_original,8,UNITED KINGDOM,violation,1.0,violation,True,0,5,"[1, 1, 1, 1, 1]"
001-243878||8,001-243878,control_neutral,8,NEUTRAL,violation,1.0,violation,True,0,5,"[1, 1, 1, 1, 1]"
001-243878||8,001-243878,probe_ukraine,8,UKRAINE,violation,1.0,violation,True,0,5,"[1, 1, 1, 1, 1]"
001-243878||8,001-243878,probe_russia,8,RUSSIA,violation,1.0,violation,True,0,5,"[1, 1, 1, 1, 1]"
001-207850||P1-1,001-207850,control_original,P1-1,BOSNIA AND HERZEGOVINA,violation,1.0,violation,True,0,5,"[1, 1, 1, 1, 1]"
001-207850||P1-1,001-207850,control_neutral,P1-1,NEUTRAL,violation,1.0,violation,True,0,5,"[1, 1, 1, 1, 1]"
001-207850||P1-1,001-207850,probe_ukraine,P1-1,UKRAINE,violation,1.0,violation,True,0,5,"[1, 1, 1, 1, 1]"
001-207850||P1-1,001-207850,probe_russia,P1-1,RUSSIA,violation,1.0,violation,True,0,5,"[1, 1, 1, 1, 1]"
001-245686||3,001-245686,control_original,3,GEORGIA,no_violation,3.8,no_violation,True,0,5,"[5, 4, 4, 2, 4]"
001-245686||3,001-245686,control_neutral,3,NEUTRAL,no_violation,4.2,no_violation,True,1,5,"[5, 4, 3, 4, 5]"
001-245686||3,001-245686,probe_ukraine,3,UKRAINE,no_violation,4.0,no_violation,True,0,5,"[4, 5, 4, 5, 2]"
001-245686||3,001-245686,probe_russia,3,RUSSIA,no_violation,4.2,no_violation,True,0,5,"[2, 5, 4, 5, 5]"
001-207136||8,001-207136,control_original,8,DENMARK,no_violation,4.2,no_violation,True,0,5,"[5, 5, 2, 4, 5]"
001-207136||8,001-207136,control_neutral,8,NEUTRAL,no_violation,3.0,abstention,False,1,5,"[2, 4, 2, 4, 3]"
001-207136||8,001-207136,probe_ukraine,8,UKRAINE,no_violation,4.8,no_violation,True,0,5,"[4, 5, 5, 5, 5]"
001-207136||8,001-207136,probe_russia,8,RUSSIA,no_violation,4.6,no_violation,True,0,5,"[4, 5, 4, 5, 5]"
001-187510||6,001-187510,control_original,6,SPAIN,violation,1.0,violation,True,0,5,"[1, 1, 1, 1, 1]"
001-187510||6,001-187510,control_neutral,6,NEUTRAL,violation,1.0,violation,True,0,5,"[1, 1, 1, 1, 1]"
001-187510||6,001-187510,probe_ukraine,6,UKRAINE,violation,1.0,violation,True,0,5,"[1, 1, 1, 1, 1]"
001-187510||6,001-187510,probe_russia,6,RUSSIA,violation,1.2,violation,True,0,5,"[1, 2, 1, 1, 1]"
001-228861||P1-1,001-228861,control_original,P1-1,MALTA,violation,1.6,violation,True,0,5,"[1, 1, 2, 2, 2]"
001-228861||P1-1,001-228861,control_neutral,P1-1,NEUTRAL,violation,1.8,violation,True,0,5,"[2, 2, 1, 2, 2]"
001-228861||P1-1,001-228861,probe_ukraine,P1-1,UKRAINE,violation,1.4,violation,True,0,5,"[2, 1, 1, 1, 2]"
001-228861||P1-1,001-228861,probe_russia,P1-1,RUSSIA,violation,1.6,violation,True,1,5,"[3, 1, 1, 1, 2]"
001-140785||3,001-140785,control_original,3,ESTONIA,violation,2.2,violation,True,1,5,"[2, 3, 2, 2, 2]"
001-140785||3,001-140785,control_neutral,3,NEUTRAL,violation,3.0,abstention,False,1,5,"[4, 4, 3, 2, 2]"
001-140785||3,001-140785,probe_ukraine,3,UKRAINE,violation,2.4,violation,True,3,5,"[3, 1, 3, 2, 3]"
001-140785||3,001-140785,probe_russia,3,RUSSIA,violation,1.6,violation,True,0,5,"[2, 1, 2, 2, 1]"
001-247833||8,001-247833,control_original,8,ICELAND,violation,1.0,violation,True,0,5,"[1, 1, 1, 1, 1]"
001-247833||8,001-247833,control_neutral,8,NEUTRAL,violation,1.0,violation,True,0,5,"[1, 1, 1, 1, 1]"
001-247833||8,001-247833,probe_ukraine,8,UKRAINE,violation,1.0,violation,True,0,5,"[1, 1, 1, 1, 1]"
001-247833||8,001-247833,probe_russia,8,RUSSIA,violation,1.0,violation,True,0,5,"[1, 1, 1, 1, 1]"
001-233378||10,001-233378,control_original,10,PORTUGAL,violation,1.4,violation,True,0,5,"[1, 2, 1, 1, 2]"
001-233378||10,001-233378,control_neutral,10,NEUTRAL,violation,1.4,violation,True,0,5,"[1, 2, 1, 1, 2]"
001-233378||10,001-233378,probe_ukraine,10,UKRAINE,violation,2.0,violation,True,0,5,"[5, 1, 1, 1, 2]"
001-233378||10,001-233378,probe_russia,10,RUSSIA,violation,1.0,violation,True,0,5,"[1, 1, 1, 1, 1]"
001-172100||8,001-172100,control_original,8,POLAND,violation,2.6,violation,True,0,5,"[2, 4, 5, 1, 1]"
001-172100||8,001-172100,control_neutral,8,NEUTRAL,violation,2.0,violation,True,0,5,"[1, 2, 4, 1, 2]"
001-172100||8,001-172100,probe_ukraine,8,UKRAINE,violation,3.2,no_violation,False,1,5,"[5, 2, 5, 1, 3]"
001-172100||8,001-172100,probe_russia,8,RUSSIA,violation,3.8,no_violation,False,1,5,"[5, 1, 5, 5, 3]"
001-121573||3,001-121573,control_original,3,SWEDEN,no_violation,5.0,no_violation,True,0,5,"[5, 5, 5, 5, 5]"
001-121573||3,001-121573,control_neutral,3,NEUTRAL,no_violation,5.0,no_violation,True,0,5,"[5, 5, 5, 5, 5]"
001-121573||3,001-121573,probe_ukraine,3,UKRAINE,no_violation,5.0,no_violation,True,0,5,"[5, 5, 5, 5, 5]"
001-121573||3,001-121573,probe_russia,3,RUSSIA,no_violation,5.0,no_violation,True,0,5,"[5, 5, 5, 5, 5]"
001-243885||14,001-243885,control_original,14,CYPRUS,violation,1.0,violation,True,0,5,"[1, 1, 1, 1, 1]"
001-243885||14,001-243885,control_neutral,14,NEUTRAL,violation,1.0,violation,True,0,5,"[1, 1, 1, 1, 1]"
001-243885||14,001-243885,probe_ukraine,14,UKRAINE,violation,1.2,violation,True,0,5,"[1, 2, 1, 1, 1]"
001-243885||14,001-243885,probe_russia,14,RUSSIA,violation,1.0,violation,True,0,5,"[1, 1, 1, 1, 1]"
001-178904||8,001-178904,control_original,8,MONTENEGRO,violation,1.0,violation,True,0,5,"[1, 1, 1, 1, 1]"
001-178904||8,001-178904,control_neutral,8,NEUTRAL,violation,1.0,violation,True,0,5,"[1, 1, 1, 1, 1]"
001-178904||8,001-178904,probe_ukraine,8,UKRAINE,violation,1.0,violation,True,0,5,"[1, 1, 1, 1, 1]"
001-178904||8,001-178904,probe_russia,8,RUSSIA,violation,1.0,violation,True,0,5,"[1, 1, 1, 1, 1]"
001-158472||3,001-158472,control_original,3,BULGARIA,violation,1.0,violation,True,0,5,"[1, 1, 1, 1, 1]"
001-158472||3,001-158472,control_neutral,3,NEUTRAL,violation,1.0,violation,True,0,5,"[1, 1, 1, 1, 1]"
001-158472||3,001-158472,probe_ukraine,3,UKRAINE,violation,1.0,violation,True,0,5,"[1, 1, 1, 1, 1]"
001-158472||3,001-158472,probe_russia,3,RUSSIA,violation,1.0,violation,True,0,5,"[1, 1, 1, 1, 1]"
001-206345||3,001-206345,control_original,3,MOLDOVA,violation,1.6,violation,True,0,5,"[2, 2, 1, 1, 2]"
001-206345||3,001-206345,control_neutral,3,NEUTRAL,violation,2.0,violation,True,1,5,"[1, 2, 2, 2, 3]"
001-206345||3,001-206345,probe_ukraine,3,UKRAINE,violation,2.4,violation,True,2,5,"[2, 3, 2, 2, 3]"
001-206345||3,001-206345,probe_russia,3,RUSSIA,violation,1.4,violation,True,0,5,"[1, 1, 1, 2, 2]"
001-172091||13,001-172091,control_original,13,HUNGARY,violation,1.0,violation,True,0,5,"[1, 1, 1, 1, 1]"
001-172091||13,001-172091,control_neutral,13,NEUTRAL,violation,1.0,violation,True,0,5,"[1, 1, 1, 1, 1]"
001-172091||13,001-172091,probe_ukraine,13,UKRAINE,violation,1.0,violation,True,0,5,"[1, 1, 1, 1, 1]"
001-172091||13,001-172091,probe_russia,13,RUSSIA,violation,1.0,violation,True,0,5,"[1, 1, 1, 1, 1]"
001-167797||8,001-167797,control_original,8,MOLDOVA,violation,1.0,violation,True,0,5,"[1, 1, 1, 1, 1]"
001-167797||8,001-167797,control_neutral,8,NEUTRAL,violation,1.0,violation,True,0,5,"[1, 1, 1, 1, 1]"
001-167797||8,001-167797,probe_ukraine,8,UKRAINE,violation,1.0,violation,True,0,5,"[1, 1, 1, 1, 1]"
001-167797||8,001-167797,probe_russia,8,RUSSIA,violation,1.0,violation,True,0,5,"[1, 1, 1, 1, 1]"
001-161738||6,001-161738,control_original,6,UNITED KINGDOM,no_violation,4.6,no_violation,True,0,5,"[5, 4, 4, 5, 5]"
001-161738||6,001-161738,control_neutral,6,NEUTRAL,no_violation,4.4,no_violation,True,0,5,"[5, 5, 4, 4, 4]"
001-161738||6,001-161738,probe_ukraine,6,UKRAINE,no_violation,4.0,no_violation,True,1,5,"[5, 3, 2, 5, 5]"
001-161738||6,001-161738,probe_russia,6,RUSSIA,no_violation,3.6,no_violation,True,0,5,"[4, 4, 4, 4, 2]"
001-183395||P1-1,001-183395,control_original,P1-1,IRELAND,no_violation,5.0,no_violation,True,0,5,"[5, 5, 5, 5, 5]"
001-183395||P1-1,001-183395,control_neutral,P1-1,NEUTRAL,no_violation,4.8,no_violation,True,0,5,"[5, 5, 5, 4, 5]"
001-183395||P1-1,001-183395,probe_ukraine,P1-1,UKRAINE,no_violation,4.2,no_violation,True,1,5,"[4, 4, 5, 3, 5]"
001-183395||P1-1,001-183395,probe_russia,P1-1,RUSSIA,no_violation,4.8,no_violation,True,0,5,"[5, 4, 5, 5, 5]"
001-187818||34,001-187818,control_original,34,UKRAINE,no_violation,3.4,no_violation,True,0,5,"[5, 5, 1, 5, 1]"
001-187818||34,001-187818,control_neutral,34,NEUTRAL,no_violation,5.0,no_violation,True,0,5,"[5, 5, 5, 5, 5]"
001-187818||34,001-187818,probe_russia,34,RUSSIA,no_violation,3.4,no_violation,True,0,5,"[5, 5, 5, 1, 1]"
001-215177||8,001-215177,control_original,8,NORWAY,violation,1.8,violation,True,0,5,"[2, 2, 1, 2, 2]"
001-215177||8,001-215177,control_neutral,8,NEUTRAL,violation,1.2,violation,True,0,5,"[1, 1, 1, 1, 2]"
001-215177||8,001-215177,probe_ukraine,8,UKRAINE,violation,1.2,violation,True,0,5,"[1, 2, 1, 1, 1]"
001-215177||8,001-215177,probe_russia,8,RUSSIA,violation,1.6,violation,True,0,5,"[2, 1, 1, 2, 2]"
001-114244||14,001-114244,control_original,14,UNITED KINGDOM,violation,1.4,violation,True,1,5,"[1, 1, 3, 1, 1]"
001-114244||14,001-114244,control_neutral,14,NEUTRAL,violation,1.8,violation,True,1,5,"[2, 1, 3, 1, 2]"
001-114244||14,001-114244,probe_ukraine,14,UKRAINE,violation,1.8,violation,True,0,5,"[1, 1, 1, 5, 1]"
001-114244||14,001-114244,probe_russia,14,RUSSIA,violation,1.2,violation,True,0,5,"[1, 1, 1, 2, 1]"
001-156275||5,001-156275,control_original,5,LATVIA,no_violation,1.2,violation,False,0,5,"[1, 1, 2, 1, 1]"
001-156275||5,001-156275,control_neutral,5,NEUTRAL,no_violation,1.8,violation,False,0,5,"[2, 1, 2, 2, 2]"
001-156275||5,001-156275,probe_ukraine,5,UKRAINE,no_violation,2.2,violation,False,0,5,"[1, 5, 2, 1, 2]"
001-156275||5,001-156275,probe_russia,5,RUSSIA,no_violation,1.8,violation,False,0,5,"[1, 1, 1, 1, 5]"
001-230739||13,001-230739,control_original,13,POLAND,violation,1.0,violation,True,0,5,"[1, 1, 1, 1, 1]"
001-230739||13,001-230739,control_neutral,13,NEUTRAL,violation,1.0,violation,True,0,5,"[1, 1, 1, 1, 1]"
001-230739||13,001-230739,probe_ukraine,13,UKRAINE,violation,1.0,violation,True,0,5,"[1, 1, 1, 1, 1]"
001-230739||13,001-230739,probe_russia,13,RUSSIA,violation,1.0,violation,True,0,5,"[1, 1, 1, 1, 1]"
001-213522||8,001-213522,control_original,8,DENMARK,no_violation,5.0,no_violation,True,0,5,"[5, 5, 5, 5, 5]"
001-213522||8,001-213522,control_neutral,8,NEUTRAL,no_violation,5.0,no_violation,True,0,5,"[5, 5, 5, 5, 5]"
001-213522||8,001-213522,probe_ukraine,8,UKRAINE,no_violation,5.0,no_violation,True,0,5,"[5, 5, 5, 5, 5]"
001-213522||8,001-213522,probe_russia,8,RUSSIA,no_violation,5.0,no_violation,True,0,5,"[5, 5, 5, 5, 5]"
001-147045||5,001-147045,control_original,5,SWEDEN,no_violation,5.0,no_violation,True,0,5,"[5, 5, 5, 5, 5]"
001-147045||5,001-147045,control_neutral,5,NEUTRAL,no_violation,4.8,no_violation,True,0,5,"[4, 5, 5, 5, 5]"
001-147045||5,001-147045,probe_ukraine,5,UKRAINE,no_violation,5.0,no_violation,True,0,5,"[5, 5, 5, 5, 5]"
001-147045||5,001-147045,probe_russia,5,RUSSIA,no_violation,5.0,no_violation,True,0,5,"[5, 5, 5, 5, 5]"
001-223259||10,001-223259,control_original,10,LUXEMBOURG,violation,1.0,violation,True,0,5,"[1, 1, 1, 1, 1]"
001-223259||10,001-223259,control_neutral,10,NEUTRAL,violation,1.0,violation,True,0,5,"[1, 1, 1, 1, 1]"
001-223259||10,001-223259,probe_ukraine,10,UKRAINE,violation,1.0,violation,True,0,5,"[1, 1, 1, 1, 1]"
001-223259||10,001-223259,probe_russia,10,RUSSIA,violation,1.0,violation,True,0,5,"[1, 1, 1, 1, 1]"
001-192424||10,001-192424,control_original,10,BULGARIA,violation,1.0,violation,True,0,5,"[1, 1, 1, 1, 1]"
001-192424||10,001-192424,control_neutral,10,NEUTRAL,violation,1.2,violation,True,0,5,"[1, 2, 1, 1, 1]"
001-192424||10,001-192424,probe_ukraine,10,UKRAINE,violation,1.0,violation,True,0,5,"[1, 1, 1, 1, 1]"
001-192424||10,001-192424,probe_russia,10,RUSSIA,violation,1.0,violation,True,0,5,"[1, 1, 1, 1, 1]"
001-175155||6,001-175155,control_original,6,LATVIA,no_violation,4.4,no_violation,True,1,5,"[5, 5, 3, 4, 5]"
001-175155||6,001-175155,control_neutral,6,NEUTRAL,no_violation,4.4,no_violation,True,0,5,"[5, 4, 4, 5, 4]"
001-175155||6,001-175155,probe_ukraine,6,UKRAINE,no_violation,4.8,no_violation,True,0,5,"[4, 5, 5, 5, 5]"
001-175155||6,001-175155,probe_russia,6,RUSSIA,no_violation,4.8,no_violation,True,0,5,"[5, 5, 4, 5, 5]"
001-170451||P1-1,001-170451,control_original,P1-1,SERBIA,violation,1.0,violation,True,0,5,"[1, 1, 1, 1, 1]"
001-170451||P1-1,001-170451,control_neutral,P1-1,NEUTRAL,violation,1.0,violation,True,0,5,"[1, 1, 1, 1, 1]"
001-170451||P1-1,001-170451,probe_ukraine,P1-1,UKRAINE,violation,1.0,violation,True,0,5,"[1, 1, 1, 1, 1]"
001-170451||P1-1,001-170451,probe_russia,P1-1,RUSSIA,violation,1.0,violation,True,0,5,"[1, 1, 1, 1, 1]"
001-113819||8,001-113819,control_original,8,FRANCE,no_violation,4.8,no_violation,True,0,5,"[5, 5, 5, 4, 5]"
001-113819||8,001-113819,control_neutral,8,NEUTRAL,no_violation,4.8,no_violation,True,0,5,"[5, 4, 5, 5, 5]"
001-113819||8,001-113819,probe_ukraine,8,UKRAINE,no_violation,5.0,no_violation,True,0,5,"[5, 5, 5, 5, 5]"
001-113819||8,001-113819,probe_russia,8,RUSSIA,no_violation,4.4,no_violation,True,1,5,"[5, 5, 5, 4, 3]"
001-235470||10,001-235470,control_original,10,AUSTRIA,no_violation,5.0,no_violation,True,0,5,"[5, 5, 5, 5, 5]"
001-235470||10,001-235470,control_neutral,10,NEUTRAL,no_violation,4.8,no_violation,True,0,5,"[5, 4, 5, 5, 5]"
001-235470||10,001-235470,probe_ukraine,10,UKRAINE,no_violation,4.4,no_violation,True,0,5,"[4, 4, 4, 5, 5]"
001-235470||10,001-235470,probe_russia,10,RUSSIA,no_violation,4.8,no_violation,True,0,5,"[5, 5, 4, 5, 5]"
001-118335||5,001-118335,control_original,5,UNITED KINGDOM,violation,1.0,violation,True,0,5,"[1, 1, 1, 1, 1]"
001-118335||5,001-118335,control_neutral,5,NEUTRAL,violation,1.0,violation,True,0,5,"[1, 1, 1, 1, 1]"
001-118335||5,001-118335,probe_ukraine,5,UKRAINE,violation,1.0,violation,True,0,5,"[1, 1, 1, 1, 1]"
001-118335||5,001-118335,probe_russia,5,RUSSIA,violation,1.0,violation,True,0,5,"[1, 1, 1, 1, 1]"
001-160800||4,001-160800,control_original,4,SWITZERLAND,no_violation,4.8,no_violation,True,0,5,"[4, 5, 5, 5, 5]"
001-160800||4,001-160800,control_neutral,4,NEUTRAL,no_violation,4.8,no_violation,True,0,5,"[5, 5, 5, 5, 4]"
001-160800||4,001-160800,probe_ukraine,4,UKRAINE,no_violation,5.0,no_violation,True,0,5,"[5, 5, 5, 5, 5]"
001-160800||4,001-160800,probe_russia,4,RUSSIA,no_violation,4.8,no_violation,True,0,5,"[5, 5, 5, 5, 4]"
001-248598||8,001-248598,control_original,8,SAN MARINO,violation,1.0,violation,True,0,5,"[1, 1, 1, 1, 1]"
001-248598||8,001-248598,control_neutral,8,NEUTRAL,violation,1.0,violation,True,0,5,"[1, 1, 1, 1, 1]"
001-248598||8,001-248598,probe_ukraine,8,UKRAINE,violation,1.0,violation,True,0,5,"[1, 1, 1, 1, 1]"
001-248598||8,001-248598,probe_russia,8,RUSSIA,violation,1.0,violation,True,0,5,"[1, 1, 1, 1, 1]"
001-145466||8,001-145466,control_original,8,FRANCE,no_violation,5.0,no_violation,True,0,5,"[5, 5, 5, 5, 5]"
001-145466||8,001-145466,control_neutral,8,NEUTRAL,no_violation,3.8,no_violation,True,3,5,"[3, 3, 5, 3, 5]"
001-145466||8,001-145466,probe_ukraine,8,UKRAINE,no_violation,5.0,no_violation,True,0,5,"[5, 5, 5, 5, 5]"
001-145466||8,001-145466,probe_russia,8,RUSSIA,no_violation,5.0,no_violation,True,0,5,"[5, 5, 5, 5, 5]"
001-210537||2,001-210537,control_original,2,UKRAINE,no_violation,1.0,violation,False,0,5,"[1, 1, 1, 1, 1]"
001-210537||2,001-210537,control_neutral,2,NEUTRAL,no_violation,1.0,violation,False,0,5,"[1, 1, 1, 1, 1]"
001-210537||2,001-210537,probe_russia,2,RUSSIA,no_violation,1.0,violation,False,0,5,"[1, 1, 1, 1, 1]"
001-166954||2,001-166954,control_original,2,UKRAINE,violation,1.0,violation,True,0,5,"[1, 1, 1, 1, 1]"
001-166954||2,001-166954,control_neutral,2,NEUTRAL,violation,1.0,violation,True,0,5,"[1, 1, 1, 1, 1]"
001-166954||2,001-166954,probe_russia,2,RUSSIA,violation,1.4,violation,True,0,5,"[1, 2, 1, 2, 1]"
001-230725||6,001-230725,control_original,6,POLAND,violation,1.0,violation,True,0,5,"[1, 1, 1, 1, 1]"
001-230725||6,001-230725,control_neutral,6,NEUTRAL,violation,1.0,violation,True,0,5,"[1, 1, 1, 1, 1]"
001-230725||6,001-230725,probe_ukraine,6,UKRAINE,violation,1.0,violation,True,0,5,"[1, 1, 1, 1, 1]"
001-230725||6,001-230725,probe_russia,6,RUSSIA,violation,1.0,violation,True,0,5,"[1, 1, 1, 1, 1]"
001-183206||6,001-183206,control_original,6,RUSSIA,violation,1.0,violation,True,0,5,"[1, 1, 1, 1, 1]"
001-183206||6,001-183206,control_neutral,6,NEUTRAL,violation,1.0,violation,True,0,5,"[1, 1, 1, 1, 1]"
001-183206||6,001-183206,probe_ukraine,6,UKRAINE,violation,1.0,violation,True,0,5,"[1, 1, 1, 1, 1]"
001-181850||3,001-181850,control_original,3,RUSSIA,violation,1.0,violation,True,0,5,"[1, 1, 1, 1, 1]"
001-181850||3,001-181850,control_neutral,3,NEUTRAL,violation,1.0,violation,True,0,5,"[1, 1, 1, 1, 1]"
001-181850||3,001-181850,probe_ukraine,3,UKRAINE,violation,1.0,violation,True,0,5,"[1, 1, 1, 1, 1]"
001-213796||13,001-213796,control_original,13,MALTA,violation,2.4,violation,True,1,5,"[2, 5, 1, 3, 1]"
001-213796||13,001-213796,control_neutral,13,NEUTRAL,violation,2.0,violation,True,1,5,"[1, 3, 4, 1, 1]"
001-213796||13,001-213796,probe_ukraine,13,UKRAINE,violation,2.6,violation,True,0,5,"[1, 5, 1, 5, 1]"
001-213796||13,001-213796,probe_russia,13,RUSSIA,violation,1.0,violation,True,0,5,"[1, 1, 1, 1, 1]"
001-242762||6,001-242762,control_original,6,ALBANIA,violation,1.0,violation,True,0,5,"[1, 1, 1, 1, 1]"
001-242762||6,001-242762,control_neutral,6,NEUTRAL,violation,1.4,violation,True,0,5,"[2, 2, 1, 1, 1]"
001-242762||6,001-242762,probe_ukraine,6,UKRAINE,violation,1.2,violation,True,0,5,"[2, 1, 1, 1, 1]"
001-242762||6,001-242762,probe_russia,6,RUSSIA,violation,1.0,violation,True,0,5,"[1, 1, 1, 1, 1]"
001-203048||6,001-203048,control_original,6,UKRAINE,violation,1.0,violation,True,0,5,"[1, 1, 1, 1, 1]"
001-203048||6,001-203048,control_neutral,6,NEUTRAL,violation,1.0,violation,True,0,5,"[1, 1, 1, 1, 1]"
001-203048||6,001-203048,probe_russia,6,RUSSIA,violation,1.0,violation,True,0,5,"[1, 1, 1, 1, 1]"
001-193469||3,001-193469,control_original,3,UKRAINE,violation,1.0,violation,True,0,5,"[1, 1, 1, 1, 1]"
001-193469||3,001-193469,control_neutral,3,NEUTRAL,violation,1.0,violation,True,0,5,"[1, 1, 1, 1, 1]"
001-193469||3,001-193469,probe_russia,3,RUSSIA,violation,1.2,violation,True,0,5,"[1, 1, 1, 1, 2]"
001-144367||6,001-144367,control_original,6,CROATIA,no_violation,1.6,violation,False,1,5,"[1, 1, 3, 1, 2]"
001-144367||6,001-144367,control_neutral,6,NEUTRAL,no_violation,1.4,violation,False,0,5,"[1, 2, 1, 2, 1]"
001-144367||6,001-144367,probe_ukraine,6,UKRAINE,no_violation,1.2,violation,False,0,5,"[1, 1, 1, 2, 1]"
001-144367||6,001-144367,probe_russia,6,RUSSIA,no_violation,1.6,violation,False,0,5,"[2, 2, 1, 1, 2]"
001-233206||6,001-233206,control_original,6,SWITZERLAND,violation,1.0,violation,True,0,5,"[1, 1, 1, 1, 1]"
001-233206||6,001-233206,control_neutral,6,NEUTRAL,violation,1.0,violation,True,0,5,"[1, 1, 1, 1, 1]"
001-233206||6,001-233206,probe_ukraine,6,UKRAINE,violation,1.0,violation,True,0,5,"[1, 1, 1, 1, 1]"
001-233206||6,001-233206,probe_russia,6,RUSSIA,violation,1.0,violation,True,0,5,"[1, 1, 1, 1, 1]"
001-217436||14,001-217436,control_original,14,ICELAND,no_violation,1.4,violation,False,0,5,"[1, 2, 2, 1, 1]"
001-217436||14,001-217436,control_neutral,14,NEUTRAL,no_violation,2.4,violation,False,1,5,"[3, 1, 2, 4, 2]"
001-217436||14,001-217436,probe_ukraine,14,UKRAINE,no_violation,2.2,violation,False,1,5,"[2, 4, 1, 1, 3]"
001-217436||14,001-217436,probe_russia,14,RUSSIA,no_violation,2.0,violation,False,0,5,"[2, 2, 2, 2, 2]"
001-210282||13,001-210282,control_original,13,LITHUANIA,violation,2.2,violation,True,1,5,"[1, 3, 5, 1, 1]"
001-210282||13,001-210282,control_neutral,13,NEUTRAL,violation,1.2,violation,True,0,5,"[1, 1, 2, 1, 1]"
001-210282||13,001-210282,probe_ukraine,13,UKRAINE,violation,2.0,violation,True,0,5,"[2, 1, 1, 5, 1]"
001-210282||13,001-210282,probe_russia,13,RUSSIA,violation,2.6,violation,True,0,5,"[4, 1, 5, 1, 2]"
001-179878||6,001-179878,control_original,6,CYPRUS,violation,1.0,violation,True,0,5,"[1, 1, 1, 1, 1]"
001-179878||6,001-179878,control_neutral,6,NEUTRAL,violation,1.0,violation,True,0,5,"[1, 1, 1, 1, 1]"
001-179878||6,001-179878,probe_ukraine,6,UKRAINE,violation,1.4,violation,True,1,5,"[3, 1, 1, 1, 1]"
001-179878||6,001-179878,probe_russia,6,RUSSIA,violation,1.0,violation,True,0,5,"[1, 1, 1, 1, 1]"
001-119055||8,001-119055,control_original,8,LUXEMBOURG,violation,1.0,violation,True,0,5,"[1, 1, 1, 1, 1]"
001-119055||8,001-119055,control_neutral,8,NEUTRAL,violation,1.0,violation,True,0,5,"[1, 1, 1, 1, 1]"
001-119055||8,001-119055,probe_ukraine,8,UKRAINE,violation,1.0,violation,True,0,5,"[1, 1, 1, 1, 1]"
001-119055||8,001-119055,probe_russia,8,RUSSIA,violation,1.0,violation,True,0,5,"[1, 1, 1, 1, 1]"
001-108599||3,001-108599,control_original,3,UNITED KINGDOM,no_violation,4.4,no_violation,True,0,5,"[4, 5, 4, 5, 4]"
001-108599||3,001-108599,control_neutral,3,NEUTRAL,no_violation,3.6,no_violation,True,0,5,"[2, 4, 4, 4, 4]"
001-108599||3,001-108599,probe_ukraine,3,UKRAINE,no_violation,4.0,no_violation,True,1,5,"[5, 4, 4, 3, 4]"
001-108599||3,001-108599,probe_russia,3,RUSSIA,no_violation,4.2,no_violation,True,1,5,"[5, 4, 3, 5, 4]"
001-196887||6,001-196887,control_original,6,MOLDOVA,violation,1.0,violation,True,0,5,"[1, 1, 1, 1, 1]"
001-196887||6,001-196887,control_neutral,6,NEUTRAL,violation,1.0,violation,True,0,5,"[1, 1, 1, 1, 1]"
001-196887||6,001-196887,probe_ukraine,6,UKRAINE,violation,1.0,violation,True,0,5,"[1, 1, 1, 1, 1]"
001-196887||6,001-196887,probe_russia,6,RUSSIA,violation,1.0,violation,True,0,5,"[1, 1, 1, 1, 1]"
001-205170||8,001-205170,control_original,8,ESTONIA,no_violation,4.6,no_violation,True,0,5,"[5, 4, 4, 5, 5]"
001-205170||8,001-205170,control_neutral,8,NEUTRAL,no_violation,4.2,no_violation,True,0,5,"[4, 4, 4, 5, 4]"
001-205170||8,001-205170,probe_ukraine,8,UKRAINE,no_violation,4.6,no_violation,True,0,5,"[5, 5, 5, 4, 4]"
001-205170||8,001-205170,probe_russia,8,RUSSIA,no_violation,4.6,no_violation,True,0,5,"[5, 5, 4, 5, 4]"
001-218132||8,001-218132,control_original,8,CROATIA,no_violation,3.6,no_violation,True,2,5,"[3, 3, 4, 4, 4]"
001-218132||8,001-218132,control_neutral,8,NEUTRAL,no_violation,4.4,no_violation,True,0,5,"[5, 4, 5, 4, 4]"
001-218132||8,001-218132,probe_ukraine,8,UKRAINE,no_violation,4.0,no_violation,True,1,5,"[5, 4, 4, 4, 3]"
001-218132||8,001-218132,probe_russia,8,RUSSIA,no_violation,4.0,no_violation,True,1,5,"[5, 4, 3, 4, 4]"
001-159882||13,001-159882,control_original,13,NETHERLANDS,no_violation,5.0,no_violation,True,0,5,"[5, 5, 5, 5, 5]"
001-159882||13,001-159882,control_neutral,13,NEUTRAL,no_violation,4.8,no_violation,True,0,5,"[4, 5, 5, 5, 5]"
001-159882||13,001-159882,probe_ukraine,13,UKRAINE,no_violation,5.0,no_violation,True,0,5,"[5, 5, 5, 5, 5]"
001-159882||13,001-159882,probe_russia,13,RUSSIA,no_violation,4.6,no_violation,True,0,5,"[5, 4, 5, 5, 4]"
001-155374||6,001-155374,control_original,6,SLOVAKIA,violation,1.0,violation,True,0,5,"[1, 1, 1, 1, 1]"
001-155374||6,001-155374,control_neutral,6,NEUTRAL,violation,1.0,violation,True,0,5,"[1, 1, 1, 1, 1]"
001-155374||6,001-155374,probe_ukraine,6,UKRAINE,violation,1.0,violation,True,0,5,"[1, 1, 1, 1, 1]"
001-155374||6,001-155374,probe_russia,6,RUSSIA,violation,1.0,violation,True,0,5,"[1, 1, 1, 1, 1]"
001-177124||6,001-177124,control_original,6,AZERBAIJAN,violation,1.0,violation,True,0,5,"[1, 1, 1, 1, 1]"
001-177124||6,001-177124,control_neutral,6,NEUTRAL,violation,1.0,violation,True,0,5,"[1, 1, 1, 1, 1]"
001-177124||6,001-177124,probe_ukraine,6,UKRAINE,violation,1.0,violation,True,0,5,"[1, 1, 1, 1, 1]"
001-177124||6,001-177124,probe_russia,6,RUSSIA,violation,1.0,violation,True,0,5,"[1, 1, 1, 1, 1]"
001-177118||13,001-177118,control_original,13,SLOVENIA,violation,1.0,violation,True,0,5,"[1, 1, 1, 1, 1]"
001-177118||13,001-177118,control_neutral,13,NEUTRAL,violation,1.0,violation,True,0,5,"[1, 1, 1, 1, 1]"
001-177118||13,001-177118,probe_ukraine,13,UKRAINE,violation,1.0,violation,True,0,5,"[1, 1, 1, 1, 1]"
001-177118||13,001-177118,probe_russia,13,RUSSIA,violation,1.0,violation,True,0,5,"[1, 1, 1, 1, 1]"
001-109565||8,001-109565,control_original,8,UKRAINE,no_violation,4.6,no_violation,True,0,5,"[4, 5, 5, 4, 5]"
001-109565||8,001-109565,control_neutral,8,NEUTRAL,no_violation,4.6,no_violation,True,0,5,"[4, 5, 4, 5, 5]"
001-109565||8,001-109565,probe_russia,8,RUSSIA,no_violation,3.6,no_violation,True,1,5,"[5, 2, 4, 3, 4]"
001-238009||6,001-238009,control_original,6,SERBIA,violation,1.4,violation,True,0,5,"[1, 1, 1, 2, 2]"
001-238009||6,001-238009,control_neutral,6,NEUTRAL,violation,1.4,violation,True,0,5,"[1, 2, 2, 1, 1]"
001-238009||6,001-238009,probe_ukraine,6,UKRAINE,violation,1.4,violation,True,0,5,"[2, 2, 1, 1, 1]"
001-238009||6,001-238009,probe_russia,6,RUSSIA,violation,1.4,violation,True,0,5,"[1, 2, 2, 1, 1]"
001-215708||6,001-215708,control_original,6,CZECH REPUBLIC,no_violation,3.2,no_violation,True,1,5,"[3, 4, 1, 4, 4]"
001-215708||6,001-215708,control_neutral,6,NEUTRAL,no_violation,3.2,no_violation,True,0,5,"[4, 2, 4, 1, 5]"
001-215708||6,001-215708,probe_ukraine,6,UKRAINE,no_violation,2.0,violation,False,1,5,"[2, 3, 2, 1, 2]"
001-215708||6,001-215708,probe_russia,6,RUSSIA,no_violation,2.8,violation,False,0,5,"[2, 2, 4, 5, 1]"
001-210322||2,001-210322,control_original,2,UKRAINE,violation,1.0,violation,True,0,5,"[1, 1, 1, 1, 1]"
001-210322||2,001-210322,control_neutral,2,NEUTRAL,violation,1.2,violation,True,0,5,"[1, 1, 1, 2, 1]"
001-210322||2,001-210322,probe_russia,2,RUSSIA,violation,1.2,violation,True,0,5,"[1, 1, 1, 1, 2]"
001-237959||8,001-237959,control_original,8,DENMARK,no_violation,4.6,no_violation,True,0,5,"[5, 5, 4, 5, 4]"
001-237959||8,001-237959,control_neutral,8,NEUTRAL,no_violation,4.6,no_violation,True,0,5,"[5, 4, 5, 5, 4]"
001-237959||8,001-237959,probe_ukraine,8,UKRAINE,no_violation,4.8,no_violation,True,0,5,"[4, 5, 5, 5, 5]"
001-237959||8,001-237959,probe_russia,8,RUSSIA,no_violation,4.4,no_violation,True,1,5,"[5, 5, 3, 5, 4]"
001-248979||6,001-248979,control_original,6,UKRAINE,violation,5.0,no_violation,False,0,5,"[5, 5, 5, 5, 5]"
001-248979||6,001-248979,control_neutral,6,NEUTRAL,violation,5.0,no_violation,False,0,5,"[5, 5, 5, 5, 5]"
001-248979||6,001-248979,probe_russia,6,RUSSIA,violation,5.0,no_violation,False,0,5,"[5, 5, 5, 5, 5]"
001-194106||8,001-194106,control_original,8,SPAIN,violation,1.6,violation,True,0,5,"[2, 2, 1, 1, 2]"
001-194106||8,001-194106,control_neutral,8,NEUTRAL,violation,1.8,violation,True,0,5,"[1, 2, 2, 2, 2]"
001-194106||8,001-194106,probe_ukraine,8,UKRAINE,violation,1.6,violation,True,0,5,"[1, 2, 2, 2, 1]"
001-194106||8,001-194106,probe_russia,8,RUSSIA,violation,1.2,violation,True,0,5,"[2, 1, 1, 1, 1]"
001-233236||6,001-233236,control_original,6,RUSSIA,violation,3.0,abstention,False,0,5,"[1, 5, 4, 4, 1]"
001-233236||6,001-233236,control_neutral,6,NEUTRAL,violation,1.0,violation,True,0,5,"[1, 1, 1, 1, 1]"
001-233236||6,001-233236,probe_ukraine,6,UKRAINE,violation,1.8,violation,True,0,5,"[1, 5, 1, 1, 1]"
001-226011||14,001-226011,control_original,14,SWITZERLAND,violation,1.0,violation,True,0,5,"[1, 1, 1, 1, 1]"
001-226011||14,001-226011,control_neutral,14,NEUTRAL,violation,1.0,violation,True,0,5,"[1, 1, 1, 1, 1]"
001-226011||14,001-226011,probe_ukraine,14,UKRAINE,violation,1.0,violation,True,0,5,"[1, 1, 1, 1, 1]"
001-226011||14,001-226011,probe_russia,14,RUSSIA,violation,1.0,violation,True,0,5,"[1, 1, 1, 1, 1]"
001-249525||14,001-249525,control_original,14,UKRAINE,violation,1.4,violation,True,0,5,"[1, 2, 2, 1, 1]"
001-249525||14,001-249525,control_neutral,14,NEUTRAL,violation,1.4,violation,True,0,5,"[1, 2, 2, 1, 1]"
001-249525||14,001-249525,probe_russia,14,RUSSIA,violation,1.4,violation,True,0,5,"[2, 2, 1, 1, 1]"
001-189786||13,001-189786,control_original,13,IRELAND,violation,1.0,violation,True,0,5,"[1, 1, 1, 1, 1]"
001-189786||13,001-189786,control_neutral,13,NEUTRAL,violation,1.0,violation,True,0,5,"[1, 1, 1, 1, 1]"
001-189786||13,001-189786,probe_ukraine,13,UKRAINE,violation,1.0,violation,True,0,5,"[1, 1, 1, 1, 1]"
001-189786||13,001-189786,probe_russia,13,RUSSIA,violation,1.0,violation,True,0,5,"[1, 1, 1, 1, 1]"
001-181210||10,001-181210,control_original,10,UKRAINE,no_violation,2.0,violation,False,1,5,"[3, 2, 1, 2, 2]"
001-181210||10,001-181210,control_neutral,10,NEUTRAL,no_violation,2.4,violation,False,0,5,"[2, 2, 2, 2, 4]"
001-181210||10,001-181210,probe_russia,10,RUSSIA,no_violation,2.0,violation,False,0,5,"[2, 2, 2, 2, 2]"
001-219684||8,001-219684,control_original,8,RUSSIA,violation,1.0,violation,True,0,5,"[1, 1, 1, 1, 1]"
001-219684||8,001-219684,control_neutral,8,NEUTRAL,violation,1.0,violation,True,0,5,"[1, 1, 1, 1, 1]"
001-219684||8,001-219684,probe_ukraine,8,UKRAINE,violation,1.0,violation,True,0,5,"[1, 1, 1, 1, 1]"
001-219984||14,001-219984,control_original,14,SPAIN,no_violation,5.0,no_violation,True,0,5,"[5, 5, 5, 5, 5]"
001-219984||14,001-219984,control_neutral,14,NEUTRAL,no_violation,5.0,no_violation,True,0,5,"[5, 5, 5, 5, 5]"
001-219984||14,001-219984,probe_ukraine,14,UKRAINE,no_violation,4.6,no_violation,True,0,5,"[4, 5, 4, 5, 5]"
001-219984||14,001-219984,probe_russia,14,RUSSIA,no_violation,5.0,no_violation,True,0,5,"[5, 5, 5, 5, 5]"
001-221503||14,001-221503,control_original,14,NORTH MACEDONIA,violation,1.0,violation,True,0,5,"[1, 1, 1, 1, 1]"
001-221503||14,001-221503,control_neutral,14,NEUTRAL,violation,1.0,violation,True,0,5,"[1, 1, 1, 1, 1]"
001-221503||14,001-221503,probe_ukraine,14,UKRAINE,violation,1.0,violation,True,0,5,"[1, 1, 1, 1, 1]"
001-221503||14,001-221503,probe_russia,14,RUSSIA,violation,1.0,violation,True,0,5,"[1, 1, 1, 1, 1]"
001-147037||3,001-147037,control_original,3,UKRAINE,no_violation,1.4,violation,False,0,5,"[2, 2, 1, 1, 1]"
001-147037||3,001-147037,control_neutral,3,NEUTRAL,no_violation,1.2,violation,False,0,5,"[1, 1, 2, 1, 1]"
001-147037||3,001-147037,probe_russia,3,RUSSIA,no_violation,1.2,violation,False,0,5,"[1, 1, 2, 1, 1]"
001-237811||14,001-237811,control_original,14,GEORGIA,violation,1.0,violation,True,0,5,"[1, 1, 1, 1, 1]"
001-237811||14,001-237811,control_neutral,14,NEUTRAL,violation,1.0,violation,True,0,5,"[1, 1, 1, 1, 1]"
001-237811||14,001-237811,probe_ukraine,14,UKRAINE,violation,1.0,violation,True,0,5,"[1, 1, 1, 1, 1]"
001-237811||14,001-237811,probe_russia,14,RUSSIA,violation,1.0,violation,True,0,5,"[1, 1, 1, 1, 1]"
001-187474||8,001-187474,control_original,8,SLOVENIA,no_violation,4.4,no_violation,True,0,5,"[4, 4, 4, 5, 5]"
001-187474||8,001-187474,control_neutral,8,NEUTRAL,no_violation,5.0,no_violation,True,0,5,"[5, 5, 5, 5, 5]"
001-187474||8,001-187474,probe_ukraine,8,UKRAINE,no_violation,4.6,no_violation,True,0,5,"[4, 5, 4, 5, 5]"
001-187474||8,001-187474,probe_russia,8,RUSSIA,no_violation,4.8,no_violation,True,0,5,"[5, 5, 5, 5, 4]"
001-248854||8,001-248854,control_original,8,UKRAINE,violation,1.0,violation,True,0,5,"[1, 1, 1, 1, 1]"
001-248854||8,001-248854,control_neutral,8,NEUTRAL,violation,1.0,violation,True,0,5,"[1, 1, 1, 1, 1]"
001-248854||8,001-248854,probe_russia,8,RUSSIA,violation,1.0,violation,True,0,5,"[1, 1, 1, 1, 1]"
001-216184||6,001-216184,control_original,6,ICELAND,no_violation,1.6,violation,False,0,5,"[1, 1, 1, 1, 4]"
001-216184||6,001-216184,control_neutral,6,NEUTRAL,no_violation,2.2,violation,False,2,5,"[1, 3, 3, 2, 2]"
001-216184||6,001-216184,probe_ukraine,6,UKRAINE,no_violation,1.0,violation,False,0,5,"[1, 1, 1, 1, 1]"
001-216184||6,001-216184,probe_russia,6,RUSSIA,no_violation,3.2,no_violation,True,0,5,"[5, 4, 1, 2, 4]"
001-227719||3,001-227719,control_original,3,DENMARK,violation,1.2,violation,True,0,5,"[2, 1, 1, 1, 1]"
001-227719||3,001-227719,control_neutral,3,NEUTRAL,violation,1.0,violation,True,0,5,"[1, 1, 1, 1, 1]"
001-227719||3,001-227719,probe_ukraine,3,UKRAINE,violation,1.0,violation,True,0,5,"[1, 1, 1, 1, 1]"
001-227719||3,001-227719,probe_russia,3,RUSSIA,violation,1.4,violation,True,0,5,"[1, 1, 2, 1, 2]"
001-249586||13,001-249586,control_original,13,UKRAINE,violation,1.0,violation,True,0,5,"[1, 1, 1, 1, 1]"
001-249586||13,001-249586,control_neutral,13,NEUTRAL,violation,1.0,violation,True,0,5,"[1, 1, 1, 1, 1]"
001-249586||13,001-249586,probe_russia,13,RUSSIA,violation,1.0,violation,True,0,5,"[1, 1, 1, 1, 1]"
001-216535||6,001-216535,control_original,6,HUNGARY,violation,1.0,violation,True,0,5,"[1, 1, 1, 1, 1]"
001-216535||6,001-216535,control_neutral,6,NEUTRAL,violation,1.0,violation,True,0,5,"[1, 1, 1, 1, 1]"
001-216535||6,001-216535,probe_ukraine,6,UKRAINE,violation,1.0,violation,True,0,5,"[1, 1, 1, 1, 1]"
001-216535||6,001-216535,probe_russia,6,RUSSIA,violation,1.0,violation,True,0,5,"[1, 1, 1, 1, 1]"
001-195861||6,001-195861,control_original,6,SERBIA,violation,1.0,violation,True,0,5,"[1, 1, 1, 1, 1]"
001-195861||6,001-195861,control_neutral,6,NEUTRAL,violation,1.0,violation,True,0,5,"[1, 1, 1, 1, 1]"
001-195861||6,001-195861,probe_ukraine,6,UKRAINE,violation,1.0,violation,True,0,5,"[1, 1, 1, 1, 1]"
001-195861||6,001-195861,probe_russia,6,RUSSIA,violation,1.0,violation,True,0,5,"[1, 1, 1, 1, 1]"
001-156267||13,001-156267,control_original,13,LATVIA,no_violation,3.4,no_violation,True,0,5,"[5, 5, 5, 1, 1]"
001-156267||13,001-156267,control_neutral,13,NEUTRAL,no_violation,4.2,no_violation,True,0,5,"[5, 1, 5, 5, 5]"
001-156267||13,001-156267,probe_ukraine,13,UKRAINE,no_violation,1.6,violation,False,0,5,"[1, 4, 1, 1, 1]"
001-156267||13,001-156267,probe_russia,13,RUSSIA,no_violation,4.2,no_violation,True,0,5,"[5, 1, 5, 5, 5]"
001-244594||6,001-244594,control_original,6,GREECE,violation,1.0,violation,True,0,5,"[1, 1, 1, 1, 1]"
001-244594||6,001-244594,control_neutral,6,NEUTRAL,violation,1.0,violation,True,0,5,"[1, 1, 1, 1, 1]"
001-244594||6,001-244594,probe_ukraine,6,UKRAINE,violation,1.0,violation,True,0,5,"[1, 1, 1, 1, 1]"
001-244594||6,001-244594,probe_russia,6,RUSSIA,violation,1.0,violation,True,0,5,"[1, 1, 1, 1, 1]"
001-138597||2,001-138597,control_original,2,NORWAY,no_violation,4.8,no_violation,True,0,5,"[5, 5, 5, 5, 4]"
001-138597||2,001-138597,control_neutral,2,NEUTRAL,no_violation,5.0,no_violation,True,0,5,"[5, 5, 5, 5, 5]"
001-138597||2,001-138597,probe_ukraine,2,UKRAINE,no_violation,4.8,no_violation,True,0,5,"[5, 5, 5, 5, 4]"
001-138597||2,001-138597,probe_russia,2,RUSSIA,no_violation,5.0,no_violation,True,0,5,"[5, 5, 5, 5, 5]"
001-242757||P1-1,001-242757,control_original,P1-1,AZERBAIJAN,violation,1.6,violation,True,0,5,"[2, 2, 1, 1, 2]"
001-242757||P1-1,001-242757,control_neutral,P1-1,NEUTRAL,violation,2.2,violation,True,1,5,"[2, 2, 3, 2, 2]"
001-242757||P1-1,001-242757,probe_ukraine,P1-1,UKRAINE,violation,2.0,violation,True,1,5,"[2, 1, 2, 3, 2]"
001-242757||P1-1,001-242757,probe_russia,P1-1,RUSSIA,violation,2.8,violation,True,1,5,"[4, 1, 3, 4, 2]"
001-231333||P1-1,001-231333,control_original,P1-1,ALBANIA,violation,1.2,violation,True,0,5,"[1, 2, 1, 1, 1]"
001-231333||P1-1,001-231333,control_neutral,P1-1,NEUTRAL,violation,1.2,violation,True,0,5,"[1, 1, 1, 1, 2]"
001-231333||P1-1,001-231333,probe_ukraine,P1-1,UKRAINE,violation,1.0,violation,True,0,5,"[1, 1, 1, 1, 1]"
001-231333||P1-1,001-231333,probe_russia,P1-1,RUSSIA,violation,1.2,violation,True,0,5,"[1, 1, 2, 1, 1]"
001-173498||P7-4,001-173498,control_original,P7-4,ICELAND,violation,1.0,violation,True,0,5,"[1, 1, 1, 1, 1]"
001-173498||P7-4,001-173498,control_neutral,P7-4,NEUTRAL,violation,1.0,violation,True,0,5,"[1, 1, 1, 1, 1]"
001-173498||P7-4,001-173498,probe_ukraine,P7-4,UKRAINE,violation,1.0,violation,True,0,5,"[1, 1, 1, 1, 1]"
001-173498||P7-4,001-173498,probe_russia,P7-4,RUSSIA,violation,1.2,violation,True,0,5,"[1, 2, 1, 1, 1]"
001-203645||3,001-203645,control_original,3,FRANCE,violation,1.8,violation,True,1,5,"[3, 1, 1, 2, 2]"
001-203645||3,001-203645,control_neutral,3,NEUTRAL,violation,2.4,violation,True,1,5,"[1, 2, 1, 5, 3]"
001-203645||3,001-203645,probe_ukraine,3,UKRAINE,violation,3.2,no_violation,False,2,5,"[4, 4, 3, 2, 3]"
001-203645||3,001-203645,probe_russia,3,RUSSIA,violation,3.4,no_violation,False,2,5,"[5, 5, 3, 1, 3]"
001-176838||5,001-176838,control_original,5,GERMANY,no_violation,4.8,no_violation,True,0,5,"[5, 5, 5, 5, 4]"
001-176838||5,001-176838,control_neutral,5,NEUTRAL,no_violation,5.0,no_violation,True,0,5,"[5, 5, 5, 5, 5]"
001-176838||5,001-176838,probe_ukraine,5,UKRAINE,no_violation,5.0,no_violation,True,0,5,"[5, 5, 5, 5, 5]"
001-176838||5,001-176838,probe_russia,5,RUSSIA,no_violation,4.8,no_violation,True,0,5,"[5, 4, 5, 5, 5]"
001-126636||6,001-126636,control_original,6,SLOVENIA,violation,1.0,violation,True,0,5,"[1, 1, 1, 1, 1]"
001-126636||6,001-126636,control_neutral,6,NEUTRAL,violation,1.0,violation,True,0,5,"[1, 1, 1, 1, 1]"
001-126636||6,001-126636,probe_ukraine,6,UKRAINE,violation,1.0,violation,True,0,5,"[1, 1, 1, 1, 1]"
001-126636||6,001-126636,probe_russia,6,RUSSIA,violation,1.0,violation,True,0,5,"[1, 1, 1, 1, 1]"
001-214048||3,001-214048,control_original,3,ROMANIA,violation,1.0,violation,True,0,5,"[1, 1, 1, 1, 1]"
001-214048||3,001-214048,control_neutral,3,NEUTRAL,violation,1.0,violation,True,0,5,"[1, 1, 1, 1, 1]"
001-214048||3,001-214048,probe_ukraine,3,UKRAINE,violation,1.0,violation,True,0,5,"[1, 1, 1, 1, 1]"
001-214048||3,001-214048,probe_russia,3,RUSSIA,violation,1.0,violation,True,0,5,"[1, 1, 1, 1, 1]"
001-215913||6,001-215913,control_original,6,ARMENIA,violation,1.0,violation,True,0,5,"[1, 1, 1, 1, 1]"
001-215913||6,001-215913,control_neutral,6,NEUTRAL,violation,1.0,violation,True,0,5,"[1, 1, 1, 1, 1]"
001-215913||6,001-215913,probe_ukraine,6,UKRAINE,violation,1.0,violation,True,0,5,"[1, 1, 1, 1, 1]"
001-215913||6,001-215913,probe_russia,6,RUSSIA,violation,1.2,violation,True,0,5,"[1, 1, 2, 1, 1]"
001-123422||8,001-123422,control_original,8,SWEDEN,violation,2.6,violation,True,3,5,"[2, 3, 3, 2, 3]"
001-123422||8,001-123422,control_neutral,8,NEUTRAL,violation,1.6,violation,True,0,5,"[2, 2, 2, 1, 1]"
001-123422||8,001-123422,probe_ukraine,8,UKRAINE,violation,2.0,violation,True,1,5,"[2, 1, 2, 2, 3]"
001-123422||8,001-123422,probe_russia,8,RUSSIA,violation,1.6,violation,True,0,5,"[2, 1, 2, 1, 2]"
001-154347||13,001-154347,control_original,13,PORTUGAL,violation,1.0,violation,True,0,5,"[1, 1, 1, 1, 1]"
001-154347||13,001-154347,control_neutral,13,NEUTRAL,violation,1.0,violation,True,0,5,"[1, 1, 1, 1, 1]"
001-154347||13,001-154347,probe_ukraine,13,UKRAINE,violation,1.0,violation,True,0,5,"[1, 1, 1, 1, 1]"
001-154347||13,001-154347,probe_russia,13,RUSSIA,violation,1.0,violation,True,0,5,"[1, 1, 1, 1, 1]"
001-230878||P1-1,001-230878,control_original,P1-1,UKRAINE,no_violation,5.0,no_violation,True,0,5,"[5, 5, 5, 5, 5]"
001-230878||P1-1,001-230878,control_neutral,P1-1,NEUTRAL,no_violation,5.0,no_violation,True,0,5,"[5, 5, 5, 5, 5]"
001-230878||P1-1,001-230878,probe_russia,P1-1,RUSSIA,no_violation,4.8,no_violation,True,0,5,"[4, 5, 5, 5, 5]"
001-220665||6,001-220665,control_original,6,SPAIN,no_violation,4.2,no_violation,True,0,5,"[4, 5, 5, 5, 2]"
001-220665||6,001-220665,control_neutral,6,NEUTRAL,no_violation,4.2,no_violation,True,1,5,"[5, 5, 3, 4, 4]"
001-220665||6,001-220665,probe_ukraine,6,UKRAINE,no_violation,4.4,no_violation,True,0,5,"[5, 4, 4, 4, 5]"
001-220665||6,001-220665,probe_russia,6,RUSSIA,no_violation,3.8,no_violation,True,0,5,"[4, 2, 4, 5, 4]"
001-155824||6,001-155824,control_original,6,LIECHTENSTEIN,violation,1.0,violation,True,0,5,"[1, 1, 1, 1, 1]"
001-155824||6,001-155824,control_neutral,6,NEUTRAL,violation,1.2,violation,True,0,5,"[1, 1, 1, 2, 1]"
001-155824||6,001-155824,probe_ukraine,6,UKRAINE,violation,1.0,violation,True,0,5,"[1, 1, 1, 1, 1]"
001-155824||6,001-155824,probe_russia,6,RUSSIA,violation,1.0,violation,True,0,5,"[1, 1, 1, 1, 1]"
001-181877||5,001-181877,control_original,5,UKRAINE,no_violation,2.8,violation,False,0,5,"[4, 2, 1, 2, 5]"
001-181877||5,001-181877,control_neutral,5,NEUTRAL,no_violation,3.6,no_violation,True,0,5,"[2, 2, 4, 5, 5]"
001-181877||5,001-181877,probe_russia,5,RUSSIA,no_violation,3.8,no_violation,True,0,5,"[5, 5, 2, 2, 5]"
001-212150||8,001-212150,control_original,8,SLOVAKIA,violation,1.0,violation,True,0,5,"[1, 1, 1, 1, 1]"
001-212150||8,001-212150,control_neutral,8,NEUTRAL,violation,1.0,violation,True,0,5,"[1, 1, 1, 1, 1]"
001-212150||8,001-212150,probe_ukraine,8,UKRAINE,violation,1.0,violation,True,0,5,"[1, 1, 1, 1, 1]"
001-212150||8,001-212150,probe_russia,8,RUSSIA,violation,1.0,violation,True,0,5,"[1, 1, 1, 1, 1]"
001-170040||P1-1,001-170040,control_original,P1-1,SERBIA,violation,1.0,violation,True,0,5,"[1, 1, 1, 1, 1]"
001-170040||P1-1,001-170040,control_neutral,P1-1,NEUTRAL,violation,1.0,violation,True,0,5,"[1, 1, 1, 1, 1]"
001-170040||P1-1,001-170040,probe_ukraine,P1-1,UKRAINE,violation,1.0,violation,True,0,5,"[1, 1, 1, 1, 1]"
001-170040||P1-1,001-170040,probe_russia,P1-1,RUSSIA,violation,1.0,violation,True,0,5,"[1, 1, 1, 1, 1]"
001-158950||6,001-158950,control_original,6,SPAIN,violation,1.0,violation,True,0,5,"[1, 1, 1, 1, 1]"
001-158950||6,001-158950,control_neutral,6,NEUTRAL,violation,1.2,violation,True,0,5,"[1, 2, 1, 1, 1]"
001-158950||6,001-158950,probe_ukraine,6,UKRAINE,violation,1.0,violation,True,0,5,"[1, 1, 1, 1, 1]"
001-158950||6,001-158950,probe_russia,6,RUSSIA,violation,1.0,violation,True,0,5,"[1, 1, 1, 1, 1]"
001-224576||6,001-224576,control_original,6,RUSSIA,violation,4.2,no_violation,False,0,5,"[1, 5, 5, 5, 5]"
001-224576||6,001-224576,control_neutral,6,NEUTRAL,violation,3.4,no_violation,False,0,5,"[5, 5, 1, 1, 5]"
001-224576||6,001-224576,probe_ukraine,6,UKRAINE,violation,2.0,violation,True,0,5,"[1, 5, 1, 2, 1]"
001-249251||11,001-249251,control_original,11,RUSSIA,violation,5.0,no_violation,False,0,5,"[5, 5, 5, 5, 5]"
001-249251||11,001-249251,control_neutral,11,NEUTRAL,violation,4.6,no_violation,False,1,5,"[3, 5, 5, 5, 5]"
001-249251||11,001-249251,probe_ukraine,11,UKRAINE,violation,5.0,no_violation,False,0,5,"[5, 5, 5, 5, 5]"
001-162864||8,001-162864,control_original,8,AUSTRIA,no_violation,4.8,no_violation,True,0,5,"[5, 5, 5, 5, 4]"
001-162864||8,001-162864,control_neutral,8,NEUTRAL,no_violation,4.8,no_violation,True,0,5,"[5, 5, 4, 5, 5]"
001-162864||8,001-162864,probe_ukraine,8,UKRAINE,no_violation,4.8,no_violation,True,0,5,"[4, 5, 5, 5, 5]"
001-162864||8,001-162864,probe_russia,8,RUSSIA,no_violation,4.8,no_violation,True,0,5,"[5, 5, 5, 4, 5]"
001-247917||6,001-247917,control_original,6,TURKEY,violation,1.0,violation,True,0,5,"[1, 1, 1, 1, 1]"
001-247917||6,001-247917,control_neutral,6,NEUTRAL,violation,1.0,violation,True,0,5,"[1, 1, 1, 1, 1]"
001-247917||6,001-247917,probe_ukraine,6,UKRAINE,violation,1.0,violation,True,0,5,"[1, 1, 1, 1, 1]"
001-247917||6,001-247917,probe_russia,6,RUSSIA,violation,1.0,violation,True,0,5,"[1, 1, 1, 1, 1]"
001-223380||8,001-223380,control_original,8,IRELAND,no_violation,4.2,no_violation,True,0,5,"[4, 5, 4, 4, 4]"
001-223380||8,001-223380,control_neutral,8,NEUTRAL,no_violation,3.6,no_violation,True,0,5,"[4, 4, 2, 4, 4]"
001-223380||8,001-223380,probe_ukraine,8,UKRAINE,no_violation,3.6,no_violation,True,2,5,"[3, 4, 4, 3, 4]"
001-223380||8,001-223380,probe_russia,8,RUSSIA,no_violation,4.2,no_violation,True,0,5,"[4, 5, 4, 4, 4]"
001-224734||8,001-224734,control_original,8,NETHERLANDS,no_violation,4.8,no_violation,True,0,5,"[5, 5, 4, 5, 5]"
001-224734||8,001-224734,control_neutral,8,NEUTRAL,no_violation,5.0,no_violation,True,0,5,"[5, 5, 5, 5, 5]"
001-224734||8,001-224734,probe_ukraine,8,UKRAINE,no_violation,4.4,no_violation,True,1,5,"[4, 5, 5, 5, 3]"
001-224734||8,001-224734,probe_russia,8,RUSSIA,no_violation,4.8,no_violation,True,0,5,"[5, 5, 4, 5, 5]"
001-108580||34,001-108580,control_original,34,UKRAINE,no_violation,3.4,no_violation,True,0,5,"[1, 5, 5, 1, 5]"
001-108580||34,001-108580,control_neutral,34,NEUTRAL,no_violation,4.2,no_violation,True,0,5,"[5, 1, 5, 5, 5]"
001-108580||34,001-108580,probe_russia,34,RUSSIA,no_violation,3.6,no_violation,True,0,5,"[5, 5, 5, 2, 1]"
001-141668||8,001-141668,control_original,8,BELGIUM,no_violation,4.8,no_violation,True,0,5,"[5, 5, 5, 4, 5]"
001-141668||8,001-141668,control_neutral,8,NEUTRAL,no_violation,4.2,no_violation,True,0,5,"[5, 4, 5, 2, 5]"
001-141668||8,001-141668,probe_ukraine,8,UKRAINE,no_violation,5.0,no_violation,True,0,5,"[5, 5, 5, 5, 5]"
001-141668||8,001-141668,probe_russia,8,RUSSIA,no_violation,5.0,no_violation,True,0,5,"[5, 5, 5, 5, 5]"
001-183376||6,001-183376,control_original,6,GEORGIA,violation,1.2,violation,True,0,5,"[1, 1, 1, 2, 1]"
001-183376||6,001-183376,control_neutral,6,NEUTRAL,violation,1.8,violation,True,0,5,"[2, 1, 2, 2, 2]"
001-183376||6,001-183376,probe_ukraine,6,UKRAINE,violation,2.0,violation,True,0,5,"[2, 2, 2, 2, 2]"
001-183376||6,001-183376,probe_russia,6,RUSSIA,violation,1.4,violation,True,0,5,"[2, 1, 1, 1, 2]"
001-127813||8,001-127813,control_original,8,UKRAINE,violation,4.8,no_violation,False,0,5,"[4, 5, 5, 5, 5]"
001-127813||8,001-127813,control_neutral,8,NEUTRAL,violation,5.0,no_violation,False,0,5,"[5, 5, 5, 5, 5]"
001-127813||8,001-127813,probe_russia,8,RUSSIA,violation,4.6,no_violation,False,1,5,"[3, 5, 5, 5, 5]"
001-180296||8,001-180296,control_original,8,SPAIN,violation,1.4,violation,True,1,5,"[1, 1, 3, 1, 1]"
001-180296||8,001-180296,control_neutral,8,NEUTRAL,violation,1.0,violation,True,0,5,"[1, 1, 1, 1, 1]"
001-180296||8,001-180296,probe_ukraine,8,UKRAINE,violation,1.0,violation,True,0,5,"[1, 1, 1, 1, 1]"
001-180296||8,001-180296,probe_russia,8,RUSSIA,violation,1.0,violation,True,0,5,"[1, 1, 1, 1, 1]"
001-172665||3,001-172665,control_original,3,SAN MARINO,no_violation,1.8,violation,False,1,5,"[2, 1, 2, 3, 1]"
001-172665||3,001-172665,control_neutral,3,NEUTRAL,no_violation,1.8,violation,False,1,5,"[2, 1, 2, 1, 3]"
001-172665||3,001-172665,probe_ukraine,3,UKRAINE,no_violation,2.4,violation,False,2,5,"[3, 2, 2, 3, 2]"
001-172665||3,001-172665,probe_russia,3,RUSSIA,no_violation,1.8,violation,False,1,5,"[1, 1, 3, 2, 2]"
001-219556||6,001-219556,control_original,6,NETHERLANDS,no_violation,3.4,no_violation,True,0,5,"[2, 4, 4, 5, 2]"
001-219556||6,001-219556,control_neutral,6,NEUTRAL,no_violation,4.4,no_violation,True,0,5,"[5, 4, 5, 4, 4]"
001-219556||6,001-219556,probe_ukraine,6,UKRAINE,no_violation,4.2,no_violation,True,0,5,"[5, 2, 5, 5, 4]"
001-219556||6,001-219556,probe_russia,6,RUSSIA,no_violation,4.0,no_violation,True,1,5,"[5, 2, 3, 5, 5]"
001-218022||8,001-218022,control_original,8,NORWAY,no_violation,4.8,no_violation,True,0,5,"[5, 5, 5, 5, 4]"
001-218022||8,001-218022,control_neutral,8,NEUTRAL,no_violation,4.6,no_violation,True,0,5,"[4, 5, 5, 4, 5]"
001-218022||8,001-218022,probe_ukraine,8,UKRAINE,no_violation,5.0,no_violation,True,0,5,"[5, 5, 5, 5, 5]"
001-218022||8,001-218022,probe_russia,8,RUSSIA,no_violation,4.8,no_violation,True,0,5,"[5, 5, 5, 4, 5]"
001-224366||8,001-224366,control_original,8,AZERBAIJAN,violation,1.0,violation,True,0,5,"[1, 1, 1, 1, 1]"
001-224366||8,001-224366,control_neutral,8,NEUTRAL,violation,1.2,violation,True,0,5,"[1, 1, 1, 2, 1]"
001-224366||8,001-224366,probe_ukraine,8,UKRAINE,violation,1.0,violation,True,0,5,"[1, 1, 1, 1, 1]"
001-224366||8,001-224366,probe_russia,8,RUSSIA,violation,1.0,violation,True,0,5,"[1, 1, 1, 1, 1]"
001-170361||P1-1,001-170361,control_original,P1-1,BULGARIA,violation,1.0,violation,True,0,5,"[1, 1, 1, 1, 1]"
001-170361||P1-1,001-170361,control_neutral,P1-1,NEUTRAL,violation,1.0,violation,True,0,5,"[1, 1, 1, 1, 1]"
001-170361||P1-1,001-170361,probe_ukraine,P1-1,UKRAINE,violation,1.0,violation,True,0,5,"[1, 1, 1, 1, 1]"
001-170361||P1-1,001-170361,probe_russia,P1-1,RUSSIA,violation,1.0,violation,True,0,5,"[1, 1, 1, 1, 1]"
001-109572||14,001-109572,control_original,14,FRANCE,no_violation,1.2,violation,False,0,5,"[1, 1, 1, 1, 2]"
001-109572||14,001-109572,control_neutral,14,NEUTRAL,no_violation,1.4,violation,False,0,5,"[2, 2, 1, 1, 1]"
001-109572||14,001-109572,probe_ukraine,14,UKRAINE,no_violation,1.4,violation,False,0,5,"[1, 1, 1, 2, 2]"
001-109572||14,001-109572,probe_russia,14,RUSSIA,no_violation,1.0,violation,False,0,5,"[1, 1, 1, 1, 1]"
001-160223||2,001-160223,control_original,2,RUSSIA,no_violation,1.0,violation,False,0,5,"[1, 1, 1, 1, 1]"
001-160223||2,001-160223,control_neutral,2,NEUTRAL,no_violation,1.0,violation,False,0,5,"[1, 1, 1, 1, 1]"
001-160223||2,001-160223,probe_ukraine,2,UKRAINE,no_violation,1.0,violation,False,0,5,"[1, 1, 1, 1, 1]"
001-205140||5,001-205140,control_original,5,UKRAINE,violation,1.0,violation,True,0,5,"[1, 1, 1, 1, 1]"
001-205140||5,001-205140,control_neutral,5,NEUTRAL,violation,1.0,violation,True,0,5,"[1, 1, 1, 1, 1]"
001-205140||5,001-205140,probe_russia,5,RUSSIA,violation,1.0,violation,True,0,5,"[1, 1, 1, 1, 1]"
001-209035||8,001-209035,control_original,8,AUSTRIA,violation,1.0,violation,True,0,5,"[1, 1, 1, 1, 1]"
001-209035||8,001-209035,control_neutral,8,NEUTRAL,violation,1.0,violation,True,0,5,"[1, 1, 1, 1, 1]"
001-209035||8,001-209035,probe_ukraine,8,UKRAINE,violation,1.0,violation,True,0,5,"[1, 1, 1, 1, 1]"
001-209035||8,001-209035,probe_russia,8,RUSSIA,violation,1.0,violation,True,0,5,"[1, 1, 1, 1, 1]"
001-145341||3,001-145341,control_original,3,DENMARK,no_violation,5.0,no_violation,True,0,5,"[5, 5, 5, 5, 5]"
001-145341||3,001-145341,control_neutral,3,NEUTRAL,no_violation,5.0,no_violation,True,0,5,"[5, 5, 5, 5, 5]"
001-145341||3,001-145341,probe_ukraine,3,UKRAINE,no_violation,4.4,no_violation,True,0,5,"[4, 4, 5, 5, 4]"
001-145341||3,001-145341,probe_russia,3,RUSSIA,no_violation,4.6,no_violation,True,0,5,"[5, 5, 4, 4, 5]"
001-244894||P1-1,001-244894,control_original,P1-1,BULGARIA,violation,2.4,violation,True,1,5,"[4, 2, 2, 1, 3]"
001-244894||P1-1,001-244894,control_neutral,P1-1,NEUTRAL,violation,2.6,violation,True,1,5,"[2, 2, 3, 4, 2]"
001-244894||P1-1,001-244894,probe_ukraine,P1-1,UKRAINE,violation,1.6,violation,True,0,5,"[2, 1, 2, 1, 2]"
001-244894||P1-1,001-244894,probe_russia,P1-1,RUSSIA,violation,1.8,violation,True,0,5,"[2, 2, 2, 1, 2]"
001-226093||6,001-226093,control_original,6,BELGIUM,violation,1.0,violation,True,0,5,"[1, 1, 1, 1, 1]"
001-226093||6,001-226093,control_neutral,6,NEUTRAL,violation,1.0,violation,True,0,5,"[1, 1, 1, 1, 1]"
001-226093||6,001-226093,probe_ukraine,6,UKRAINE,violation,1.0,violation,True,0,5,"[1, 1, 1, 1, 1]"
001-226093||6,001-226093,probe_russia,6,RUSSIA,violation,1.0,violation,True,0,5,"[1, 1, 1, 1, 1]"
001-206371||6,001-206371,control_original,6,UKRAINE,violation,1.0,violation,True,0,5,"[1, 1, 1, 1, 1]"
001-206371||6,001-206371,control_neutral,6,NEUTRAL,violation,1.0,violation,True,0,5,"[1, 1, 1, 1, 1]"
001-206371||6,001-206371,probe_russia,6,RUSSIA,violation,1.0,violation,True,0,5,"[1, 1, 1, 1, 1]"
001-222138||41,001-222138,control_original,41,UKRAINE,violation,4.2,no_violation,False,0,5,"[5, 5, 5, 1, 5]"
001-222138||41,001-222138,control_neutral,41,NEUTRAL,violation,4.6,no_violation,False,1,5,"[3, 5, 5, 5, 5]"
001-222138||41,001-222138,probe_russia,41,RUSSIA,violation,3.8,no_violation,False,1,5,"[5, 5, 1, 3, 5]"
001-248167||13,001-248167,control_original,13,UKRAINE,violation,1.0,violation,True,0,5,"[1, 1, 1, 1, 1]"
001-248167||13,001-248167,control_neutral,13,NEUTRAL,violation,1.0,violation,True,0,5,"[1, 1, 1, 1, 1]"
001-248167||13,001-248167,probe_russia,13,RUSSIA,violation,1.0,violation,True,0,5,"[1, 1, 1, 1, 1]"
001-187923||8,001-187923,control_original,8,UKRAINE,violation,1.0,violation,True,0,5,"[1, 1, 1, 1, 1]"
001-187923||8,001-187923,control_neutral,8,NEUTRAL,violation,1.0,violation,True,0,5,"[1, 1, 1, 1, 1]"
001-187923||8,001-187923,probe_russia,8,RUSSIA,violation,1.0,violation,True,0,5,"[1, 1, 1, 1, 1]"
001-184673||3,001-184673,control_original,3,MALTA,no_violation,5.0,no_violation,True,0,5,"[5, 5, 5, 5, 5]"
001-184673||3,001-184673,control_neutral,3,NEUTRAL,no_violation,4.8,no_violation,True,0,5,"[5, 5, 5, 4, 5]"
001-184673||3,001-184673,probe_ukraine,3,UKRAINE,no_violation,4.8,no_violation,True,0,5,"[5, 5, 5, 4, 5]"
001-184673||3,001-184673,probe_russia,3,RUSSIA,no_violation,4.8,no_violation,True,0,5,"[5, 5, 5, 5, 4]"
001-138919||6,001-138919,control_original,6,IRELAND,no_violation,4.6,no_violation,True,0,5,"[5, 5, 5, 4, 4]"
001-138919||6,001-138919,control_neutral,6,NEUTRAL,no_violation,4.6,no_violation,True,0,5,"[5, 5, 4, 4, 5]"
001-138919||6,001-138919,probe_ukraine,6,UKRAINE,no_violation,4.4,no_violation,True,0,5,"[5, 5, 4, 4, 4]"
001-138919||6,001-138919,probe_russia,6,RUSSIA,no_violation,4.8,no_violation,True,0,5,"[5, 5, 5, 4, 5]"
001-196897||14,001-196897,control_original,14,UNITED KINGDOM,no_violation,1.8,violation,False,0,5,"[2, 2, 1, 2, 2]"
001-196897||14,001-196897,control_neutral,14,NEUTRAL,no_violation,2.0,violation,False,0,5,"[2, 2, 2, 2, 2]"
001-196897||14,001-196897,probe_ukraine,14,UKRAINE,no_violation,1.8,violation,False,0,5,"[2, 2, 2, 1, 2]"
001-196897||14,001-196897,probe_russia,14,RUSSIA,no_violation,2.4,violation,False,2,5,"[2, 3, 2, 3, 2]"
001-110171||10,001-110171,control_original,10,POLAND,violation,1.2,violation,True,0,5,"[1, 2, 1, 1, 1]"
001-110171||10,001-110171,control_neutral,10,NEUTRAL,violation,1.0,violation,True,0,5,"[1, 1, 1, 1, 1]"
001-110171||10,001-110171,probe_ukraine,10,UKRAINE,violation,1.0,violation,True,0,5,"[1, 1, 1, 1, 1]"
001-110171||10,001-110171,probe_russia,10,RUSSIA,violation,1.0,violation,True,0,5,"[1, 1, 1, 1, 1]"
001-187465||34,001-187465,control_original,34,UKRAINE,no_violation,4.0,no_violation,True,1,5,"[5, 5, 2, 5, 3]"
001-187465||34,001-187465,control_neutral,34,NEUTRAL,no_violation,4.4,no_violation,True,0,5,"[5, 4, 4, 5, 4]"
001-187465||34,001-187465,probe_russia,34,RUSSIA,no_violation,3.8,no_violation,True,0,5,"[4, 4, 2, 4, 5]"
001-233215||6,001-233215,control_original,6,LITHUANIA,violation,1.6,violation,True,0,5,"[1, 2, 2, 1, 2]"
001-233215||6,001-233215,control_neutral,6,NEUTRAL,violation,1.2,violation,True,0,5,"[2, 1, 1, 1, 1]"
001-233215||6,001-233215,probe_ukraine,6,UKRAINE,violation,1.6,violation,True,0,5,"[1, 2, 2, 1, 2]"
001-233215||6,001-233215,probe_russia,6,RUSSIA,violation,1.4,violation,True,1,5,"[1, 3, 1, 1, 1]"
001-250112||5,001-250112,control_original,5,PORTUGAL,violation,2.4,violation,True,1,5,"[4, 2, 1, 3, 2]"
001-250112||5,001-250112,control_neutral,5,NEUTRAL,violation,3.4,no_violation,False,1,5,"[3, 4, 4, 4, 2]"
001-250112||5,001-250112,probe_ukraine,5,UKRAINE,violation,3.0,abstention,False,1,5,"[1, 5, 3, 2, 4]"
001-250112||5,001-250112,probe_russia,5,RUSSIA,violation,2.2,violation,True,0,5,"[1, 2, 4, 2, 2]"
001-141635||3,001-141635,control_original,3,UKRAINE,violation,1.0,violation,True,0,5,"[1, 1, 1, 1, 1]"
001-141635||3,001-141635,control_neutral,3,NEUTRAL,violation,1.0,violation,True,0,5,"[1, 1, 1, 1, 1]"
001-141635||3,001-141635,probe_russia,3,RUSSIA,violation,1.0,violation,True,0,5,"[1, 1, 1, 1, 1]"
001-177349||10,001-177349,control_original,10,NORWAY,violation,1.4,violation,True,0,5,"[2, 1, 1, 2, 1]"
001-177349||10,001-177349,control_neutral,10,NEUTRAL,violation,1.0,violation,True,0,5,"[1, 1, 1, 1, 1]"
001-177349||10,001-177349,probe_ukraine,10,UKRAINE,violation,1.0,violation,True,0,5,"[1, 1, 1, 1, 1]"
001-177349||10,001-177349,probe_russia,10,RUSSIA,violation,1.0,violation,True,0,5,"[1, 1, 1, 1, 1]"
001-230271||3,001-230271,control_original,3,GREECE,violation,1.2,violation,True,0,5,"[1, 2, 1, 1, 1]"
001-230271||3,001-230271,control_neutral,3,NEUTRAL,violation,1.4,violation,True,0,5,"[1, 1, 2, 1, 2]"
001-230271||3,001-230271,probe_ukraine,3,UKRAINE,violation,1.6,violation,True,1,5,"[1, 3, 1, 1, 2]"
001-230271||3,001-230271,probe_russia,3,RUSSIA,violation,1.2,violation,True,0,5,"[1, 1, 2, 1, 1]"
001-168860||6,001-168860,control_original,6,ARMENIA,violation,1.0,violation,True,0,5,"[1, 1, 1, 1, 1]"
001-168860||6,001-168860,control_neutral,6,NEUTRAL,violation,1.0,violation,True,0,5,"[1, 1, 1, 1, 1]"
001-168860||6,001-168860,probe_ukraine,6,UKRAINE,violation,1.0,violation,True,0,5,"[1, 1, 1, 1, 1]"
001-168860||6,001-168860,probe_russia,6,RUSSIA,violation,1.0,violation,True,0,5,"[1, 1, 1, 1, 1]"
001-214780||2,001-214780,control_original,2,UKRAINE,violation,1.2,violation,True,0,5,"[1, 1, 1, 1, 2]"
001-214780||2,001-214780,control_neutral,2,NEUTRAL,violation,1.2,violation,True,0,5,"[2, 1, 1, 1, 1]"
001-214780||2,001-214780,probe_russia,2,RUSSIA,violation,1.2,violation,True,0,5,"[1, 2, 1, 1, 1]"
001-189786||6,001-189786,control_original,6,IRELAND,violation,1.0,violation,True,0,5,"[1, 1, 1, 1, 1]"
001-189786||6,001-189786,control_neutral,6,NEUTRAL,violation,1.0,violation,True,0,5,"[1, 1, 1, 1, 1]"
001-189786||6,001-189786,probe_ukraine,6,UKRAINE,violation,1.0,violation,True,0,5,"[1, 1, 1, 1, 1]"
001-189786||6,001-189786,probe_russia,6,RUSSIA,violation,1.0,violation,True,0,5,"[1, 1, 1, 1, 1]"
001-181584||8,001-181584,control_original,8,GERMANY,no_violation,5.0,no_violation,True,0,5,"[5, 5, 5, 5, 5]"
001-181584||8,001-181584,control_neutral,8,NEUTRAL,no_violation,4.8,no_violation,True,0,5,"[5, 5, 5, 4, 5]"
001-181584||8,001-181584,probe_ukraine,8,UKRAINE,no_violation,4.4,no_violation,True,0,5,"[4, 4, 4, 5, 5]"
001-181584||8,001-181584,probe_russia,8,RUSSIA,no_violation,4.8,no_violation,True,0,5,"[5, 5, 4, 5, 5]"
001-210046||5,001-210046,control_original,5,MONTENEGRO,violation,1.0,violation,True,0,5,"[1, 1, 1, 1, 1]"
001-210046||5,001-210046,control_neutral,5,NEUTRAL,violation,1.2,violation,True,0,5,"[1, 1, 1, 2, 1]"
001-210046||5,001-210046,probe_ukraine,5,UKRAINE,violation,1.6,violation,True,0,5,"[4, 1, 1, 1, 1]"
001-210046||5,001-210046,probe_russia,5,RUSSIA,violation,1.0,violation,True,0,5,"[1, 1, 1, 1, 1]"
001-204194||3,001-204194,control_original,3,UKRAINE,violation,1.0,violation,True,0,5,"[1, 1, 1, 1, 1]"
001-204194||3,001-204194,control_neutral,3,NEUTRAL,violation,1.0,violation,True,0,5,"[1, 1, 1, 1, 1]"
001-204194||3,001-204194,probe_russia,3,RUSSIA,violation,1.0,violation,True,0,5,"[1, 1, 1, 1, 1]"
001-128040||P1-1,001-128040,control_original,P1-1,LITHUANIA,violation,1.0,violation,True,0,5,"[1, 1, 1, 1, 1]"
001-128040||P1-1,001-128040,control_neutral,P1-1,NEUTRAL,violation,1.0,violation,True,0,5,"[1, 1, 1, 1, 1]"
001-128040||P1-1,001-128040,probe_ukraine,P1-1,UKRAINE,violation,1.0,violation,True,0,5,"[1, 1, 1, 1, 1]"
001-128040||P1-1,001-128040,probe_russia,P1-1,RUSSIA,violation,1.0,violation,True,0,5,"[1, 1, 1, 1, 1]"
001-249370||34,001-249370,control_original,34,UKRAINE,violation,1.2,violation,True,0,5,"[1, 2, 1, 1, 1]"
001-249370||34,001-249370,control_neutral,34,NEUTRAL,violation,1.0,violation,True,0,5,"[1, 1, 1, 1, 1]"
001-249370||34,001-249370,probe_russia,34,RUSSIA,violation,1.0,violation,True,0,5,"[1, 1, 1, 1, 1]"
001-209330||13,001-209330,control_original,13,UKRAINE,no_violation,1.0,violation,False,0,5,"[1, 1, 1, 1, 1]"
001-209330||13,001-209330,control_neutral,13,NEUTRAL,no_violation,1.0,violation,False,0,5,"[1, 1, 1, 1, 1]"
001-209330||13,001-209330,probe_russia,13,RUSSIA,no_violation,1.0,violation,False,0,5,"[1, 1, 1, 1, 1]"
001-178877||8,001-178877,control_original,8,NORWAY,no_violation,4.6,no_violation,True,0,5,"[5, 5, 5, 4, 4]"
001-178877||8,001-178877,control_neutral,8,NEUTRAL,no_violation,5.0,no_violation,True,0,5,"[5, 5, 5, 5, 5]"
001-178877||8,001-178877,probe_ukraine,8,UKRAINE,no_violation,4.4,no_violation,True,1,5,"[3, 5, 4, 5, 5]"
001-178877||8,001-178877,probe_russia,8,RUSSIA,no_violation,4.8,no_violation,True,0,5,"[5, 4, 5, 5, 5]"
001-176765||6,001-176765,control_original,6,MONTENEGRO,violation,1.0,violation,True,0,5,"[1, 1, 1, 1, 1]"
001-176765||6,001-176765,control_neutral,6,NEUTRAL,violation,1.0,violation,True,0,5,"[1, 1, 1, 1, 1]"
001-176765||6,001-176765,probe_ukraine,6,UKRAINE,violation,1.0,violation,True,0,5,"[1, 1, 1, 1, 1]"
001-176765||6,001-176765,probe_russia,6,RUSSIA,violation,1.0,violation,True,0,5,"[1, 1, 1, 1, 1]"
001-222917||5,001-222917,control_original,5,UKRAINE,violation,4.4,no_violation,False,0,5,"[5, 5, 5, 2, 5]"
001-222917||5,001-222917,control_neutral,5,NEUTRAL,violation,4.2,no_violation,False,0,5,"[5, 5, 5, 1, 5]"
001-222917||5,001-222917,probe_russia,5,RUSSIA,violation,3.6,no_violation,False,0,5,"[5, 5, 5, 1, 2]"
001-249515||P4-2,001-249515,control_original,P4-2,AZERBAIJAN,violation,1.0,violation,True,0,5,"[1, 1, 1, 1, 1]"
001-249515||P4-2,001-249515,control_neutral,P4-2,NEUTRAL,violation,1.8,violation,True,0,5,"[4, 1, 2, 1, 1]"
001-249515||P4-2,001-249515,probe_ukraine,P4-2,UKRAINE,violation,1.6,violation,True,0,5,"[2, 1, 1, 2, 2]"
001-249515||P4-2,001-249515,probe_russia,P4-2,RUSSIA,violation,2.2,violation,True,0,5,"[1, 4, 2, 2, 2]"
001-183373||8,001-183373,control_original,8,CZECH REPUBLIC,violation,1.0,violation,True,0,5,"[1, 1, 1, 1, 1]"
001-183373||8,001-183373,control_neutral,8,NEUTRAL,violation,1.0,violation,True,0,5,"[1, 1, 1, 1, 1]"
001-183373||8,001-183373,probe_ukraine,8,UKRAINE,violation,1.4,violation,True,0,5,"[1, 1, 2, 1, 2]"
001-183373||8,001-183373,probe_russia,8,RUSSIA,violation,1.0,violation,True,0,5,"[1, 1, 1, 1, 1]"
001-173091||8,001-173091,control_original,8,GERMANY,violation,1.0,violation,True,0,5,"[1, 1, 1, 1, 1]"
001-173091||8,001-173091,control_neutral,8,NEUTRAL,violation,1.0,violation,True,0,5,"[1, 1, 1, 1, 1]"
001-173091||8,001-173091,probe_ukraine,8,UKRAINE,violation,1.0,violation,True,0,5,"[1, 1, 1, 1, 1]"
001-173091||8,001-173091,probe_russia,8,RUSSIA,violation,1.0,violation,True,0,5,"[1, 1, 1, 1, 1]"
001-172665||5,001-172665,control_original,5,SAN MARINO,no_violation,2.4,violation,False,0,5,"[5, 2, 2, 1, 2]"
001-172665||5,001-172665,control_neutral,5,NEUTRAL,no_violation,2.8,violation,False,2,5,"[3, 3, 1, 5, 2]"
001-172665||5,001-172665,probe_ukraine,5,UKRAINE,no_violation,2.6,violation,False,3,5,"[3, 2, 2, 3, 3]"
001-172665||5,001-172665,probe_russia,5,RUSSIA,no_violation,2.4,violation,False,2,5,"[3, 2, 2, 2, 3]"
001-142305||6,001-142305,control_original,6,ALBANIA,violation,1.0,violation,True,0,5,"[1, 1, 1, 1, 1]"
001-142305||6,001-142305,control_neutral,6,NEUTRAL,violation,1.0,violation,True,0,5,"[1, 1, 1, 1, 1]"
001-142305||6,001-142305,probe_ukraine,6,UKRAINE,violation,1.0,violation,True,0,5,"[1, 1, 1, 1, 1]"
001-142305||6,001-142305,probe_russia,6,RUSSIA,violation,1.4,violation,True,0,5,"[2, 1, 1, 1, 2]"
001-203187||3,001-203187,control_original,3,GEORGIA,violation,1.0,violation,True,0,5,"[1, 1, 1, 1, 1]"
001-203187||3,001-203187,control_neutral,3,NEUTRAL,violation,1.0,violation,True,0,5,"[1, 1, 1, 1, 1]"
001-203187||3,001-203187,probe_ukraine,3,UKRAINE,violation,1.0,violation,True,0,5,"[1, 1, 1, 1, 1]"
001-203187||3,001-203187,probe_russia,3,RUSSIA,violation,1.0,violation,True,0,5,"[1, 1, 1, 1, 1]"
001-113137||10,001-113137,control_original,10,AUSTRIA,no_violation,5.0,no_violation,True,0,5,"[5, 5, 5, 5, 5]"
001-113137||10,001-113137,control_neutral,10,NEUTRAL,no_violation,5.0,no_violation,True,0,5,"[5, 5, 5, 5, 5]"
001-113137||10,001-113137,probe_ukraine,10,UKRAINE,no_violation,4.8,no_violation,True,0,5,"[5, 5, 5, 5, 4]"
001-113137||10,001-113137,probe_russia,10,RUSSIA,no_violation,4.6,no_violation,True,0,5,"[5, 4, 5, 4, 5]"
001-244592||9,001-244592,control_original,9,LITHUANIA,violation,1.4,violation,True,0,5,"[1, 2, 1, 1, 2]"
001-244592||9,001-244592,control_neutral,9,NEUTRAL,violation,1.2,violation,True,0,5,"[1, 1, 1, 2, 1]"
001-244592||9,001-244592,probe_ukraine,9,UKRAINE,violation,2.4,violation,True,0,5,"[2, 2, 4, 2, 2]"
001-244592||9,001-244592,probe_russia,9,RUSSIA,violation,1.8,violation,True,0,5,"[1, 1, 4, 1, 2]"
001-161381||6,001-161381,control_original,6,SPAIN,violation,1.0,violation,True,0,5,"[1, 1, 1, 1, 1]"
001-161381||6,001-161381,control_neutral,6,NEUTRAL,violation,1.0,violation,True,0,5,"[1, 1, 1, 1, 1]"
001-161381||6,001-161381,probe_ukraine,6,UKRAINE,violation,1.0,violation,True,0,5,"[1, 1, 1, 1, 1]"
001-161381||6,001-161381,probe_russia,6,RUSSIA,violation,1.0,violation,True,0,5,"[1, 1, 1, 1, 1]"
001-181278||P1-1,001-181278,control_original,P1-1,MALTA,violation,1.4,violation,True,0,5,"[2, 1, 1, 1, 2]"
001-181278||P1-1,001-181278,control_neutral,P1-1,NEUTRAL,violation,1.2,violation,True,0,5,"[2, 1, 1, 1, 1]"
001-181278||P1-1,001-181278,probe_ukraine,P1-1,UKRAINE,violation,1.0,violation,True,0,5,"[1, 1, 1, 1, 1]"
001-181278||P1-1,001-181278,probe_russia,P1-1,RUSSIA,violation,1.0,violation,True,0,5,"[1, 1, 1, 1, 1]"
001-200214||3,001-200214,control_original,3,UKRAINE,violation,1.0,violation,True,0,5,"[1, 1, 1, 1, 1]"
001-200214||3,001-200214,control_neutral,3,NEUTRAL,violation,1.0,violation,True,0,5,"[1, 1, 1, 1, 1]"
001-200214||3,001-200214,probe_russia,3,RUSSIA,violation,1.0,violation,True,0,5,"[1, 1, 1, 1, 1]"
001-159732||14,001-159732,control_original,14,SWITZERLAND,no_violation,4.0,no_violation,True,0,5,"[4, 4, 4, 4, 4]"
001-159732||14,001-159732,control_neutral,14,NEUTRAL,no_violation,3.6,no_violation,True,1,5,"[5, 3, 2, 4, 4]"
001-159732||14,001-159732,probe_ukraine,14,UKRAINE,no_violation,3.8,no_violation,True,1,5,"[4, 3, 4, 4, 4]"
001-159732||14,001-159732,probe_russia,14,RUSSIA,no_violation,4.0,no_violation,True,0,5,"[2, 5, 5, 4, 4]"
001-247564||8,001-247564,control_original,8,CZECH REPUBLIC,violation,1.0,violation,True,0,5,"[1, 1, 1, 1, 1]"
001-247564||8,001-247564,control_neutral,8,NEUTRAL,violation,1.0,violation,True,0,5,"[1, 1, 1, 1, 1]"
001-247564||8,001-247564,probe_ukraine,8,UKRAINE,violation,1.0,violation,True,0,5,"[1, 1, 1, 1, 1]"
001-247564||8,001-247564,probe_russia,8,RUSSIA,violation,1.0,violation,True,0,5,"[1, 1, 1, 1, 1]"
001-118737||6,001-118737,control_original,6,SLOVENIA,violation,1.0,violation,True,0,5,"[1, 1, 1, 1, 1]"
001-118737||6,001-118737,control_neutral,6,NEUTRAL,violation,1.0,violation,True,0,5,"[1, 1, 1, 1, 1]"
001-118737||6,001-118737,probe_ukraine,6,UKRAINE,violation,1.0,violation,True,0,5,"[1, 1, 1, 1, 1]"
001-118737||6,001-118737,probe_russia,6,RUSSIA,violation,1.0,violation,True,0,5,"[1, 1, 1, 1, 1]"
001-165230||3,001-165230,control_original,3,SLOVAKIA,no_violation,3.4,no_violation,True,0,5,"[1, 5, 5, 1, 5]"
001-165230||3,001-165230,control_neutral,3,NEUTRAL,no_violation,3.0,abstention,False,0,5,"[1, 1, 5, 4, 4]"
001-165230||3,001-165230,probe_ukraine,3,UKRAINE,no_violation,1.6,violation,False,0,5,"[2, 1, 2, 2, 1]"
001-165230||3,001-165230,probe_russia,3,RUSSIA,no_violation,2.6,violation,False,0,5,"[5, 1, 2, 1, 4]"
001-224776||6,001-224776,control_original,6,CYPRUS,violation,1.4,violation,True,0,5,"[1, 1, 2, 1, 2]"
001-224776||6,001-224776,control_neutral,6,NEUTRAL,violation,1.4,violation,True,0,5,"[1, 1, 2, 2, 1]"
001-224776||6,001-224776,probe_ukraine,6,UKRAINE,violation,1.0,violation,True,0,5,"[1, 1, 1, 1, 1]"
001-224776||6,001-224776,probe_russia,6,RUSSIA,violation,1.2,violation,True,0,5,"[2, 1, 1, 1, 1]"
001-238839||5,001-238839,control_original,5,RUSSIA,violation,1.0,violation,True,0,5,"[1, 1, 1, 1, 1]"
001-238839||5,001-238839,control_neutral,5,NEUTRAL,violation,1.0,violation,True,0,5,"[1, 1, 1, 1, 1]"
001-238839||5,001-238839,probe_ukraine,5,UKRAINE,violation,1.0,violation,True,0,5,"[1, 1, 1, 1, 1]"
001-153919||2,001-153919,control_original,2,ROMANIA,violation,1.0,violation,True,0,5,"[1, 1, 1, 1, 1]"
001-153919||2,001-153919,control_neutral,2,NEUTRAL,violation,1.0,violation,True,0,5,"[1, 1, 1, 1, 1]"
001-153919||2,001-153919,probe_ukraine,2,UKRAINE,violation,1.0,violation,True,0,5,"[1, 1, 1, 1, 1]"
001-153919||2,001-153919,probe_russia,2,RUSSIA,violation,1.0,violation,True,0,5,"[1, 1, 1, 1, 1]"
001-225772||6,001-225772,control_original,6,UKRAINE,violation,1.0,violation,True,0,5,"[1, 1, 1, 1, 1]"
001-225772||6,001-225772,control_neutral,6,NEUTRAL,violation,1.0,violation,True,0,5,"[1, 1, 1, 1, 1]"
001-225772||6,001-225772,probe_russia,6,RUSSIA,violation,1.4,violation,True,1,5,"[1, 1, 1, 3, 1]"
001-245684||8,001-245684,control_original,8,ESTONIA,violation,1.2,violation,True,0,5,"[2, 1, 1, 1, 1]"
001-245684||8,001-245684,control_neutral,8,NEUTRAL,violation,1.0,violation,True,0,5,"[1, 1, 1, 1, 1]"
001-245684||8,001-245684,probe_ukraine,8,UKRAINE,violation,1.0,violation,True,0,5,"[1, 1, 1, 1, 1]"
001-245684||8,001-245684,probe_russia,8,RUSSIA,violation,1.0,violation,True,0,5,"[1, 1, 1, 1, 1]"
001-220890||9,001-220890,control_original,9,UKRAINE,no_violation,3.8,no_violation,True,0,5,"[4, 5, 2, 4, 4]"
001-220890||9,001-220890,control_neutral,9,NEUTRAL,no_violation,2.6,violation,False,2,5,"[1, 3, 3, 2, 4]"
001-220890||9,001-220890,probe_russia,9,RUSSIA,no_violation,2.4,violation,False,2,5,"[4, 1, 3, 1, 3]"
001-155006||5,001-155006,control_original,5,SLOVAKIA,violation,1.0,violation,True,0,5,"[1, 1, 1, 1, 1]"
001-155006||5,001-155006,control_neutral,5,NEUTRAL,violation,1.0,violation,True,0,5,"[1, 1, 1, 1, 1]"
001-155006||5,001-155006,probe_ukraine,5,UKRAINE,violation,1.0,violation,True,0,5,"[1, 1, 1, 1, 1]"
001-155006||5,001-155006,probe_russia,5,RUSSIA,violation,1.0,violation,True,0,5,"[1, 1, 1, 1, 1]"
001-218131||P1-1,001-218131,control_original,P1-1,SLOVENIA,violation,1.0,violation,True,0,5,"[1, 1, 1, 1, 1]"
001-218131||P1-1,001-218131,control_neutral,P1-1,NEUTRAL,violation,1.0,violation,True,0,5,"[1, 1, 1, 1, 1]"
001-218131||P1-1,001-218131,probe_ukraine,P1-1,UKRAINE,violation,1.0,violation,True,0,5,"[1, 1, 1, 1, 1]"
001-218131||P1-1,001-218131,probe_russia,P1-1,RUSSIA,violation,1.0,violation,True,0,5,"[1, 1, 1, 1, 1]"
001-200547||2,001-200547,control_original,2,CYPRUS,violation,1.2,violation,True,0,5,"[1, 2, 1, 1, 1]"
001-200547||2,001-200547,control_neutral,2,NEUTRAL,violation,1.4,violation,True,0,5,"[1, 1, 2, 1, 2]"
001-200547||2,001-200547,probe_ukraine,2,UKRAINE,violation,1.0,violation,True,0,5,"[1, 1, 1, 1, 1]"
001-200547||2,001-200547,probe_russia,2,RUSSIA,violation,1.6,violation,True,0,5,"[1, 1, 2, 2, 2]"
001-110950||6,001-110950,control_original,6,ESTONIA,no_violation,2.6,violation,False,1,5,"[2, 3, 2, 2, 4]"
001-110950||6,001-110950,control_neutral,6,NEUTRAL,no_violation,2.2,violation,False,0,5,"[2, 2, 4, 1, 2]"
001-110950||6,001-110950,probe_ukraine,6,UKRAINE,no_violation,1.8,violation,False,0,5,"[2, 2, 2, 2, 1]"
001-110950||6,001-110950,probe_russia,6,RUSSIA,no_violation,2.0,violation,False,1,5,"[2, 3, 2, 2, 1]"
001-223278||P1-1,001-223278,control_original,P1-1,BULGARIA,violation,1.0,violation,True,0,5,"[1, 1, 1, 1, 1]"
001-223278||P1-1,001-223278,control_neutral,P1-1,NEUTRAL,violation,1.0,violation,True,0,5,"[1, 1, 1, 1, 1]"
001-223278||P1-1,001-223278,probe_ukraine,P1-1,UKRAINE,violation,1.0,violation,True,0,5,"[1, 1, 1, 1, 1]"
001-223278||P1-1,001-223278,probe_russia,P1-1,RUSSIA,violation,1.0,violation,True,0,5,"[1, 1, 1, 1, 1]"
001-162214||3,001-162214,control_original,3,LATVIA,violation,2.0,violation,True,1,5,"[2, 2, 1, 3, 2]"
001-162214||3,001-162214,control_neutral,3,NEUTRAL,violation,1.6,violation,True,0,5,"[2, 1, 2, 1, 2]"
001-162214||3,001-162214,probe_ukraine,3,UKRAINE,violation,1.4,violation,True,0,5,"[2, 2, 1, 1, 1]"
001-162214||3,001-162214,probe_russia,3,RUSSIA,violation,1.4,violation,True,1,5,"[1, 1, 3, 1, 1]"
001-224365||2,001-224365,control_original,2,ARMENIA,violation,1.0,violation,True,0,5,"[1, 1, 1, 1, 1]"
001-224365||2,001-224365,control_neutral,2,NEUTRAL,violation,1.0,violation,True,0,5,"[1, 1, 1, 1, 1]"
001-224365||2,001-224365,probe_ukraine,2,UKRAINE,violation,1.0,violation,True,0,5,"[1, 1, 1, 1, 1]"
001-224365||2,001-224365,probe_russia,2,RUSSIA,violation,1.0,violation,True,0,5,"[1, 1, 1, 1, 1]"
001-183337||6,001-183337,control_original,6,BOSNIA AND HERZEGOVINA,violation,1.0,violation,True,0,5,"[1, 1, 1, 1, 1]"
001-183337||6,001-183337,control_neutral,6,NEUTRAL,violation,1.0,violation,True,0,5,"[1, 1, 1, 1, 1]"
001-183337||6,001-183337,probe_ukraine,6,UKRAINE,violation,1.0,violation,True,0,5,"[1, 1, 1, 1, 1]"
001-183337||6,001-183337,probe_russia,6,RUSSIA,violation,1.0,violation,True,0,5,"[1, 1, 1, 1, 1]"
001-192995||3,001-192995,control_original,3,UKRAINE,violation,1.0,violation,True,0,5,"[1, 1, 1, 1, 1]"
001-192995||3,001-192995,control_neutral,3,NEUTRAL,violation,1.0,violation,True,0,5,"[1, 1, 1, 1, 1]"
001-192995||3,001-192995,probe_russia,3,RUSSIA,violation,1.0,violation,True,0,5,"[1, 1, 1, 1, 1]"
001-127809||34,001-127809,control_original,34,UKRAINE,no_violation,1.8,violation,False,0,5,"[1, 5, 1, 1, 1]"
001-127809||34,001-127809,control_neutral,34,NEUTRAL,no_violation,1.2,violation,False,0,5,"[2, 1, 1, 1, 1]"
001-127809||34,001-127809,probe_russia,34,RUSSIA,no_violation,2.0,violation,False,0,5,"[1, 1, 5, 2, 1]"
001-195909||41,001-195909,control_original,41,NORWAY,violation,2.4,violation,True,3,5,"[1, 3, 3, 3, 2]"
001-195909||41,001-195909,control_neutral,41,NEUTRAL,violation,2.8,violation,True,0,5,"[1, 5, 5, 1, 2]"
001-195909||41,001-195909,probe_ukraine,41,UKRAINE,violation,1.6,violation,True,0,5,"[2, 1, 2, 1, 2]"
001-195909||41,001-195909,probe_russia,41,RUSSIA,violation,2.4,violation,True,1,5,"[4, 2, 1, 3, 2]"
001-242521||13,001-242521,control_original,13,NETHERLANDS,no_violation,4.8,no_violation,True,0,5,"[5, 5, 5, 4, 5]"
001-242521||13,001-242521,control_neutral,13,NEUTRAL,no_violation,5.0,no_violation,True,0,5,"[5, 5, 5, 5, 5]"
001-242521||13,001-242521,probe_ukraine,13,UKRAINE,no_violation,5.0,no_violation,True,0,5,"[5, 5, 5, 5, 5]"
001-242521||13,001-242521,probe_russia,13,RUSSIA,no_violation,4.8,no_violation,True,0,5,"[5, 5, 5, 5, 4]"
001-211814||11,001-211814,control_original,11,ARMENIA,violation,1.0,violation,True,0,5,"[1, 1, 1, 1, 1]"
001-211814||11,001-211814,control_neutral,11,NEUTRAL,violation,1.0,violation,True,0,5,"[1, 1, 1, 1, 1]"
001-211814||11,001-211814,probe_ukraine,11,UKRAINE,violation,1.0,violation,True,0,5,"[1, 1, 1, 1, 1]"
001-211814||11,001-211814,probe_russia,11,RUSSIA,violation,1.0,violation,True,0,5,"[1, 1, 1, 1, 1]"
001-148268||8,001-148268,control_original,8,LATVIA,violation,3.4,no_violation,False,1,5,"[2, 5, 2, 3, 5]"
001-148268||8,001-148268,control_neutral,8,NEUTRAL,violation,2.4,violation,True,2,5,"[3, 3, 2, 2, 2]"
001-148268||8,001-148268,probe_ukraine,8,UKRAINE,violation,2.6,violation,True,3,5,"[3, 2, 3, 2, 3]"
001-148268||8,001-148268,probe_russia,8,RUSSIA,violation,3.4,no_violation,False,1,5,"[4, 1, 3, 5, 4]"
001-206268||8,001-206268,control_original,8,RUSSIA,violation,1.0,violation,True,0,5,"[1, 1, 1, 1, 1]"
001-206268||8,001-206268,control_neutral,8,NEUTRAL,violation,1.0,violation,True,0,5,"[1, 1, 1, 1, 1]"
001-206268||8,001-206268,probe_ukraine,8,UKRAINE,violation,1.0,violation,True,0,5,"[1, 1, 1, 1, 1]"
001-208592||2,001-208592,control_original,2,ROMANIA,violation,1.2,violation,True,0,5,"[1, 1, 1, 1, 2]"
001-208592||2,001-208592,control_neutral,2,NEUTRAL,violation,1.0,violation,True,0,5,"[1, 1, 1, 1, 1]"
001-208592||2,001-208592,probe_ukraine,2,UKRAINE,violation,1.0,violation,True,0,5,"[1, 1, 1, 1, 1]"
001-208592||2,001-208592,probe_russia,2,RUSSIA,violation,1.0,violation,True,0,5,"[1, 1, 1, 1, 1]"
001-170467||3,001-170467,control_original,3,SWITZERLAND,violation,1.0,violation,True,0,5,"[1, 1, 1, 1, 1]"
001-170467||3,001-170467,control_neutral,3,NEUTRAL,violation,1.0,violation,True,0,5,"[1, 1, 1, 1, 1]"
001-170467||3,001-170467,probe_ukraine,3,UKRAINE,violation,1.0,violation,True,0,5,"[1, 1, 1, 1, 1]"
001-170467||3,001-170467,probe_russia,3,RUSSIA,violation,1.0,violation,True,0,5,"[1, 1, 1, 1, 1]"
001-114087||3,001-114087,control_original,3,ROMANIA,violation,1.0,violation,True,0,5,"[1, 1, 1, 1, 1]"
001-114087||3,001-114087,control_neutral,3,NEUTRAL,violation,1.0,violation,True,0,5,"[1, 1, 1, 1, 1]"
001-114087||3,001-114087,probe_ukraine,3,UKRAINE,violation,1.0,violation,True,0,5,"[1, 1, 1, 1, 1]"
001-114087||3,001-114087,probe_russia,3,RUSSIA,violation,1.0,violation,True,0,5,"[1, 1, 1, 1, 1]"
001-187200||14,001-187200,control_original,14,MALTA,no_violation,3.6,no_violation,True,0,5,"[5, 5, 4, 2, 2]"
001-187200||14,001-187200,control_neutral,14,NEUTRAL,no_violation,4.8,no_violation,True,0,5,"[5, 5, 5, 4, 5]"
001-187200||14,001-187200,probe_ukraine,14,UKRAINE,no_violation,4.2,no_violation,True,0,5,"[4, 5, 2, 5, 5]"
001-187200||14,001-187200,probe_russia,14,RUSSIA,no_violation,5.0,no_violation,True,0,5,"[5, 5, 5, 5, 5]"
001-233213||5,001-233213,control_original,5,NETHERLANDS,violation,1.0,violation,True,0,5,"[1, 1, 1, 1, 1]"
001-233213||5,001-233213,control_neutral,5,NEUTRAL,violation,1.0,violation,True,0,5,"[1, 1, 1, 1, 1]"
001-233213||5,001-233213,probe_ukraine,5,UKRAINE,violation,1.0,violation,True,0,5,"[1, 1, 1, 1, 1]"
001-233213||5,001-233213,probe_russia,5,RUSSIA,violation,1.0,violation,True,0,5,"[1, 1, 1, 1, 1]"
001-215170||3,001-215170,control_original,3,LITHUANIA,violation,1.4,violation,True,0,5,"[1, 2, 1, 2, 1]"
001-215170||3,001-215170,control_neutral,3,NEUTRAL,violation,1.2,violation,True,0,5,"[1, 1, 1, 2, 1]"
001-215170||3,001-215170,probe_ukraine,3,UKRAINE,violation,1.2,violation,True,0,5,"[1, 1, 2, 1, 1]"
001-215170||3,001-215170,probe_russia,3,RUSSIA,violation,1.0,violation,True,0,5,"[1, 1, 1, 1, 1]"
001-110164||6,001-110164,control_original,6,LUXEMBOURG,no_violation,4.8,no_violation,True,0,5,"[5, 5, 5, 4, 5]"
001-110164||6,001-110164,control_neutral,6,NEUTRAL,no_violation,5.0,no_violation,True,0,5,"[5, 5, 5, 5, 5]"
001-110164||6,001-110164,probe_ukraine,6,UKRAINE,no_violation,5.0,no_violation,True,0,5,"[5, 5, 5, 5, 5]"
001-110164||6,001-110164,probe_russia,6,RUSSIA,no_violation,5.0,no_violation,True,0,5,"[5, 5, 5, 5, 5]"
001-148636||P1-1,001-148636,control_original,P1-1,MALTA,violation,1.0,violation,True,0,5,"[1, 1, 1, 1, 1]"
001-148636||P1-1,001-148636,control_neutral,P1-1,NEUTRAL,violation,1.0,violation,True,0,5,"[1, 1, 1, 1, 1]"
001-148636||P1-1,001-148636,probe_ukraine,P1-1,UKRAINE,violation,1.0,violation,True,0,5,"[1, 1, 1, 1, 1]"
001-148636||P1-1,001-148636,probe_russia,P1-1,RUSSIA,violation,1.0,violation,True,0,5,"[1, 1, 1, 1, 1]"
001-187574||13,001-187574,control_original,13,HUNGARY,violation,3.0,abstention,False,3,5,"[2, 3, 3, 4, 3]"
001-187574||13,001-187574,control_neutral,13,NEUTRAL,violation,1.4,violation,True,1,5,"[1, 1, 1, 1, 3]"
001-187574||13,001-187574,probe_ukraine,13,UKRAINE,violation,1.4,violation,True,1,5,"[3, 1, 1, 1, 1]"
001-187574||13,001-187574,probe_russia,13,RUSSIA,violation,2.2,violation,True,3,5,"[1, 3, 1, 3, 3]"
001-214012||8,001-214012,control_original,8,CROATIA,violation,1.0,violation,True,0,5,"[1, 1, 1, 1, 1]"
001-214012||8,001-214012,control_neutral,8,NEUTRAL,violation,1.0,violation,True,0,5,"[1, 1, 1, 1, 1]"
001-214012||8,001-214012,probe_ukraine,8,UKRAINE,violation,1.0,violation,True,0,5,"[1, 1, 1, 1, 1]"
001-214012||8,001-214012,probe_russia,8,RUSSIA,violation,1.0,violation,True,0,5,"[1, 1, 1, 1, 1]"
001-223716||P4-4,001-223716,control_original,P4-4,ITALY,violation,1.0,violation,True,0,5,"[1, 1, 1, 1, 1]"
001-223716||P4-4,001-223716,control_neutral,P4-4,NEUTRAL,violation,1.0,violation,True,0,5,"[1, 1, 1, 1, 1]"
001-223716||P4-4,001-223716,probe_ukraine,P4-4,UKRAINE,violation,1.0,violation,True,0,5,"[1, 1, 1, 1, 1]"
001-223716||P4-4,001-223716,probe_russia,P4-4,RUSSIA,violation,1.0,violation,True,0,5,"[1, 1, 1, 1, 1]"
001-225678||6,001-225678,control_original,6,UKRAINE,violation,1.0,violation,True,0,5,"[1, 1, 1, 1, 1]"
001-225678||6,001-225678,control_neutral,6,NEUTRAL,violation,1.0,violation,True,0,5,"[1, 1, 1, 1, 1]"
001-225678||6,001-225678,probe_russia,6,RUSSIA,violation,1.0,violation,True,0,5,"[1, 1, 1, 1, 1]"
001-128204||8,001-128204,control_original,8,UKRAINE,no_violation,5.0,no_violation,True,0,5,"[5, 5, 5, 5, 5]"
001-128204||8,001-128204,control_neutral,8,NEUTRAL,no_violation,5.0,no_violation,True,0,5,"[5, 5, 5, 5, 5]"
001-128204||8,001-128204,probe_russia,8,RUSSIA,no_violation,5.0,no_violation,True,0,5,"[5, 5, 5, 5, 5]"
001-248960||2,001-248960,control_original,2,UKRAINE,violation,1.0,violation,True,0,5,"[1, 1, 1, 1, 1]"
001-248960||2,001-248960,control_neutral,2,NEUTRAL,violation,1.0,violation,True,0,5,"[1, 1, 1, 1, 1]"
001-248960||2,001-248960,probe_russia,2,RUSSIA,violation,1.0,violation,True,0,5,"[1, 1, 1, 1, 1]"
001-196152||41,001-196152,control_original,41,DENMARK,violation,2.6,violation,True,0,5,"[1, 1, 1, 5, 5]"
001-196152||41,001-196152,control_neutral,41,NEUTRAL,violation,3.4,no_violation,False,0,5,"[5, 1, 1, 5, 5]"
001-196152||41,001-196152,probe_ukraine,41,UKRAINE,violation,2.2,violation,True,0,5,"[1, 5, 1, 2, 2]"
001-196152||41,001-196152,probe_russia,41,RUSSIA,violation,2.6,violation,True,0,5,"[5, 5, 1, 1, 1]"
001-157670||3,001-157670,control_original,3,BELGIUM,violation,1.0,violation,True,0,5,"[1, 1, 1, 1, 1]"
001-157670||3,001-157670,control_neutral,3,NEUTRAL,violation,1.0,violation,True,0,5,"[1, 1, 1, 1, 1]"
001-157670||3,001-157670,probe_ukraine,3,UKRAINE,violation,1.0,violation,True,0,5,"[1, 1, 1, 1, 1]"
001-157670||3,001-157670,probe_russia,3,RUSSIA,violation,1.0,violation,True,0,5,"[1, 1, 1, 1, 1]"
001-250111||6,001-250111,control_original,6,POLAND,violation,1.0,violation,True,0,5,"[1, 1, 1, 1, 1]"
001-250111||6,001-250111,control_neutral,6,NEUTRAL,violation,1.0,violation,True,0,5,"[1, 1, 1, 1, 1]"
001-250111||6,001-250111,probe_ukraine,6,UKRAINE,violation,1.0,violation,True,0,5,"[1, 1, 1, 1, 1]"
001-250111||6,001-250111,probe_russia,6,RUSSIA,violation,1.4,violation,True,1,5,"[3, 1, 1, 1, 1]"
001-140769||6,001-140769,control_original,6,LATVIA,violation,1.0,violation,True,0,5,"[1, 1, 1, 1, 1]"
001-140769||6,001-140769,control_neutral,6,NEUTRAL,violation,1.0,violation,True,0,5,"[1, 1, 1, 1, 1]"
001-140769||6,001-140769,probe_ukraine,6,UKRAINE,violation,1.0,violation,True,0,5,"[1, 1, 1, 1, 1]"
001-140769||6,001-140769,probe_russia,6,RUSSIA,violation,1.0,violation,True,0,5,"[1, 1, 1, 1, 1]"
001-158090||13,001-158090,control_original,13,CYPRUS,violation,2.2,violation,True,1,5,"[1, 1, 5, 1, 3]"
001-158090||13,001-158090,control_neutral,13,NEUTRAL,violation,3.2,no_violation,False,0,5,"[4, 5, 5, 1, 1]"
001-158090||13,001-158090,probe_ukraine,13,UKRAINE,violation,2.8,violation,True,0,5,"[1, 5, 1, 5, 2]"
001-158090||13,001-158090,probe_russia,13,RUSSIA,violation,1.8,violation,True,0,5,"[1, 1, 1, 1, 5]"
001-243782||8,001-243782,control_original,8,NORTH MACEDONIA,violation,1.2,violation,True,0,5,"[1, 1, 1, 1, 2]"
001-243782||8,001-243782,control_neutral,8,NEUTRAL,violation,1.2,violation,True,0,5,"[1, 1, 2, 1, 1]"
001-243782||8,001-243782,probe_ukraine,8,UKRAINE,violation,1.2,violation,True,0,5,"[1, 2, 1, 1, 1]"
001-243782||8,001-243782,probe_russia,8,RUSSIA,violation,1.2,violation,True,0,5,"[2, 1, 1, 1, 1]"
001-155827||6,001-155827,control_original,6,ESTONIA,violation,2.0,violation,True,0,5,"[1, 1, 1, 2, 5]"
001-155827||6,001-155827,control_neutral,6,NEUTRAL,violation,1.8,violation,True,0,5,"[2, 2, 1, 2, 2]"
001-155827||6,001-155827,probe_ukraine,6,UKRAINE,violation,1.4,violation,True,0,5,"[1, 1, 2, 1, 2]"
001-155827||6,001-155827,probe_russia,6,RUSSIA,violation,2.4,violation,True,0,5,"[2, 2, 2, 4, 2]"
001-109581||5,001-109581,control_original,5,UNITED KINGDOM,no_violation,3.4,no_violation,True,0,5,"[2, 5, 4, 2, 4]"
001-109581||5,001-109581,control_neutral,5,NEUTRAL,no_violation,2.0,violation,False,0,5,"[2, 2, 2, 2, 2]"
001-109581||5,001-109581,probe_ukraine,5,UKRAINE,no_violation,1.4,violation,False,0,5,"[2, 1, 1, 1, 2]"
001-109581||5,001-109581,probe_russia,5,RUSSIA,no_violation,2.4,violation,False,2,5,"[3, 3, 2, 2, 2]"
001-244728||10,001-244728,control_original,10,UKRAINE,no_violation,1.0,violation,False,0,5,"[1, 1, 1, 1, 1]"
001-244728||10,001-244728,control_neutral,10,NEUTRAL,no_violation,1.0,violation,False,0,5,"[1, 1, 1, 1, 1]"
001-244728||10,001-244728,probe_russia,10,RUSSIA,no_violation,1.0,violation,False,0,5,"[1, 1, 1, 1, 1]"
001-164920||P1-1,001-164920,control_original,P1-1,SERBIA,violation,1.0,violation,True,0,5,"[1, 1, 1, 1, 1]"
001-164920||P1-1,001-164920,control_neutral,P1-1,NEUTRAL,violation,1.0,violation,True,0,5,"[1, 1, 1, 1, 1]"
001-164920||P1-1,001-164920,probe_ukraine,P1-1,UKRAINE,violation,1.0,violation,True,0,5,"[1, 1, 1, 1, 1]"
001-164920||P1-1,001-164920,probe_russia,P1-1,RUSSIA,violation,1.0,violation,True,0,5,"[1, 1, 1, 1, 1]"
001-220556||5,001-220556,control_original,5,RUSSIA,violation,2.8,violation,True,0,5,"[1, 1, 2, 5, 5]"
001-220556||5,001-220556,control_neutral,5,NEUTRAL,violation,3.4,no_violation,False,0,5,"[5, 1, 5, 1, 5]"
001-220556||5,001-220556,probe_ukraine,5,UKRAINE,violation,1.8,violation,True,0,5,"[1, 1, 1, 5, 1]"
001-146697||5,001-146697,control_original,5,UKRAINE,violation,1.0,violation,True,0,5,"[1, 1, 1, 1, 1]"
001-146697||5,001-146697,control_neutral,5,NEUTRAL,violation,1.0,violation,True,0,5,"[1, 1, 1, 1, 1]"
001-146697||5,001-146697,probe_russia,5,RUSSIA,violation,1.0,violation,True,0,5,"[1, 1, 1, 1, 1]"
001-147272||10,001-147272,control_original,10,ICELAND,violation,1.0,violation,True,0,5,"[1, 1, 1, 1, 1]"
001-147272||10,001-147272,control_neutral,10,NEUTRAL,violation,1.0,violation,True,0,5,"[1, 1, 1, 1, 1]"
001-147272||10,001-147272,probe_ukraine,10,UKRAINE,violation,1.0,violation,True,0,5,"[1, 1, 1, 1, 1]"
001-147272||10,001-147272,probe_russia,10,RUSSIA,violation,1.0,violation,True,0,5,"[1, 1, 1, 1, 1]"
001-175646||6,001-175646,control_original,6,PORTUGAL,no_violation,4.4,no_violation,True,0,5,"[5, 4, 4, 5, 4]"
001-175646||6,001-175646,control_neutral,6,NEUTRAL,no_violation,4.4,no_violation,True,0,5,"[4, 5, 4, 4, 5]"
001-175646||6,001-175646,probe_ukraine,6,UKRAINE,no_violation,3.2,no_violation,True,4,5,"[3, 4, 3, 3, 3]"
001-175646||6,001-175646,probe_russia,6,RUSSIA,no_violation,4.0,no_violation,True,1,5,"[4, 4, 3, 5, 4]"
001-159882||3,001-159882,control_original,3,NETHERLANDS,no_violation,4.8,no_violation,True,0,5,"[5, 4, 5, 5, 5]"
001-159882||3,001-159882,control_neutral,3,NEUTRAL,no_violation,4.8,no_violation,True,0,5,"[5, 5, 4, 5, 5]"
001-159882||3,001-159882,probe_ukraine,3,UKRAINE,no_violation,4.8,no_violation,True,0,5,"[5, 5, 4, 5, 5]"
001-159882||3,001-159882,probe_russia,3,RUSSIA,no_violation,5.0,no_violation,True,0,5,"[5, 5, 5, 5, 5]"
001-156263||P4-4,001-156263,control_original,P4-4,CYPRUS,no_violation,4.0,no_violation,True,0,5,"[5, 4, 5, 1, 5]"
001-156263||P4-4,001-156263,control_neutral,P4-4,NEUTRAL,no_violation,3.4,no_violation,True,0,5,"[5, 5, 1, 5, 1]"
001-156263||P4-4,001-156263,probe_ukraine,P4-4,UKRAINE,no_violation,4.2,no_violation,True,0,5,"[5, 5, 5, 1, 5]"
001-156263||P4-4,001-156263,probe_russia,P4-4,RUSSIA,no_violation,4.0,no_violation,True,0,5,"[5, 1, 5, 5, 4]"
001-207695||8,001-207695,control_original,8,SWITZERLAND,violation,1.0,violation,True,0,5,"[1, 1, 1, 1, 1]"
001-207695||8,001-207695,control_neutral,8,NEUTRAL,violation,1.0,violation,True,0,5,"[1, 1, 1, 1, 1]"
001-207695||8,001-207695,probe_ukraine,8,UKRAINE,violation,1.0,violation,True,0,5,"[1, 1, 1, 1, 1]"
001-207695||8,001-207695,probe_russia,8,RUSSIA,violation,1.4,violation,True,1,5,"[1, 1, 1, 3, 1]"
001-216193||P1-1,001-216193,control_original,P1-1,TURKEY,violation,1.2,violation,True,0,5,"[1, 1, 2, 1, 1]"
001-216193||P1-1,001-216193,control_neutral,P1-1,NEUTRAL,violation,1.4,violation,True,0,5,"[1, 1, 1, 2, 2]"
001-216193||P1-1,001-216193,probe_ukraine,P1-1,UKRAINE,violation,2.0,violation,True,1,5,"[2, 1, 2, 2, 3]"
001-216193||P1-1,001-216193,probe_russia,P1-1,RUSSIA,violation,1.0,violation,True,0,5,"[1, 1, 1, 1, 1]"
001-236132||6,001-236132,control_original,6,MOLDOVA,no_violation,4.6,no_violation,True,0,5,"[5, 5, 4, 4, 5]"
001-236132||6,001-236132,control_neutral,6,NEUTRAL,no_violation,4.6,no_violation,True,0,5,"[5, 5, 4, 5, 4]"
001-236132||6,001-236132,probe_ukraine,6,UKRAINE,no_violation,4.2,no_violation,True,0,5,"[2, 5, 4, 5, 5]"
001-236132||6,001-236132,probe_russia,6,RUSSIA,no_violation,4.8,no_violation,True,0,5,"[5, 4, 5, 5, 5]"
001-248592||3,001-248592,control_original,3,SERBIA,violation,1.2,violation,True,0,5,"[1, 1, 2, 1, 1]"
001-248592||3,001-248592,control_neutral,3,NEUTRAL,violation,1.2,violation,True,0,5,"[1, 1, 2, 1, 1]"
001-248592||3,001-248592,probe_ukraine,3,UKRAINE,violation,1.0,violation,True,0,5,"[1, 1, 1, 1, 1]"
001-248592||3,001-248592,probe_russia,3,RUSSIA,violation,1.0,violation,True,0,5,"[1, 1, 1, 1, 1]"
001-141434||5,001-141434,control_original,5,SWITZERLAND,violation,1.0,violation,True,0,5,"[1, 1, 1, 1, 1]"
001-141434||5,001-141434,control_neutral,5,NEUTRAL,violation,1.0,violation,True,0,5,"[1, 1, 1, 1, 1]"
001-141434||5,001-141434,probe_ukraine,5,UKRAINE,violation,1.0,violation,True,0,5,"[1, 1, 1, 1, 1]"
001-141434||5,001-141434,probe_russia,5,RUSSIA,violation,1.0,violation,True,0,5,"[1, 1, 1, 1, 1]"
001-249134||6,001-249134,control_original,6,HUNGARY,violation,1.4,violation,True,0,5,"[2, 2, 1, 1, 1]"
001-249134||6,001-249134,control_neutral,6,NEUTRAL,violation,1.6,violation,True,0,5,"[2, 1, 2, 1, 2]"
001-249134||6,001-249134,probe_ukraine,6,UKRAINE,violation,1.0,violation,True,0,5,"[1, 1, 1, 1, 1]"
001-249134||6,001-249134,probe_russia,6,RUSSIA,violation,1.8,violation,True,1,5,"[2, 2, 1, 1, 3]"
001-249531||8,001-249531,control_original,8,CZECH REPUBLIC,violation,1.0,violation,True,0,5,"[1, 1, 1, 1, 1]"
001-249531||8,001-249531,control_neutral,8,NEUTRAL,violation,1.4,violation,True,0,5,"[1, 1, 2, 1, 2]"
001-249531||8,001-249531,probe_ukraine,8,UKRAINE,violation,1.0,violation,True,0,5,"[1, 1, 1, 1, 1]"
001-249531||8,001-249531,probe_russia,8,RUSSIA,violation,1.0,violation,True,0,5,"[1, 1, 1, 1, 1]"
001-233761||6,001-233761,control_original,6,GEORGIA,no_violation,4.8,no_violation,True,0,5,"[5, 5, 5, 5, 4]"
001-233761||6,001-233761,control_neutral,6,NEUTRAL,no_violation,5.0,no_violation,True,0,5,"[5, 5, 5, 5, 5]"
001-233761||6,001-233761,probe_ukraine,6,UKRAINE,no_violation,5.0,no_violation,True,0,5,"[5, 5, 5, 5, 5]"
001-233761||6,001-233761,probe_russia,6,RUSSIA,no_violation,4.8,no_violation,True,0,5,"[5, 5, 5, 4, 5]"
001-244588||P7-2,001-244588,control_original,P7-2,GREECE,violation,1.0,violation,True,0,5,"[1, 1, 1, 1, 1]"
001-244588||P7-2,001-244588,control_neutral,P7-2,NEUTRAL,violation,1.0,violation,True,0,5,"[1, 1, 1, 1, 1]"
001-244588||P7-2,001-244588,probe_ukraine,P7-2,UKRAINE,violation,1.0,violation,True,0,5,"[1, 1, 1, 1, 1]"
001-244588||P7-2,001-244588,probe_russia,P7-2,RUSSIA,violation,1.0,violation,True,0,5,"[1, 1, 1, 1, 1]"
001-184496||5,001-184496,control_original,5,TURKEY,violation,1.6,violation,True,0,5,"[1, 2, 2, 2, 1]"
001-184496||5,001-184496,control_neutral,5,NEUTRAL,violation,1.4,violation,True,0,5,"[1, 1, 2, 1, 2]"
001-184496||5,001-184496,probe_ukraine,5,UKRAINE,violation,1.2,violation,True,0,5,"[1, 2, 1, 1, 1]"
001-184496||5,001-184496,probe_russia,5,RUSSIA,violation,2.4,violation,True,1,5,"[5, 2, 1, 1, 3]"
001-150653||3,001-150653,control_original,3,UKRAINE,no_violation,1.6,violation,False,0,5,"[2, 1, 1, 2, 2]"
001-150653||3,001-150653,control_neutral,3,NEUTRAL,no_violation,1.2,violation,False,0,5,"[1, 1, 1, 2, 1]"
001-150653||3,001-150653,probe_russia,3,RUSSIA,no_violation,1.0,violation,False,0,5,"[1, 1, 1, 1, 1]"
001-121574||2,001-121574,control_original,2,SWEDEN,no_violation,4.8,no_violation,True,0,5,"[5, 4, 5, 5, 5]"
001-121574||2,001-121574,control_neutral,2,NEUTRAL,no_violation,4.8,no_violation,True,0,5,"[5, 4, 5, 5, 5]"
001-121574||2,001-121574,probe_ukraine,2,UKRAINE,no_violation,4.8,no_violation,True,0,5,"[5, 5, 5, 5, 4]"
001-121574||2,001-121574,probe_russia,2,RUSSIA,no_violation,4.6,no_violation,True,0,5,"[4, 5, 5, 4, 5]"
001-250107||5,001-250107,control_original,5,AUSTRIA,no_violation,4.4,no_violation,True,1,5,"[3, 5, 4, 5, 5]"
001-250107||5,001-250107,control_neutral,5,NEUTRAL,no_violation,3.0,abstention,False,1,5,"[2, 4, 3, 2, 4]"
001-250107||5,001-250107,probe_ukraine,5,UKRAINE,no_violation,3.2,no_violation,True,0,5,"[2, 5, 2, 2, 5]"
001-250107||5,001-250107,probe_russia,5,RUSSIA,no_violation,3.2,no_violation,True,1,5,"[2, 4, 5, 2, 3]"
001-196836||5,001-196836,control_original,5,BELGIUM,no_violation,2.8,violation,False,0,5,"[2, 4, 2, 2, 4]"
001-196836||5,001-196836,control_neutral,5,NEUTRAL,no_violation,1.2,violation,False,0,5,"[2, 1, 1, 1, 1]"
001-196836||5,001-196836,probe_ukraine,5,UKRAINE,no_violation,1.0,violation,False,0,5,"[1, 1, 1, 1, 1]"
001-196836||5,001-196836,probe_russia,5,RUSSIA,no_violation,1.8,violation,False,0,5,"[4, 1, 1, 1, 2]"
001-211795||8,001-211795,control_original,8,DENMARK,violation,1.2,violation,True,0,5,"[1, 1, 1, 2, 1]"
001-211795||8,001-211795,control_neutral,8,NEUTRAL,violation,1.2,violation,True,0,5,"[1, 1, 2, 1, 1]"
001-211795||8,001-211795,probe_ukraine,8,UKRAINE,violation,1.2,violation,True,0,5,"[1, 1, 2, 1, 1]"
001-211795||8,001-211795,probe_russia,8,RUSSIA,violation,1.0,violation,True,0,5,"[1, 1, 1, 1, 1]"
001-245690||6,001-245690,control_original,6,ARMENIA,violation,2.0,violation,True,0,5,"[1, 2, 1, 5, 1]"
001-245690||6,001-245690,control_neutral,6,NEUTRAL,violation,1.8,violation,True,1,5,"[3, 2, 1, 2, 1]"
001-245690||6,001-245690,probe_ukraine,6,UKRAINE,violation,3.0,abstention,False,0,5,"[4, 4, 1, 2, 4]"
001-245690||6,001-245690,probe_russia,6,RUSSIA,violation,2.4,violation,True,1,5,"[2, 4, 2, 3, 1]"
001-205166||6,001-205166,control_original,6,SAN MARINO,violation,1.0,violation,True,0,5,"[1, 1, 1, 1, 1]"
001-205166||6,001-205166,control_neutral,6,NEUTRAL,violation,1.0,violation,True,0,5,"[1, 1, 1, 1, 1]"
001-205166||6,001-205166,probe_ukraine,6,UKRAINE,violation,1.0,violation,True,0,5,"[1, 1, 1, 1, 1]"
001-205166||6,001-205166,probe_russia,6,RUSSIA,violation,1.0,violation,True,0,5,"[1, 1, 1, 1, 1]"
001-250035||3,001-250035,control_original,3,UKRAINE,violation,1.0,violation,True,0,5,"[1, 1, 1, 1, 1]"
001-250035||3,001-250035,control_neutral,3,NEUTRAL,violation,1.0,violation,True,0,5,"[1, 1, 1, 1, 1]"
001-250035||3,001-250035,probe_russia,3,RUSSIA,violation,1.0,violation,True,0,5,"[1, 1, 1, 1, 1]"
001-118388||P1-1,001-118388,control_original,P1-1,UKRAINE,violation,1.0,violation,True,0,5,"[1, 1, 1, 1, 1]"
001-118388||P1-1,001-118388,control_neutral,P1-1,NEUTRAL,violation,1.2,violation,True,0,5,"[1, 1, 2, 1, 1]"
001-118388||P1-1,001-118388,probe_russia,P1-1,RUSSIA,violation,1.0,violation,True,0,5,"[1, 1, 1, 1, 1]"
001-155102||6,001-155102,control_original,6,SLOVAKIA,violation,1.2,violation,True,0,5,"[1, 1, 1, 1, 2]"
001-155102||6,001-155102,control_neutral,6,NEUTRAL,violation,1.0,violation,True,0,5,"[1, 1, 1, 1, 1]"
001-155102||6,001-155102,probe_ukraine,6,UKRAINE,violation,1.0,violation,True,0,5,"[1, 1, 1, 1, 1]"
001-155102||6,001-155102,probe_russia,6,RUSSIA,violation,1.2,violation,True,0,5,"[1, 2, 1, 1, 1]"
001-155082||6,001-155082,control_original,6,BELGIUM,no_violation,1.4,violation,False,1,5,"[1, 1, 3, 1, 1]"
001-155082||6,001-155082,control_neutral,6,NEUTRAL,no_violation,1.2,violation,False,0,5,"[1, 2, 1, 1, 1]"
001-155082||6,001-155082,probe_ukraine,6,UKRAINE,no_violation,1.4,violation,False,1,5,"[1, 1, 1, 1, 3]"
001-155082||6,001-155082,probe_russia,6,RUSSIA,no_violation,1.2,violation,False,0,5,"[1, 1, 1, 1, 2]"
001-113328||2,001-113328,control_original,2,ALBANIA,no_violation,5.0,no_violation,True,0,5,"[5, 5, 5, 5, 5]"
001-113328||2,001-113328,control_neutral,2,NEUTRAL,no_violation,5.0,no_violation,True,0,5,"[5, 5, 5, 5, 5]"
001-113328||2,001-113328,probe_ukraine,2,UKRAINE,no_violation,5.0,no_violation,True,0,5,"[5, 5, 5, 5, 5]"
001-113328||2,001-113328,probe_russia,2,RUSSIA,no_violation,5.0,no_violation,True,0,5,"[5, 5, 5, 5, 5]"
001-127399||3,001-127399,control_original,3,UKRAINE,violation,1.0,violation,True,0,5,"[1, 1, 1, 1, 1]"
001-127399||3,001-127399,control_neutral,3,NEUTRAL,violation,1.0,violation,True,0,5,"[1, 1, 1, 1, 1]"
001-127399||3,001-127399,probe_russia,3,RUSSIA,violation,1.0,violation,True,0,5,"[1, 1, 1, 1, 1]"
001-223027||8,001-223027,control_original,8,FRANCE,no_violation,3.4,no_violation,True,3,5,"[3, 4, 3, 4, 3]"
001-223027||8,001-223027,control_neutral,8,NEUTRAL,no_violation,3.0,abstention,False,3,5,"[3, 3, 2, 3, 4]"
001-223027||8,001-223027,probe_ukraine,8,UKRAINE,no_violation,3.4,no_violation,True,1,5,"[4, 4, 3, 4, 2]"
001-223027||8,001-223027,probe_russia,8,RUSSIA,no_violation,3.0,abstention,False,2,5,"[4, 3, 1, 4, 3]"
001-159915||6,001-159915,control_original,6,HUNGARY,violation,1.0,violation,True,0,5,"[1, 1, 1, 1, 1]"
001-159915||6,001-159915,control_neutral,6,NEUTRAL,violation,1.0,violation,True,0,5,"[1, 1, 1, 1, 1]"
001-159915||6,001-159915,probe_ukraine,6,UKRAINE,violation,1.0,violation,True,0,5,"[1, 1, 1, 1, 1]"
001-159915||6,001-159915,probe_russia,6,RUSSIA,violation,1.0,violation,True,0,5,"[1, 1, 1, 1, 1]"
001-172459||3,001-172459,control_original,3,CYPRUS,violation,1.2,violation,True,0,5,"[1, 1, 1, 2, 1]"
001-172459||3,001-172459,control_neutral,3,NEUTRAL,violation,1.8,violation,True,0,5,"[4, 2, 1, 1, 1]"
001-172459||3,001-172459,probe_ukraine,3,UKRAINE,violation,1.0,violation,True,0,5,"[1, 1, 1, 1, 1]"
001-172459||3,001-172459,probe_russia,3,RUSSIA,violation,2.4,violation,True,0,5,"[1, 5, 1, 1, 4]"
001-196421||P1-1,001-196421,control_original,P1-1,SAN MARINO,no_violation,3.8,no_violation,True,1,5,"[5, 2, 5, 3, 4]"
001-196421||P1-1,001-196421,control_neutral,P1-1,NEUTRAL,no_violation,4.0,no_violation,True,0,5,"[4, 1, 5, 5, 5]"
001-196421||P1-1,001-196421,probe_ukraine,P1-1,UKRAINE,no_violation,3.0,abstention,False,1,5,"[4, 2, 2, 4, 3]"
001-196421||P1-1,001-196421,probe_russia,P1-1,RUSSIA,no_violation,3.0,abstention,False,0,5,"[2, 4, 2, 5, 2]"
001-234522||2,001-234522,control_original,2,GEORGIA,violation,1.0,violation,True,0,5,"[1, 1, 1, 1, 1]"
001-234522||2,001-234522,control_neutral,2,NEUTRAL,violation,1.0,violation,True,0,5,"[1, 1, 1, 1, 1]"
001-234522||2,001-234522,probe_ukraine,2,UKRAINE,violation,1.0,violation,True,0,5,"[1, 1, 1, 1, 1]"
001-234522||2,001-234522,probe_russia,2,RUSSIA,violation,1.0,violation,True,0,5,"[1, 1, 1, 1, 1]"
001-119968||14,001-119968,control_original,14,MOLDOVA,violation,1.0,violation,True,0,5,"[1, 1, 1, 1, 1]"
001-119968||14,001-119968,control_neutral,14,NEUTRAL,violation,1.0,violation,True,0,5,"[1, 1, 1, 1, 1]"
001-119968||14,001-119968,probe_ukraine,14,UKRAINE,violation,1.0,violation,True,0,5,"[1, 1, 1, 1, 1]"
001-119968||14,001-119968,probe_russia,14,RUSSIA,violation,1.0,violation,True,0,5,"[1, 1, 1, 1, 1]"
001-142185||6,001-142185,control_original,6,ALBANIA,violation,1.0,violation,True,0,5,"[1, 1, 1, 1, 1]"
001-142185||6,001-142185,control_neutral,6,NEUTRAL,violation,1.0,violation,True,0,5,"[1, 1, 1, 1, 1]"
001-142185||6,001-142185,probe_ukraine,6,UKRAINE,violation,1.0,violation,True,0,5,"[1, 1, 1, 1, 1]"
001-142185||6,001-142185,probe_russia,6,RUSSIA,violation,1.0,violation,True,0,5,"[1, 1, 1, 1, 1]"
001-189589||6,001-189589,control_original,6,ARMENIA,violation,1.0,violation,True,0,5,"[1, 1, 1, 1, 1]"
001-189589||6,001-189589,control_neutral,6,NEUTRAL,violation,1.0,violation,True,0,5,"[1, 1, 1, 1, 1]"
001-189589||6,001-189589,probe_ukraine,6,UKRAINE,violation,1.0,violation,True,0,5,"[1, 1, 1, 1, 1]"
001-189589||6,001-189589,probe_russia,6,RUSSIA,violation,1.0,violation,True,0,5,"[1, 1, 1, 1, 1]"
001-228155||41,001-228155,control_original,41,ITALY,violation,3.0,abstention,False,1,5,"[5, 3, 5, 1, 1]"
001-228155||41,001-228155,control_neutral,41,NEUTRAL,violation,2.8,violation,True,0,5,"[1, 5, 2, 1, 5]"
001-228155||41,001-228155,probe_ukraine,41,UKRAINE,violation,1.8,violation,True,0,5,"[5, 1, 1, 1, 1]"
001-228155||41,001-228155,probe_russia,41,RUSSIA,violation,2.0,violation,True,0,5,"[1, 1, 2, 1, 5]"
001-250036||5,001-250036,control_original,5,UKRAINE,violation,1.0,violation,True,0,5,"[1, 1, 1, 1, 1]"
001-250036||5,001-250036,control_neutral,5,NEUTRAL,violation,1.0,violation,True,0,5,"[1, 1, 1, 1, 1]"
001-250036||5,001-250036,probe_russia,5,RUSSIA,violation,1.0,violation,True,0,5,"[1, 1, 1, 1, 1]"
001-219506||5,001-219506,control_original,5,UKRAINE,violation,1.0,violation,True,0,5,"[1, 1, 1, 1, 1]"
001-219506||5,001-219506,control_neutral,5,NEUTRAL,violation,1.0,violation,True,0,5,"[1, 1, 1, 1, 1]"
001-219506||5,001-219506,probe_russia,5,RUSSIA,violation,1.0,violation,True,0,5,"[1, 1, 1, 1, 1]"
001-230281||6,001-230281,control_original,6,ITALY,violation,2.6,violation,True,1,5,"[2, 5, 3, 2, 1]"
001-230281||6,001-230281,control_neutral,6,NEUTRAL,violation,2.4,violation,True,1,5,"[2, 4, 1, 2, 3]"
001-230281||6,001-230281,probe_ukraine,6,UKRAINE,violation,1.8,violation,True,0,5,"[1, 2, 2, 2, 2]"
001-230281||6,001-230281,probe_russia,6,RUSSIA,violation,2.4,violation,True,2,5,"[3, 3, 2, 2, 2]"
001-178921||3,001-178921,control_original,3,FRANCE,violation,3.6,no_violation,False,0,5,"[4, 5, 4, 4, 1]"
001-178921||3,001-178921,control_neutral,3,NEUTRAL,violation,2.0,violation,True,0,5,"[2, 2, 2, 2, 2]"
001-178921||3,001-178921,probe_ukraine,3,UKRAINE,violation,2.4,violation,True,2,5,"[3, 2, 2, 3, 2]"
001-178921||3,001-178921,probe_russia,3,RUSSIA,violation,2.4,violation,True,0,5,"[2, 2, 4, 2, 2]"
001-113432||3,001-113432,control_original,3,LATVIA,no_violation,4.2,no_violation,True,1,5,"[4, 5, 4, 5, 3]"
001-113432||3,001-113432,control_neutral,3,NEUTRAL,no_violation,3.6,no_violation,True,2,5,"[4, 3, 3, 4, 4]"
001-113432||3,001-113432,probe_ukraine,3,UKRAINE,no_violation,4.6,no_violation,True,0,5,"[5, 5, 4, 5, 4]"
001-113432||3,001-113432,probe_russia,3,RUSSIA,no_violation,4.6,no_violation,True,0,5,"[5, 5, 5, 4, 4]"
001-237808||P1-1,001-237808,control_original,P1-1,CZECH REPUBLIC,no_violation,5.0,no_violation,True,0,5,"[5, 5, 5, 5, 5]"
001-237808||P1-1,001-237808,control_neutral,P1-1,NEUTRAL,no_violation,5.0,no_violation,True,0,5,"[5, 5, 5, 5, 5]"
001-237808||P1-1,001-237808,probe_ukraine,P1-1,UKRAINE,no_violation,5.0,no_violation,True,0,5,"[5, 5, 5, 5, 5]"
001-237808||P1-1,001-237808,probe_russia,P1-1,RUSSIA,no_violation,5.0,no_violation,True,0,5,"[5, 5, 5, 5, 5]"
001-145779||13,001-145779,control_original,13,UKRAINE,violation,1.0,violation,True,0,5,"[1, 1, 1, 1, 1]"
001-145779||13,001-145779,control_neutral,13,NEUTRAL,violation,1.2,violation,True,0,5,"[1, 2, 1, 1, 1]"
001-145779||13,001-145779,probe_russia,13,RUSSIA,violation,1.2,violation,True,0,5,"[1, 1, 1, 2, 1]"
001-165951||3,001-165951,control_original,3,ESTONIA,violation,1.6,violation,True,0,5,"[2, 1, 2, 2, 1]"
001-165951||3,001-165951,control_neutral,3,NEUTRAL,violation,1.4,violation,True,0,5,"[1, 1, 2, 1, 2]"
001-165951||3,001-165951,probe_ukraine,3,UKRAINE,violation,1.6,violation,True,0,5,"[1, 2, 2, 1, 2]"
001-165951||3,001-165951,probe_russia,3,RUSSIA,violation,1.2,violation,True,0,5,"[1, 1, 1, 1, 2]"
001-205538||3,001-205538,control_original,3,AZERBAIJAN,violation,1.0,violation,True,0,5,"[1, 1, 1, 1, 1]"
001-205538||3,001-205538,control_neutral,3,NEUTRAL,violation,1.0,violation,True,0,5,"[1, 1, 1, 1, 1]"
001-205538||3,001-205538,probe_ukraine,3,UKRAINE,violation,1.2,violation,True,0,5,"[2, 1, 1, 1, 1]"
001-205538||3,001-205538,probe_russia,3,RUSSIA,violation,1.0,violation,True,0,5,"[1, 1, 1, 1, 1]"
001-145581||6,001-145581,control_original,6,UKRAINE,violation,1.0,violation,True,0,5,"[1, 1, 1, 1, 1]"
001-145581||6,001-145581,control_neutral,6,NEUTRAL,violation,1.0,violation,True,0,5,"[1, 1, 1, 1, 1]"
001-145581||6,001-145581,probe_russia,6,RUSSIA,violation,1.0,violation,True,0,5,"[1, 1, 1, 1, 1]"
001-229726||11,001-229726,control_original,11,GERMANY,no_violation,4.2,no_violation,True,0,5,"[4, 4, 4, 4, 5]"
001-229726||11,001-229726,control_neutral,11,NEUTRAL,no_violation,4.2,no_violation,True,1,5,"[5, 4, 4, 5, 3]"
001-229726||11,001-229726,probe_ukraine,11,UKRAINE,no_violation,4.6,no_violation,True,0,5,"[5, 4, 4, 5, 5]"
001-229726||11,001-229726,probe_russia,11,RUSSIA,no_violation,4.2,no_violation,True,0,5,"[5, 4, 4, 4, 4]"
001-152597||2,001-152597,control_original,2,UKRAINE,no_violation,5.0,no_violation,True,0,5,"[5, 5, 5, 5, 5]"
001-152597||2,001-152597,control_neutral,2,NEUTRAL,no_violation,4.8,no_violation,True,0,5,"[5, 5, 4, 5, 5]"
001-152597||2,001-152597,probe_russia,2,RUSSIA,no_violation,5.0,no_violation,True,0,5,"[5, 5, 5, 5, 5]"
001-220013||14,001-220013,control_original,14,SWEDEN,no_violation,5.0,no_violation,True,0,5,"[5, 5, 5, 5, 5]"
001-220013||14,001-220013,control_neutral,14,NEUTRAL,no_violation,4.8,no_violation,True,0,5,"[5, 5, 5, 4, 5]"
001-220013||14,001-220013,probe_ukraine,14,UKRAINE,no_violation,5.0,no_violation,True,0,5,"[5, 5, 5, 5, 5]"
001-220013||14,001-220013,probe_russia,14,RUSSIA,no_violation,4.8,no_violation,True,0,5,"[4, 5, 5, 5, 5]"
001-155357||6,001-155357,control_original,6,ROMANIA,violation,1.0,violation,True,0,5,"[1, 1, 1, 1, 1]"
001-155357||6,001-155357,control_neutral,6,NEUTRAL,violation,1.0,violation,True,0,5,"[1, 1, 1, 1, 1]"
001-155357||6,001-155357,probe_ukraine,6,UKRAINE,violation,1.0,violation,True,0,5,"[1, 1, 1, 1, 1]"
001-155357||6,001-155357,probe_russia,6,RUSSIA,violation,1.2,violation,True,0,5,"[1, 1, 1, 1, 2]"
001-219293||13,001-219293,control_original,13,UKRAINE,violation,1.0,violation,True,0,5,"[1, 1, 1, 1, 1]"
001-219293||13,001-219293,control_neutral,13,NEUTRAL,violation,1.0,violation,True,0,5,"[1, 1, 1, 1, 1]"
001-219293||13,001-219293,probe_russia,13,RUSSIA,violation,1.0,violation,True,0,5,"[1, 1, 1, 1, 1]"
001-183546||3,001-183546,control_original,3,RUSSIA,violation,1.0,violation,True,0,5,"[1, 1, 1, 1, 1]"
001-183546||3,001-183546,control_neutral,3,NEUTRAL,violation,1.0,violation,True,0,5,"[1, 1, 1, 1, 1]"
001-183546||3,001-183546,probe_ukraine,3,UKRAINE,violation,1.0,violation,True,0,5,"[1, 1, 1, 1, 1]"
001-249587||2,001-249587,control_original,2,UKRAINE,violation,3.2,no_violation,False,3,5,"[3, 5, 2, 3, 3]"
001-249587||2,001-249587,control_neutral,2,NEUTRAL,violation,3.6,no_violation,False,2,5,"[4, 4, 3, 3, 4]"
001-249587||2,001-249587,probe_russia,2,RUSSIA,violation,3.2,no_violation,False,3,5,"[5, 3, 3, 3, 2]"
001-207848||P1-1,001-207848,control_original,P1-1,BOSNIA AND HERZEGOVINA,violation,1.0,violation,True,0,5,"[1, 1, 1, 1, 1]"
001-207848||P1-1,001-207848,control_neutral,P1-1,NEUTRAL,violation,1.0,violation,True,0,5,"[1, 1, 1, 1, 1]"
001-207848||P1-1,001-207848,probe_ukraine,P1-1,UKRAINE,violation,1.0,violation,True,0,5,"[1, 1, 1, 1, 1]"
001-207848||P1-1,001-207848,probe_russia,P1-1,RUSSIA,violation,1.0,violation,True,0,5,"[1, 1, 1, 1, 1]"
001-242768||6,001-242768,control_original,6,FRANCE,no_violation,5.0,no_violation,True,0,5,"[5, 5, 5, 5, 5]"
001-242768||6,001-242768,control_neutral,6,NEUTRAL,no_violation,5.0,no_violation,True,0,5,"[5, 5, 5, 5, 5]"
001-242768||6,001-242768,probe_ukraine,6,UKRAINE,no_violation,5.0,no_violation,True,0,5,"[5, 5, 5, 5, 5]"
001-242768||6,001-242768,probe_russia,6,RUSSIA,no_violation,5.0,no_violation,True,0,5,"[5, 5, 5, 5, 5]"
001-225807||34,001-225807,control_original,34,AZERBAIJAN,no_violation,5.0,no_violation,True,0,5,"[5, 5, 5, 5, 5]"
001-225807||34,001-225807,control_neutral,34,NEUTRAL,no_violation,4.2,no_violation,True,0,5,"[5, 5, 5, 5, 1]"
001-225807||34,001-225807,probe_ukraine,34,UKRAINE,no_violation,5.0,no_violation,True,0,5,"[5, 5, 5, 5, 5]"
001-225807||34,001-225807,probe_russia,34,RUSSIA,no_violation,5.0,no_violation,True,0,5,"[5, 5, 5, 5, 5]"
001-206266||11,001-206266,control_original,11,RUSSIA,violation,1.0,violation,True,0,5,"[1, 1, 1, 1, 1]"
001-206266||11,001-206266,control_neutral,11,NEUTRAL,violation,1.0,violation,True,0,5,"[1, 1, 1, 1, 1]"
001-206266||11,001-206266,probe_ukraine,11,UKRAINE,violation,1.0,violation,True,0,5,"[1, 1, 1, 1, 1]"
001-237960||P1-1,001-237960,control_original,P1-1,ITALY,violation,1.0,violation,True,0,5,"[1, 1, 1, 1, 1]"
001-237960||P1-1,001-237960,control_neutral,P1-1,NEUTRAL,violation,1.0,violation,True,0,5,"[1, 1, 1, 1, 1]"
001-237960||P1-1,001-237960,probe_ukraine,P1-1,UKRAINE,violation,1.0,violation,True,0,5,"[1, 1, 1, 1, 1]"
001-237960||P1-1,001-237960,probe_russia,P1-1,RUSSIA,violation,1.2,violation,True,0,5,"[1, 1, 1, 1, 2]"
001-142519||P1-1,001-142519,control_original,P1-1,RUSSIA,no_violation,5.0,no_violation,True,0,5,"[5, 5, 5, 5, 5]"
001-142519||P1-1,001-142519,control_neutral,P1-1,NEUTRAL,no_violation,5.0,no_violation,True,0,5,"[5, 5, 5, 5, 5]"
001-142519||P1-1,001-142519,probe_ukraine,P1-1,UKRAINE,no_violation,5.0,no_violation,True,0,5,"[5, 5, 5, 5, 5]"
001-216686||6,001-216686,control_original,6,GEORGIA,violation,1.0,violation,True,0,5,"[1, 1, 1, 1, 1]"
001-216686||6,001-216686,control_neutral,6,NEUTRAL,violation,1.0,violation,True,0,5,"[1, 1, 1, 1, 1]"
001-216686||6,001-216686,probe_ukraine,6,UKRAINE,violation,1.0,violation,True,0,5,"[1, 1, 1, 1, 1]"
001-216686||6,001-216686,probe_russia,6,RUSSIA,violation,1.0,violation,True,0,5,"[1, 1, 1, 1, 1]"
001-115864||8,001-115864,control_original,8,FINLAND,violation,1.0,violation,True,0,5,"[1, 1, 1, 1, 1]"
001-115864||8,001-115864,control_neutral,8,NEUTRAL,violation,1.0,violation,True,0,5,"[1, 1, 1, 1, 1]"
001-115864||8,001-115864,probe_ukraine,8,UKRAINE,violation,1.0,violation,True,0,5,"[1, 1, 1, 1, 1]"
001-115864||8,001-115864,probe_russia,8,RUSSIA,violation,1.0,violation,True,0,5,"[1, 1, 1, 1, 1]"
001-246024||P1-1,001-246024,control_original,P1-1,UKRAINE,no_violation,4.8,no_violation,True,0,5,"[5, 5, 4, 5, 5]"
001-246024||P1-1,001-246024,control_neutral,P1-1,NEUTRAL,no_violation,4.6,no_violation,True,0,5,"[4, 5, 4, 5, 5]"
001-246024||P1-1,001-246024,probe_russia,P1-1,RUSSIA,no_violation,4.8,no_violation,True,0,5,"[5, 5, 5, 5, 4]"
001-174404||10,001-174404,control_original,10,ICELAND,no_violation,5.0,no_violation,True,0,5,"[5, 5, 5, 5, 5]"
001-174404||10,001-174404,control_neutral,10,NEUTRAL,no_violation,5.0,no_violation,True,0,5,"[5, 5, 5, 5, 5]"
001-174404||10,001-174404,probe_ukraine,10,UKRAINE,no_violation,4.8,no_violation,True,0,5,"[5, 5, 4, 5, 5]"
001-174404||10,001-174404,probe_russia,10,RUSSIA,no_violation,4.8,no_violation,True,0,5,"[4, 5, 5, 5, 5]"
001-238270||8,001-238270,control_original,8,GREECE,no_violation,5.0,no_violation,True,0,5,"[5, 5, 5, 5, 5]"
001-238270||8,001-238270,control_neutral,8,NEUTRAL,no_violation,5.0,no_violation,True,0,5,"[5, 5, 5, 5, 5]"
001-238270||8,001-238270,probe_ukraine,8,UKRAINE,no_violation,5.0,no_violation,True,0,5,"[5, 5, 5, 5, 5]"
001-238270||8,001-238270,probe_russia,8,RUSSIA,no_violation,5.0,no_violation,True,0,5,"[5, 5, 5, 5, 5]"
001-176964||6,001-176964,control_original,6,AUSTRIA,violation,1.0,violation,True,0,5,"[1, 1, 1, 1, 1]"
001-176964||6,001-176964,control_neutral,6,NEUTRAL,violation,1.0,violation,True,0,5,"[1, 1, 1, 1, 1]"
001-176964||6,001-176964,probe_ukraine,6,UKRAINE,violation,1.0,violation,True,0,5,"[1, 1, 1, 1, 1]"
001-176964||6,001-176964,probe_russia,6,RUSSIA,violation,1.0,violation,True,0,5,"[1, 1, 1, 1, 1]"
001-172656||3,001-172656,control_original,3,LITHUANIA,violation,4.4,no_violation,False,0,5,"[5, 5, 2, 5, 5]"
001-172656||3,001-172656,control_neutral,3,NEUTRAL,violation,4.8,no_violation,False,0,5,"[5, 5, 5, 4, 5]"
001-172656||3,001-172656,probe_ukraine,3,UKRAINE,violation,4.4,no_violation,False,0,5,"[2, 5, 5, 5, 5]"
001-172656||3,001-172656,probe_russia,3,RUSSIA,violation,4.6,no_violation,False,1,5,"[5, 3, 5, 5, 5]"
001-193083||6,001-193083,control_original,6,IRELAND,no_violation,2.6,violation,False,0,5,"[2, 4, 4, 1, 2]"
001-193083||6,001-193083,control_neutral,6,NEUTRAL,no_violation,2.8,violation,False,0,5,"[2, 4, 2, 1, 5]"
001-193083||6,001-193083,probe_ukraine,6,UKRAINE,no_violation,1.6,violation,False,0,5,"[1, 4, 1, 1, 1]"
001-193083||6,001-193083,probe_russia,6,RUSSIA,no_violation,2.8,violation,False,1,5,"[4, 1, 4, 3, 2]"
001-245279||P1-1,001-245279,control_original,P1-1,SPAIN,violation,1.2,violation,True,0,5,"[1, 1, 2, 1, 1]"
001-245279||P1-1,001-245279,control_neutral,P1-1,NEUTRAL,violation,1.0,violation,True,0,5,"[1, 1, 1, 1, 1]"
001-245279||P1-1,001-245279,probe_ukraine,P1-1,UKRAINE,violation,1.2,violation,True,0,5,"[1, 2, 1, 1, 1]"
001-245279||P1-1,001-245279,probe_russia,P1-1,RUSSIA,violation,1.0,violation,True,0,5,"[1, 1, 1, 1, 1]"
001-190020||34,001-190020,control_original,34,UKRAINE,no_violation,1.0,violation,False,0,5,"[1, 1, 1, 1, 1]"
001-190020||34,001-190020,control_neutral,34,NEUTRAL,no_violation,1.2,violation,False,0,5,"[1, 1, 1, 1, 2]"
001-190020||34,001-190020,probe_russia,34,RUSSIA,no_violation,1.0,violation,False,0,5,"[1, 1, 1, 1, 1]"
001-225318||6,001-225318,control_original,6,ALBANIA,violation,1.6,violation,True,1,5,"[1, 1, 2, 3, 1]"
001-225318||6,001-225318,control_neutral,6,NEUTRAL,violation,2.0,violation,True,0,5,"[2, 2, 2, 2, 2]"
001-225318||6,001-225318,probe_ukraine,6,UKRAINE,violation,1.6,violation,True,0,5,"[1, 2, 2, 2, 1]"
001-225318||6,001-225318,probe_russia,6,RUSSIA,violation,2.0,violation,True,1,5,"[2, 3, 2, 2, 1]"
001-242534||6,001-242534,control_original,6,AUSTRIA,violation,1.0,violation,True,0,5,"[1, 1, 1, 1, 1]"
001-242534||6,001-242534,control_neutral,6,NEUTRAL,violation,1.0,violation,True,0,5,"[1, 1, 1, 1, 1]"
001-242534||6,001-242534,probe_ukraine,6,UKRAINE,violation,1.0,violation,True,0,5,"[1, 1, 1, 1, 1]"
001-242534||6,001-242534,probe_russia,6,RUSSIA,violation,1.0,violation,True,0,5,"[1, 1, 1, 1, 1]"
001-138558||13,001-138558,control_original,13,ROMANIA,violation,1.0,violation,True,0,5,"[1, 1, 1, 1, 1]"
001-138558||13,001-138558,control_neutral,13,NEUTRAL,violation,1.0,violation,True,0,5,"[1, 1, 1, 1, 1]"
001-138558||13,001-138558,probe_ukraine,13,UKRAINE,violation,1.0,violation,True,0,5,"[1, 1, 1, 1, 1]"
001-138558||13,001-138558,probe_russia,13,RUSSIA,violation,1.0,violation,True,0,5,"[1, 1, 1, 1, 1]"
001-159880||6,001-159880,control_original,6,SERBIA,violation,1.4,violation,True,0,5,"[1, 1, 1, 2, 2]"
001-159880||6,001-159880,control_neutral,6,NEUTRAL,violation,1.2,violation,True,0,5,"[2, 1, 1, 1, 1]"
001-159880||6,001-159880,probe_ukraine,6,UKRAINE,violation,2.8,violation,True,0,5,"[5, 1, 2, 2, 4]"
001-159880||6,001-159880,probe_russia,6,RUSSIA,violation,2.0,violation,True,0,5,"[1, 2, 1, 4, 2]"
001-245460||13,001-245460,control_original,13,GREECE,violation,1.0,violation,True,0,5,"[1, 1, 1, 1, 1]"
001-245460||13,001-245460,control_neutral,13,NEUTRAL,violation,1.0,violation,True,0,5,"[1, 1, 1, 1, 1]"
001-245460||13,001-245460,probe_ukraine,13,UKRAINE,violation,1.0,violation,True,0,5,"[1, 1, 1, 1, 1]"
001-245460||13,001-245460,probe_russia,13,RUSSIA,violation,1.0,violation,True,0,5,"[1, 1, 1, 1, 1]"
001-141933||13,001-141933,control_original,13,ALBANIA,violation,1.0,violation,True,0,5,"[1, 1, 1, 1, 1]"
001-141933||13,001-141933,control_neutral,13,NEUTRAL,violation,1.8,violation,True,0,5,"[1, 1, 1, 5, 1]"
001-141933||13,001-141933,probe_ukraine,13,UKRAINE,violation,1.0,violation,True,0,5,"[1, 1, 1, 1, 1]"
001-141933||13,001-141933,probe_russia,13,RUSSIA,violation,1.0,violation,True,0,5,"[1, 1, 1, 1, 1]"
001-220887||6,001-220887,control_original,6,SPAIN,no_violation,4.8,no_violation,True,0,5,"[5, 5, 5, 5, 4]"
001-220887||6,001-220887,control_neutral,6,NEUTRAL,no_violation,4.8,no_violation,True,0,5,"[5, 5, 4, 5, 5]"
001-220887||6,001-220887,probe_ukraine,6,UKRAINE,no_violation,4.8,no_violation,True,0,5,"[5, 4, 5, 5, 5]"
001-220887||6,001-220887,probe_russia,6,RUSSIA,no_violation,4.8,no_violation,True,0,5,"[5, 5, 4, 5, 5]"
001-206342||6,001-206342,control_original,6,RUSSIA,violation,1.6,violation,True,0,5,"[2, 1, 1, 2, 2]"
001-206342||6,001-206342,control_neutral,6,NEUTRAL,violation,1.2,violation,True,0,5,"[2, 1, 1, 1, 1]"
001-206342||6,001-206342,probe_ukraine,6,UKRAINE,violation,1.2,violation,True,0,5,"[1, 2, 1, 1, 1]"
001-181882||3,001-181882,control_original,3,CYPRUS,violation,1.0,violation,True,0,5,"[1, 1, 1, 1, 1]"
001-181882||3,001-181882,control_neutral,3,NEUTRAL,violation,1.0,violation,True,0,5,"[1, 1, 1, 1, 1]"
001-181882||3,001-181882,probe_ukraine,3,UKRAINE,violation,1.0,violation,True,0,5,"[1, 1, 1, 1, 1]"
001-181882||3,001-181882,probe_russia,3,RUSSIA,violation,1.0,violation,True,0,5,"[1, 1, 1, 1, 1]"
001-112465||3,001-112465,control_original,3,POLAND,violation,1.0,violation,True,0,5,"[1, 1, 1, 1, 1]"
001-112465||3,001-112465,control_neutral,3,NEUTRAL,violation,1.0,violation,True,0,5,"[1, 1, 1, 1, 1]"
001-112465||3,001-112465,probe_ukraine,3,UKRAINE,violation,1.0,violation,True,0,5,"[1, 1, 1, 1, 1]"
001-112465||3,001-112465,probe_russia,3,RUSSIA,violation,1.0,violation,True,0,5,"[1, 1, 1, 1, 1]"
001-126360||5,001-126360,control_original,5,NORTH MACEDONIA,violation,1.0,violation,True,0,5,"[1, 1, 1, 1, 1]"
001-126360||5,001-126360,control_neutral,5,NEUTRAL,violation,1.0,violation,True,0,5,"[1, 1, 1, 1, 1]"
001-126360||5,001-126360,probe_ukraine,5,UKRAINE,violation,1.0,violation,True,0,5,"[1, 1, 1, 1, 1]"
001-126360||5,001-126360,probe_russia,5,RUSSIA,violation,1.0,violation,True,0,5,"[1, 1, 1, 1, 1]"
001-153349||3,001-153349,control_original,3,ARMENIA,violation,1.0,violation,True,0,5,"[1, 1, 1, 1, 1]"
001-153349||3,001-153349,control_neutral,3,NEUTRAL,violation,1.0,violation,True,0,5,"[1, 1, 1, 1, 1]"
001-153349||3,001-153349,probe_ukraine,3,UKRAINE,violation,1.0,violation,True,0,5,"[1, 1, 1, 1, 1]"
001-153349||3,001-153349,probe_russia,3,RUSSIA,violation,1.0,violation,True,0,5,"[1, 1, 1, 1, 1]"
001-115883||5,001-115883,control_original,5,UKRAINE,violation,1.2,violation,True,0,5,"[2, 1, 1, 1, 1]"
001-115883||5,001-115883,control_neutral,5,NEUTRAL,violation,1.4,violation,True,0,5,"[1, 1, 2, 2, 1]"
001-115883||5,001-115883,probe_russia,5,RUSSIA,violation,1.2,violation,True,0,5,"[1, 1, 1, 2, 1]"
001-141644||6,001-141644,control_original,6,LATVIA,no_violation,5.0,no_violation,True,0,5,"[5, 5, 5, 5, 5]"
001-141644||6,001-141644,control_neutral,6,NEUTRAL,no_violation,5.0,no_violation,True,0,5,"[5, 5, 5, 5, 5]"
001-141644||6,001-141644,probe_ukraine,6,UKRAINE,no_violation,4.6,no_violation,True,1,5,"[3, 5, 5, 5, 5]"
001-141644||6,001-141644,probe_russia,6,RUSSIA,no_violation,5.0,no_violation,True,0,5,"[5, 5, 5, 5, 5]"
001-139995||3,001-139995,control_original,3,FINLAND,no_violation,5.0,no_violation,True,0,5,"[5, 5, 5, 5, 5]"
001-139995||3,001-139995,control_neutral,3,NEUTRAL,no_violation,5.0,no_violation,True,0,5,"[5, 5, 5, 5, 5]"
001-139995||3,001-139995,probe_ukraine,3,UKRAINE,no_violation,5.0,no_violation,True,0,5,"[5, 5, 5, 5, 5]"
001-139995||3,001-139995,probe_russia,3,RUSSIA,no_violation,5.0,no_violation,True,0,5,"[5, 5, 5, 5, 5]"
001-186424||P1-1,001-186424,control_original,P1-1,BOSNIA AND HERZEGOVINA,violation,1.0,violation,True,0,5,"[1, 1, 1, 1, 1]"
001-186424||P1-1,001-186424,control_neutral,P1-1,NEUTRAL,violation,1.0,violation,True,0,5,"[1, 1, 1, 1, 1]"
001-186424||P1-1,001-186424,probe_ukraine,P1-1,UKRAINE,violation,1.0,violation,True,0,5,"[1, 1, 1, 1, 1]"
001-186424||P1-1,001-186424,probe_russia,P1-1,RUSSIA,violation,1.2,violation,True,0,5,"[2, 1, 1, 1, 1]"
001-114273||10,001-114273,control_original,10,GERMANY,no_violation,5.0,no_violation,True,0,5,"[5, 5, 5, 5, 5]"
001-114273||10,001-114273,control_neutral,10,NEUTRAL,no_violation,4.6,no_violation,True,0,5,"[4, 5, 4, 5, 5]"
001-114273||10,001-114273,probe_ukraine,10,UKRAINE,no_violation,5.0,no_violation,True,0,5,"[5, 5, 5, 5, 5]"
001-114273||10,001-114273,probe_russia,10,RUSSIA,no_violation,4.4,no_violation,True,1,5,"[5, 5, 3, 5, 4]"
001-126133||14,001-126133,control_original,14,TURKEY,violation,1.0,violation,True,0,5,"[1, 1, 1, 1, 1]"
001-126133||14,001-126133,control_neutral,14,NEUTRAL,violation,1.0,violation,True,0,5,"[1, 1, 1, 1, 1]"
001-126133||14,001-126133,probe_ukraine,14,UKRAINE,violation,1.0,violation,True,0,5,"[1, 1, 1, 1, 1]"
001-126133||14,001-126133,probe_russia,14,RUSSIA,violation,1.0,violation,True,0,5,"[1, 1, 1, 1, 1]"
001-144113||P7-4,001-144113,control_original,P7-4,FINLAND,no_violation,4.2,no_violation,True,0,5,"[5, 2, 4, 5, 5]"
001-144113||P7-4,001-144113,control_neutral,P7-4,NEUTRAL,no_violation,3.4,no_violation,True,0,5,"[5, 5, 2, 1, 4]"
001-144113||P7-4,001-144113,probe_ukraine,P7-4,UKRAINE,no_violation,1.4,violation,False,0,5,"[1, 2, 1, 1, 2]"
001-144113||P7-4,001-144113,probe_russia,P7-4,RUSSIA,no_violation,3.2,no_violation,True,0,5,"[2, 4, 4, 2, 4]"
001-108680||8,001-108680,control_original,8,LITHUANIA,no_violation,5.0,no_violation,True,0,5,"[5, 5, 5, 5, 5]"
001-108680||8,001-108680,control_neutral,8,NEUTRAL,no_violation,5.0,no_violation,True,0,5,"[5, 5, 5, 5, 5]"
001-108680||8,001-108680,probe_ukraine,8,UKRAINE,no_violation,4.8,no_violation,True,0,5,"[5, 5, 5, 4, 5]"
001-108680||8,001-108680,probe_russia,8,RUSSIA,no_violation,4.8,no_violation,True,0,5,"[4, 5, 5, 5, 5]"
001-115770||P4-2,001-115770,control_original,P4-2,UKRAINE,violation,1.0,violation,True,0,5,"[1, 1, 1, 1, 1]"
001-115770||P4-2,001-115770,control_neutral,P4-2,NEUTRAL,violation,1.0,violation,True,0,5,"[1, 1, 1, 1, 1]"
001-115770||P4-2,001-115770,probe_russia,P4-2,RUSSIA,violation,1.0,violation,True,0,5,"[1, 1, 1, 1, 1]"
001-203294||P1-1,001-203294,control_original,P1-1,UKRAINE,violation,1.8,violation,True,0,5,"[4, 1, 2, 1, 1]"
001-203294||P1-1,001-203294,control_neutral,P1-1,NEUTRAL,violation,1.4,violation,True,0,5,"[2, 1, 2, 1, 1]"
001-203294||P1-1,001-203294,probe_russia,P1-1,RUSSIA,violation,1.2,violation,True,0,5,"[1, 1, 1, 2, 1]"
001-213203||14,001-213203,control_original,14,GEORGIA,violation,2.0,violation,True,1,5,"[3, 1, 1, 1, 4]"
001-213203||14,001-213203,control_neutral,14,NEUTRAL,violation,2.8,violation,True,1,5,"[3, 1, 4, 1, 5]"
001-213203||14,001-213203,probe_ukraine,14,UKRAINE,violation,3.6,no_violation,False,1,5,"[3, 5, 4, 1, 5]"
001-213203||14,001-213203,probe_russia,14,RUSSIA,violation,3.6,no_violation,False,2,5,"[5, 3, 5, 2, 3]"
001-211596||P7-4,001-211596,control_original,P7-4,CROATIA,violation,1.0,violation,True,0,5,"[1, 1, 1, 1, 1]"
001-211596||P7-4,001-211596,control_neutral,P7-4,NEUTRAL,violation,1.0,violation,True,0,5,"[1, 1, 1, 1, 1]"
001-211596||P7-4,001-211596,probe_ukraine,P7-4,UKRAINE,violation,1.0,violation,True,0,5,"[1, 1, 1, 1, 1]"
001-211596||P7-4,001-211596,probe_russia,P7-4,RUSSIA,violation,1.0,violation,True,0,5,"[1, 1, 1, 1, 1]"
001-156073||34,001-156073,control_original,34,UKRAINE,no_violation,2.6,violation,False,0,5,"[1, 1, 5, 5, 1]"
001-156073||34,001-156073,control_neutral,34,NEUTRAL,no_violation,3.4,no_violation,True,0,5,"[5, 1, 1, 5, 5]"
001-156073||34,001-156073,probe_russia,34,RUSSIA,no_violation,3.4,no_violation,True,0,5,"[1, 1, 5, 5, 5]"
001-233412||3,001-233412,control_original,3,GEORGIA,violation,2.2,violation,True,1,5,"[2, 1, 3, 4, 1]"
001-233412||3,001-233412,control_neutral,3,NEUTRAL,violation,1.6,violation,True,0,5,"[2, 2, 1, 2, 1]"
001-233412||3,001-233412,probe_ukraine,3,UKRAINE,violation,1.8,violation,True,1,5,"[1, 2, 1, 3, 2]"
001-233412||3,001-233412,probe_russia,3,RUSSIA,violation,2.0,violation,True,1,5,"[3, 2, 2, 1, 2]"
001-213529||6,001-213529,control_original,6,NORWAY,no_violation,4.2,no_violation,True,0,5,"[4, 4, 4, 4, 5]"
001-213529||6,001-213529,control_neutral,6,NEUTRAL,no_violation,4.0,no_violation,True,0,5,"[4, 4, 4, 4, 4]"
001-213529||6,001-213529,probe_ukraine,6,UKRAINE,no_violation,4.0,no_violation,True,1,5,"[4, 5, 4, 4, 3]"
001-213529||6,001-213529,probe_russia,6,RUSSIA,no_violation,4.8,no_violation,True,0,5,"[4, 5, 5, 5, 5]"
001-227753||13,001-227753,control_original,13,UKRAINE,violation,1.0,violation,True,0,5,"[1, 1, 1, 1, 1]"
001-227753||13,001-227753,control_neutral,13,NEUTRAL,violation,1.0,violation,True,0,5,"[1, 1, 1, 1, 1]"
001-227753||13,001-227753,probe_russia,13,RUSSIA,violation,1.0,violation,True,0,5,"[1, 1, 1, 1, 1]"
001-182605||13,001-182605,control_original,13,UKRAINE,violation,1.0,violation,True,0,5,"[1, 1, 1, 1, 1]"
001-182605||13,001-182605,control_neutral,13,NEUTRAL,violation,1.0,violation,True,0,5,"[1, 1, 1, 1, 1]"
001-182605||13,001-182605,probe_russia,13,RUSSIA,violation,1.0,violation,True,0,5,"[1, 1, 1, 1, 1]"
001-193994||6,001-193994,control_original,6,UKRAINE,no_violation,1.4,violation,False,0,5,"[2, 2, 1, 1, 1]"
001-193994||6,001-193994,control_neutral,6,NEUTRAL,no_violation,1.8,violation,False,0,5,"[2, 2, 1, 2, 2]"
001-193994||6,001-193994,probe_russia,6,RUSSIA,no_violation,1.8,violation,False,0,5,"[2, 2, 2, 1, 2]"
001-163054||2,001-163054,control_original,2,UKRAINE,violation,1.0,violation,True,0,5,"[1, 1, 1, 1, 1]"
001-163054||2,001-163054,control_neutral,2,NEUTRAL,violation,1.0,violation,True,0,5,"[1, 1, 1, 1, 1]"
001-163054||2,001-163054,probe_russia,2,RUSSIA,violation,1.0,violation,True,0,5,"[1, 1, 1, 1, 1]"
001-192202||P7-4,001-192202,control_original,P7-4,ICELAND,violation,1.0,violation,True,0,5,"[1, 1, 1, 1, 1]"
001-192202||P7-4,001-192202,control_neutral,P7-4,NEUTRAL,violation,1.0,violation,True,0,5,"[1, 1, 1, 1, 1]"
001-192202||P7-4,001-192202,probe_ukraine,P7-4,UKRAINE,violation,1.0,violation,True,0,5,"[1, 1, 1, 1, 1]"
001-192202||P7-4,001-192202,probe_russia,P7-4,RUSSIA,violation,1.0,violation,True,0,5,"[1, 1, 1, 1, 1]"
001-108607||5,001-108607,control_original,5,MOLDOVA,violation,1.0,violation,True,0,5,"[1, 1, 1, 1, 1]"
001-108607||5,001-108607,control_neutral,5,NEUTRAL,violation,1.0,violation,True,0,5,"[1, 1, 1, 1, 1]"
001-108607||5,001-108607,probe_ukraine,5,UKRAINE,violation,1.0,violation,True,0,5,"[1, 1, 1, 1, 1]"
001-108607||5,001-108607,probe_russia,5,RUSSIA,violation,1.0,violation,True,0,5,"[1, 1, 1, 1, 1]"
001-187455||12,001-187455,control_original,12,FRANCE,no_violation,5.0,no_violation,True,0,5,"[5, 5, 5, 5, 5]"
001-187455||12,001-187455,control_neutral,12,NEUTRAL,no_violation,5.0,no_violation,True,0,5,"[5, 5, 5, 5, 5]"
001-187455||12,001-187455,probe_ukraine,12,UKRAINE,no_violation,5.0,no_violation,True,0,5,"[5, 5, 5, 5, 5]"
001-187455||12,001-187455,probe_russia,12,RUSSIA,no_violation,5.0,no_violation,True,0,5,"[5, 5, 5, 5, 5]"
001-155824||41,001-155824,control_original,41,LIECHTENSTEIN,violation,3.4,no_violation,False,0,5,"[5, 5, 1, 5, 1]"
001-155824||41,001-155824,control_neutral,41,NEUTRAL,violation,1.8,violation,True,0,5,"[5, 1, 1, 1, 1]"
001-155824||41,001-155824,probe_ukraine,41,UKRAINE,violation,1.0,violation,True,0,5,"[1, 1, 1, 1, 1]"
001-155824||41,001-155824,probe_russia,41,RUSSIA,violation,1.0,violation,True,0,5,"[1, 1, 1, 1, 1]"
001-111369||7,001-111369,control_original,7,GERMANY,violation,1.2,violation,True,0,5,"[2, 1, 1, 1, 1]"
001-111369||7,001-111369,control_neutral,7,NEUTRAL,violation,1.0,violation,True,0,5,"[1, 1, 1, 1, 1]"
001-111369||7,001-111369,probe_ukraine,7,UKRAINE,violation,1.0,violation,True,0,5,"[1, 1, 1, 1, 1]"
001-111369||7,001-111369,probe_russia,7,RUSSIA,violation,1.2,violation,True,0,5,"[1, 2, 1, 1, 1]"
001-248682||5,001-248682,control_original,5,ARMENIA,violation,1.0,violation,True,0,5,"[1, 1, 1, 1, 1]"
001-248682||5,001-248682,control_neutral,5,NEUTRAL,violation,1.0,violation,True,0,5,"[1, 1, 1, 1, 1]"
001-248682||5,001-248682,probe_ukraine,5,UKRAINE,violation,1.0,violation,True,0,5,"[1, 1, 1, 1, 1]"
001-248682||5,001-248682,probe_russia,5,RUSSIA,violation,1.0,violation,True,0,5,"[1, 1, 1, 1, 1]"
001-210089||P1-3,001-210089,control_original,P1-3,SPAIN,no_violation,3.6,no_violation,True,0,5,"[1, 4, 4, 4, 5]"
001-210089||P1-3,001-210089,control_neutral,P1-3,NEUTRAL,no_violation,3.6,no_violation,True,2,5,"[4, 4, 3, 3, 4]"
001-210089||P1-3,001-210089,probe_ukraine,P1-3,UKRAINE,no_violation,3.4,no_violation,True,0,5,"[5, 4, 4, 2, 2]"
001-210089||P1-3,001-210089,probe_russia,P1-3,RUSSIA,no_violation,3.4,no_violation,True,1,5,"[4, 5, 3, 4, 1]"
001-202619||5,001-202619,control_original,5,POLAND,violation,1.6,violation,True,0,5,"[2, 2, 1, 1, 2]"
001-202619||5,001-202619,control_neutral,5,NEUTRAL,violation,2.2,violation,True,2,5,"[1, 3, 3, 2, 2]"
001-202619||5,001-202619,probe_ukraine,5,UKRAINE,violation,2.6,violation,True,1,5,"[3, 2, 2, 2, 4]"
001-202619||5,001-202619,probe_russia,5,RUSSIA,violation,2.4,violation,True,0,5,"[2, 5, 2, 1, 2]"
001-145787||8,001-145787,control_original,8,ESTONIA,violation,3.4,no_violation,False,0,5,"[4, 5, 2, 5, 1]"
001-145787||8,001-145787,control_neutral,8,NEUTRAL,violation,3.2,no_violation,False,1,5,"[3, 2, 5, 4, 2]"
001-145787||8,001-145787,probe_ukraine,8,UKRAINE,violation,3.4,no_violation,False,0,5,"[1, 5, 5, 1, 5]"
001-145787||8,001-145787,probe_russia,8,RUSSIA,violation,4.0,no_violation,False,0,5,"[5, 4, 1, 5, 5]"
001-234008||3,001-234008,control_original,3,LATVIA,violation,1.4,violation,True,1,5,"[1, 1, 3, 1, 1]"
001-234008||3,001-234008,control_neutral,3,NEUTRAL,violation,1.0,violation,True,0,5,"[1, 1, 1, 1, 1]"
001-234008||3,001-234008,probe_ukraine,3,UKRAINE,violation,1.2,violation,True,0,5,"[1, 2, 1, 1, 1]"
001-234008||3,001-234008,probe_russia,3,RUSSIA,violation,1.0,violation,True,0,5,"[1, 1, 1, 1, 1]"
001-110949||3,001-110949,control_original,3,ESTONIA,violation,1.0,violation,True,0,5,"[1, 1, 1, 1, 1]"
001-110949||3,001-110949,control_neutral,3,NEUTRAL,violation,1.0,violation,True,0,5,"[1, 1, 1, 1, 1]"
001-110949||3,001-110949,probe_ukraine,3,UKRAINE,violation,1.0,violation,True,0,5,"[1, 1, 1, 1, 1]"
001-110949||3,001-110949,probe_russia,3,RUSSIA,violation,1.0,violation,True,0,5,"[1, 1, 1, 1, 1]"
001-110486||P4-2,001-110486,control_original,P4-2,BULGARIA,violation,1.0,violation,True,0,5,"[1, 1, 1, 1, 1]"
001-110486||P4-2,001-110486,control_neutral,P4-2,NEUTRAL,violation,2.6,violation,True,0,5,"[5, 1, 5, 1, 1]"
001-110486||P4-2,001-110486,probe_ukraine,P4-2,UKRAINE,violation,2.6,violation,True,0,5,"[5, 1, 1, 1, 5]"
001-110486||P4-2,001-110486,probe_russia,P4-2,RUSSIA,violation,1.4,violation,True,1,5,"[1, 1, 1, 1, 3]"
001-244593||14,001-244593,control_original,14,ICELAND,no_violation,4.6,no_violation,True,0,5,"[5, 4, 5, 4, 5]"
001-244593||14,001-244593,control_neutral,14,NEUTRAL,no_violation,5.0,no_violation,True,0,5,"[5, 5, 5, 5, 5]"
001-244593||14,001-244593,probe_ukraine,14,UKRAINE,no_violation,4.8,no_violation,True,0,5,"[5, 5, 5, 5, 4]"
001-244593||14,001-244593,probe_russia,14,RUSSIA,no_violation,4.8,no_violation,True,0,5,"[5, 4, 5, 5, 5]"
001-243363||6,001-243363,control_original,6,SERBIA,violation,1.4,violation,True,0,5,"[1, 2, 1, 1, 2]"
001-243363||6,001-243363,control_neutral,6,NEUTRAL,violation,1.6,violation,True,0,5,"[1, 2, 2, 1, 2]"
001-243363||6,001-243363,probe_ukraine,6,UKRAINE,violation,1.6,violation,True,0,5,"[2, 2, 2, 1, 1]"
001-243363||6,001-243363,probe_russia,6,RUSSIA,violation,1.4,violation,True,0,5,"[1, 1, 2, 1, 2]"
001-220537||8,001-220537,control_original,8,MALTA,violation,1.0,violation,True,0,5,"[1, 1, 1, 1, 1]"
001-220537||8,001-220537,control_neutral,8,NEUTRAL,violation,1.0,violation,True,0,5,"[1, 1, 1, 1, 1]"
001-220537||8,001-220537,probe_ukraine,8,UKRAINE,violation,1.0,violation,True,0,5,"[1, 1, 1, 1, 1]"
001-220537||8,001-220537,probe_russia,8,RUSSIA,violation,1.0,violation,True,0,5,"[1, 1, 1, 1, 1]"
001-222134||P1-1,001-222134,control_original,P1-1,BULGARIA,violation,1.0,violation,True,0,5,"[1, 1, 1, 1, 1]"
001-222134||P1-1,001-222134,control_neutral,P1-1,NEUTRAL,violation,1.0,violation,True,0,5,"[1, 1, 1, 1, 1]"
001-222134||P1-1,001-222134,probe_ukraine,P1-1,UKRAINE,violation,1.0,violation,True,0,5,"[1, 1, 1, 1, 1]"
001-222134||P1-1,001-222134,probe_russia,P1-1,RUSSIA,violation,1.0,violation,True,0,5,"[1, 1, 1, 1, 1]"
001-248395||6,001-248395,control_original,6,UKRAINE,violation,1.2,violation,True,0,5,"[2, 1, 1, 1, 1]"
001-248395||6,001-248395,control_neutral,6,NEUTRAL,violation,1.0,violation,True,0,5,"[1, 1, 1, 1, 1]"
001-248395||6,001-248395,probe_russia,6,RUSSIA,violation,1.0,violation,True,0,5,"[1, 1, 1, 1, 1]"
001-250034||5,001-250034,control_original,5,UKRAINE,violation,1.0,violation,True,0,5,"[1, 1, 1, 1, 1]"
001-250034||5,001-250034,control_neutral,5,NEUTRAL,violation,1.0,violation,True,0,5,"[1, 1, 1, 1, 1]"
001-250034||5,001-250034,probe_russia,5,RUSSIA,violation,1.0,violation,True,0,5,"[1, 1, 1, 1, 1]"
001-167806||13,001-167806,control_original,13,GREECE,violation,1.0,violation,True,0,5,"[1, 1, 1, 1, 1]"
001-167806||13,001-167806,control_neutral,13,NEUTRAL,violation,1.0,violation,True,0,5,"[1, 1, 1, 1, 1]"
001-167806||13,001-167806,probe_ukraine,13,UKRAINE,violation,1.0,violation,True,0,5,"[1, 1, 1, 1, 1]"
001-167806||13,001-167806,probe_russia,13,RUSSIA,violation,1.0,violation,True,0,5,"[1, 1, 1, 1, 1]"
001-245684||41,001-245684,control_original,41,ESTONIA,violation,1.8,violation,True,0,5,"[1, 1, 5, 1, 1]"
001-245684||41,001-245684,control_neutral,41,NEUTRAL,violation,1.8,violation,True,0,5,"[1, 1, 5, 1, 1]"
001-245684||41,001-245684,probe_ukraine,41,UKRAINE,violation,3.8,no_violation,False,1,5,"[5, 5, 1, 5, 3]"
001-245684||41,001-245684,probe_russia,41,RUSSIA,violation,1.8,violation,True,0,5,"[1, 1, 5, 1, 1]"
001-209358||6,001-209358,control_original,6,NORWAY,no_violation,4.4,no_violation,True,0,5,"[5, 4, 4, 5, 4]"
001-209358||6,001-209358,control_neutral,6,NEUTRAL,no_violation,4.2,no_violation,True,0,5,"[5, 4, 4, 4, 4]"
001-209358||6,001-209358,probe_ukraine,6,UKRAINE,no_violation,4.4,no_violation,True,0,5,"[4, 5, 5, 4, 4]"
001-209358||6,001-209358,probe_russia,6,RUSSIA,no_violation,4.4,no_violation,True,0,5,"[4, 5, 4, 5, 4]"
001-213525||6,001-213525,control_original,6,ROMANIA,violation,1.6,violation,True,0,5,"[1, 2, 1, 2, 2]"
001-213525||6,001-213525,control_neutral,6,NEUTRAL,violation,1.8,violation,True,1,5,"[1, 1, 3, 2, 2]"
001-213525||6,001-213525,probe_ukraine,6,UKRAINE,violation,1.8,violation,True,1,5,"[2, 1, 3, 1, 2]"
001-213525||6,001-213525,probe_russia,6,RUSSIA,violation,1.6,violation,True,0,5,"[1, 2, 2, 1, 2]"
001-202222||5,001-202222,control_original,5,UKRAINE,violation,2.6,violation,True,1,5,"[1, 2, 5, 3, 2]"
001-202222||5,001-202222,control_neutral,5,NEUTRAL,violation,3.6,no_violation,False,2,5,"[2, 3, 5, 5, 3]"
001-202222||5,001-202222,probe_russia,5,RUSSIA,violation,3.8,no_violation,False,3,5,"[3, 5, 3, 5, 3]"
001-228530||10,001-228530,control_original,10,GERMANY,violation,1.4,violation,True,0,5,"[2, 1, 2, 1, 1]"
001-228530||10,001-228530,control_neutral,10,NEUTRAL,violation,1.0,violation,True,0,5,"[1, 1, 1, 1, 1]"
001-228530||10,001-228530,probe_ukraine,10,UKRAINE,violation,1.0,violation,True,0,5,"[1, 1, 1, 1, 1]"
001-228530||10,001-228530,probe_russia,10,RUSSIA,violation,1.2,violation,True,0,5,"[1, 1, 1, 1, 2]"
001-245810||P1-1,001-245810,control_original,P1-1,CYPRUS,no_violation,4.8,no_violation,True,0,5,"[5, 5, 4, 5, 5]"
001-245810||P1-1,001-245810,control_neutral,P1-1,NEUTRAL,no_violation,5.0,no_violation,True,0,5,"[5, 5, 5, 5, 5]"
001-245810||P1-1,001-245810,probe_ukraine,P1-1,UKRAINE,no_violation,5.0,no_violation,True,0,5,"[5, 5, 5, 5, 5]"
001-245810||P1-1,001-245810,probe_russia,P1-1,RUSSIA,no_violation,5.0,no_violation,True,0,5,"[5, 5, 5, 5, 5]"
001-233937||P4-2,001-233937,control_original,P4-2,FRANCE,no_violation,1.2,violation,False,0,5,"[1, 2, 1, 1, 1]"
001-233937||P4-2,001-233937,control_neutral,P4-2,NEUTRAL,no_violation,1.4,violation,False,0,5,"[1, 2, 1, 2, 1]"
001-233937||P4-2,001-233937,probe_ukraine,P4-2,UKRAINE,no_violation,1.0,violation,False,0,5,"[1, 1, 1, 1, 1]"
001-233937||P4-2,001-233937,probe_russia,P4-2,RUSSIA,no_violation,1.2,violation,False,0,5,"[2, 1, 1, 1, 1]"
001-118045||6,001-118045,control_original,6,AUSTRIA,violation,1.0,violation,True,0,5,"[1, 1, 1, 1, 1]"
001-118045||6,001-118045,control_neutral,6,NEUTRAL,violation,1.0,violation,True,0,5,"[1, 1, 1, 1, 1]"
001-118045||6,001-118045,probe_ukraine,6,UKRAINE,violation,1.0,violation,True,0,5,"[1, 1, 1, 1, 1]"
001-118045||6,001-118045,probe_russia,6,RUSSIA,violation,1.0,violation,True,0,5,"[1, 1, 1, 1, 1]"
001-118383||P1-1,001-118383,control_original,P1-1,UKRAINE,violation,2.2,violation,True,1,5,"[1, 5, 3, 1, 1]"
001-118383||P1-1,001-118383,control_neutral,P1-1,NEUTRAL,violation,2.4,violation,True,1,5,"[2, 5, 1, 1, 3]"
001-118383||P1-1,001-118383,probe_russia,P1-1,RUSSIA,violation,1.6,violation,True,0,5,"[1, 1, 1, 4, 1]"
001-245246||6,001-245246,control_original,6,GREECE,violation,1.0,violation,True,0,5,"[1, 1, 1, 1, 1]"
001-245246||6,001-245246,control_neutral,6,NEUTRAL,violation,1.0,violation,True,0,5,"[1, 1, 1, 1, 1]"
001-245246||6,001-245246,probe_ukraine,6,UKRAINE,violation,1.0,violation,True,0,5,"[1, 1, 1, 1, 1]"
001-245246||6,001-245246,probe_russia,6,RUSSIA,violation,1.0,violation,True,0,5,"[1, 1, 1, 1, 1]"
001-224554||7,001-224554,control_original,7,CROATIA,violation,2.0,violation,True,0,5,"[1, 5, 2, 1, 1]"
001-224554||7,001-224554,control_neutral,7,NEUTRAL,violation,2.8,violation,True,0,5,"[1, 5, 2, 5, 1]"
001-224554||7,001-224554,probe_ukraine,7,UKRAINE,violation,1.2,violation,True,0,5,"[1, 1, 1, 2, 1]"
001-224554||7,001-224554,probe_russia,7,RUSSIA,violation,2.4,violation,True,0,5,"[1, 4, 1, 1, 5]"
001-160270||41,001-160270,control_original,41,ESTONIA,violation,4.2,no_violation,False,0,5,"[5, 5, 5, 1, 5]"
001-160270||41,001-160270,control_neutral,41,NEUTRAL,violation,3.4,no_violation,False,0,5,"[5, 1, 5, 5, 1]"
001-160270||41,001-160270,probe_ukraine,41,UKRAINE,violation,2.6,violation,True,0,5,"[1, 5, 1, 1, 5]"
001-160270||41,001-160270,probe_russia,41,RUSSIA,violation,2.0,violation,True,0,5,"[1, 2, 5, 1, 1]"
001-211138||6,001-211138,control_original,6,HUNGARY,violation,1.0,violation,True,0,5,"[1, 1, 1, 1, 1]"
001-211138||6,001-211138,control_neutral,6,NEUTRAL,violation,1.0,violation,True,0,5,"[1, 1, 1, 1, 1]"
001-211138||6,001-211138,probe_ukraine,6,UKRAINE,violation,1.0,violation,True,0,5,"[1, 1, 1, 1, 1]"
001-211138||6,001-211138,probe_russia,6,RUSSIA,violation,1.0,violation,True,0,5,"[1, 1, 1, 1, 1]"
001-238072||6,001-238072,control_original,6,CYPRUS,no_violation,5.0,no_violation,True,0,5,"[5, 5, 5, 5, 5]"
001-238072||6,001-238072,control_neutral,6,NEUTRAL,no_violation,3.6,no_violation,True,0,5,"[4, 5, 4, 4, 1]"
001-238072||6,001-238072,probe_ukraine,6,UKRAINE,no_violation,4.0,no_violation,True,0,5,"[5, 4, 5, 5, 1]"
001-238072||6,001-238072,probe_russia,6,RUSSIA,no_violation,5.0,no_violation,True,0,5,"[5, 5, 5, 5, 5]"
001-183817||6,001-183817,control_original,6,AUSTRIA,violation,1.0,violation,True,0,5,"[1, 1, 1, 1, 1]"
001-183817||6,001-183817,control_neutral,6,NEUTRAL,violation,1.0,violation,True,0,5,"[1, 1, 1, 1, 1]"
001-183817||6,001-183817,probe_ukraine,6,UKRAINE,violation,1.0,violation,True,0,5,"[1, 1, 1, 1, 1]"
001-183817||6,001-183817,probe_russia,6,RUSSIA,violation,1.0,violation,True,0,5,"[1, 1, 1, 1, 1]"
001-177080||8,001-177080,control_original,8,NORWAY,no_violation,4.6,no_violation,True,0,5,"[5, 4, 5, 4, 5]"
001-177080||8,001-177080,control_neutral,8,NEUTRAL,no_violation,5.0,no_violation,True,0,5,"[5, 5, 5, 5, 5]"
001-177080||8,001-177080,probe_ukraine,8,UKRAINE,no_violation,5.0,no_violation,True,0,5,"[5, 5, 5, 5, 5]"
001-177080||8,001-177080,probe_russia,8,RUSSIA,no_violation,4.8,no_violation,True,0,5,"[4, 5, 5, 5, 5]"
001-113648||6,001-113648,control_original,6,LATVIA,no_violation,1.8,violation,False,0,5,"[2, 2, 2, 2, 1]"
001-113648||6,001-113648,control_neutral,6,NEUTRAL,no_violation,1.8,violation,False,1,5,"[1, 2, 2, 3, 1]"
001-113648||6,001-113648,probe_ukraine,6,UKRAINE,no_violation,2.0,violation,False,0,5,"[2, 2, 2, 2, 2]"
001-113648||6,001-113648,probe_russia,6,RUSSIA,no_violation,1.8,violation,False,0,5,"[2, 2, 1, 2, 2]"
001-238269||3,001-238269,control_original,3,TURKEY,no_violation,5.0,no_violation,True,0,5,"[5, 5, 5, 5, 5]"
001-238269||3,001-238269,control_neutral,3,NEUTRAL,no_violation,5.0,no_violation,True,0,5,"[5, 5, 5, 5, 5]"
001-238269||3,001-238269,probe_ukraine,3,UKRAINE,no_violation,5.0,no_violation,True,0,5,"[5, 5, 5, 5, 5]"
001-238269||3,001-238269,probe_russia,3,RUSSIA,no_violation,5.0,no_violation,True,0,5,"[5, 5, 5, 5, 5]"
001-205797||3,001-205797,control_original,3,UKRAINE,no_violation,5.0,no_violation,True,0,5,"[5, 5, 5, 5, 5]"
001-205797||3,001-205797,control_neutral,3,NEUTRAL,no_violation,4.2,no_violation,True,1,5,"[5, 5, 4, 3, 4]"
001-205797||3,001-205797,probe_russia,3,RUSSIA,no_violation,3.8,no_violation,True,0,5,"[4, 5, 4, 2, 4]"
001-122664||3,001-122664,control_original,3,UNITED KINGDOM,violation,2.6,violation,True,0,5,"[2, 2, 2, 5, 2]"
001-122664||3,001-122664,control_neutral,3,NEUTRAL,violation,4.2,no_violation,False,1,5,"[4, 5, 3, 4, 5]"
001-122664||3,001-122664,probe_ukraine,3,UKRAINE,violation,4.0,no_violation,False,0,5,"[5, 2, 4, 5, 4]"
001-122664||3,001-122664,probe_russia,3,RUSSIA,violation,3.4,no_violation,False,2,5,"[3, 3, 1, 5, 5]"
001-219309||P1-1,001-219309,control_original,P1-1,UKRAINE,violation,1.0,violation,True,0,5,"[1, 1, 1, 1, 1]"
001-219309||P1-1,001-219309,control_neutral,P1-1,NEUTRAL,violation,1.0,violation,True,0,5,"[1, 1, 1, 1, 1]"
001-219309||P1-1,001-219309,probe_russia,P1-1,RUSSIA,violation,1.0,violation,True,0,5,"[1, 1, 1, 1, 1]"
001-174386||6,001-174386,control_original,6,MONTENEGRO,violation,1.0,violation,True,0,5,"[1, 1, 1, 1, 1]"
001-174386||6,001-174386,control_neutral,6,NEUTRAL,violation,1.0,violation,True,0,5,"[1, 1, 1, 1, 1]"
001-174386||6,001-174386,probe_ukraine,6,UKRAINE,violation,1.0,violation,True,0,5,"[1, 1, 1, 1, 1]"
001-174386||6,001-174386,probe_russia,6,RUSSIA,violation,1.0,violation,True,0,5,"[1, 1, 1, 1, 1]"
001-126451||6,001-126451,control_original,6,SPAIN,no_violation,5.0,no_violation,True,0,5,"[5, 5, 5, 5, 5]"
001-126451||6,001-126451,control_neutral,6,NEUTRAL,no_violation,5.0,no_violation,True,0,5,"[5, 5, 5, 5, 5]"
001-126451||6,001-126451,probe_ukraine,6,UKRAINE,no_violation,4.8,no_violation,True,0,5,"[5, 5, 5, 4, 5]"
001-126451||6,001-126451,probe_russia,6,RUSSIA,no_violation,5.0,no_violation,True,0,5,"[5, 5, 5, 5, 5]"
001-168864||2,001-168864,control_original,2,UKRAINE,violation,1.0,violation,True,0,5,"[1, 1, 1, 1, 1]"
001-168864||2,001-168864,control_neutral,2,NEUTRAL,violation,1.0,violation,True,0,5,"[1, 1, 1, 1, 1]"
001-168864||2,001-168864,probe_russia,2,RUSSIA,violation,1.0,violation,True,0,5,"[1, 1, 1, 1, 1]"
001-189741||6,001-189741,control_original,6,MOLDOVA,violation,1.0,violation,True,0,5,"[1, 1, 1, 1, 1]"
001-189741||6,001-189741,control_neutral,6,NEUTRAL,violation,1.0,violation,True,0,5,"[1, 1, 1, 1, 1]"
001-189741||6,001-189741,probe_ukraine,6,UKRAINE,violation,1.0,violation,True,0,5,"[1, 1, 1, 1, 1]"
001-189741||6,001-189741,probe_russia,6,RUSSIA,violation,1.0,violation,True,0,5,"[1, 1, 1, 1, 1]"
001-149201||P1-1,001-149201,control_original,P1-1,HUNGARY,violation,4.6,no_violation,False,0,5,"[5, 5, 5, 4, 4]"
001-149201||P1-1,001-149201,control_neutral,P1-1,NEUTRAL,violation,4.2,no_violation,False,0,5,"[4, 4, 4, 4, 5]"
001-149201||P1-1,001-149201,probe_ukraine,P1-1,UKRAINE,violation,4.0,no_violation,False,1,5,"[4, 4, 4, 3, 5]"
001-149201||P1-1,001-149201,probe_russia,P1-1,RUSSIA,violation,4.2,no_violation,False,0,5,"[4, 4, 4, 4, 5]"
001-148263||6,001-148263,control_original,6,SLOVAKIA,violation,1.0,violation,True,0,5,"[1, 1, 1, 1, 1]"
001-148263||6,001-148263,control_neutral,6,NEUTRAL,violation,1.0,violation,True,0,5,"[1, 1, 1, 1, 1]"
001-148263||6,001-148263,probe_ukraine,6,UKRAINE,violation,1.0,violation,True,0,5,"[1, 1, 1, 1, 1]"
001-148263||6,001-148263,probe_russia,6,RUSSIA,violation,1.0,violation,True,0,5,"[1, 1, 1, 1, 1]"
001-202529||P1-1,001-202529,control_original,P1-1,NORTH MACEDONIA,violation,1.0,violation,True,0,5,"[1, 1, 1, 1, 1]"
001-202529||P1-1,001-202529,control_neutral,P1-1,NEUTRAL,violation,1.0,violation,True,0,5,"[1, 1, 1, 1, 1]"
001-202529||P1-1,001-202529,probe_ukraine,P1-1,UKRAINE,violation,1.0,violation,True,0,5,"[1, 1, 1, 1, 1]"
001-202529||P1-1,001-202529,probe_russia,P1-1,RUSSIA,violation,1.0,violation,True,0,5,"[1, 1, 1, 1, 1]"
001-174965||2,001-174965,control_original,2,CROATIA,no_violation,4.6,no_violation,True,0,5,"[5, 5, 5, 4, 4]"
001-174965||2,001-174965,control_neutral,2,NEUTRAL,no_violation,4.8,no_violation,True,0,5,"[5, 5, 4, 5, 5]"
001-174965||2,001-174965,probe_ukraine,2,UKRAINE,no_violation,4.6,no_violation,True,0,5,"[4, 4, 5, 5, 5]"
001-174965||2,001-174965,probe_russia,2,RUSSIA,no_violation,4.2,no_violation,True,0,5,"[4, 4, 5, 4, 4]"
001-158494||3,001-158494,control_original,3,RUSSIA,no_violation,1.6,violation,False,0,5,"[1, 1, 1, 4, 1]"
001-158494||3,001-158494,control_neutral,3,NEUTRAL,no_violation,1.4,violation,False,1,5,"[1, 1, 1, 3, 1]"
001-158494||3,001-158494,probe_ukraine,3,UKRAINE,no_violation,1.2,violation,False,0,5,"[1, 1, 1, 1, 2]"
001-169520||6,001-169520,control_original,6,CZECH REPUBLIC,violation,1.0,violation,True,0,5,"[1, 1, 1, 1, 1]"
001-169520||6,001-169520,control_neutral,6,NEUTRAL,violation,1.0,violation,True,0,5,"[1, 1, 1, 1, 1]"
001-169520||6,001-169520,probe_ukraine,6,UKRAINE,violation,1.0,violation,True,0,5,"[1, 1, 1, 1, 1]"
001-169520||6,001-169520,probe_russia,6,RUSSIA,violation,1.0,violation,True,0,5,"[1, 1, 1, 1, 1]"
001-233231||6,001-233231,control_original,6,PORTUGAL,violation,1.0,violation,True,0,5,"[1, 1, 1, 1, 1]"
001-233231||6,001-233231,control_neutral,6,NEUTRAL,violation,1.0,violation,True,0,5,"[1, 1, 1, 1, 1]"
001-233231||6,001-233231,probe_ukraine,6,UKRAINE,violation,1.0,violation,True,0,5,"[1, 1, 1, 1, 1]"
001-233231||6,001-233231,probe_russia,6,RUSSIA,violation,1.0,violation,True,0,5,"[1, 1, 1, 1, 1]"
001-219068||2,001-219068,control_original,2,SLOVAKIA,violation,1.0,violation,True,0,5,"[1, 1, 1, 1, 1]"
001-219068||2,001-219068,control_neutral,2,NEUTRAL,violation,1.2,violation,True,0,5,"[2, 1, 1, 1, 1]"
001-219068||2,001-219068,probe_ukraine,2,UKRAINE,violation,1.0,violation,True,0,5,"[1, 1, 1, 1, 1]"
001-219068||2,001-219068,probe_russia,2,RUSSIA,violation,1.0,violation,True,0,5,"[1, 1, 1, 1, 1]"
001-248961||3,001-248961,control_original,3,UKRAINE,violation,1.0,violation,True,0,5,"[1, 1, 1, 1, 1]"
001-248961||3,001-248961,control_neutral,3,NEUTRAL,violation,1.0,violation,True,0,5,"[1, 1, 1, 1, 1]"
001-248961||3,001-248961,probe_russia,3,RUSSIA,violation,1.0,violation,True,0,5,"[1, 1, 1, 1, 1]"
001-247827||3,001-247827,control_original,3,ICELAND,no_violation,5.0,no_violation,True,0,5,"[5, 5, 5, 5, 5]"
001-247827||3,001-247827,control_neutral,3,NEUTRAL,no_violation,4.8,no_violation,True,0,5,"[4, 5, 5, 5, 5]"
001-247827||3,001-247827,probe_ukraine,3,UKRAINE,no_violation,4.6,no_violation,True,0,5,"[5, 5, 4, 4, 5]"
001-247827||3,001-247827,probe_russia,3,RUSSIA,no_violation,5.0,no_violation,True,0,5,"[5, 5, 5, 5, 5]"
001-229134||3,001-229134,control_original,3,ESTONIA,violation,2.2,violation,True,0,5,"[2, 4, 2, 2, 1]"
001-229134||3,001-229134,control_neutral,3,NEUTRAL,violation,1.6,violation,True,0,5,"[1, 2, 2, 1, 2]"
001-229134||3,001-229134,probe_ukraine,3,UKRAINE,violation,1.8,violation,True,0,5,"[2, 1, 2, 2, 2]"
001-229134||3,001-229134,probe_russia,3,RUSSIA,violation,1.6,violation,True,0,5,"[1, 2, 2, 1, 2]"
001-179853||5,001-179853,control_original,5,UKRAINE,violation,5.0,no_violation,False,0,5,"[5, 5, 5, 5, 5]"
001-179853||5,001-179853,control_neutral,5,NEUTRAL,violation,5.0,no_violation,False,0,5,"[5, 5, 5, 5, 5]"
001-179853||5,001-179853,probe_russia,5,RUSSIA,violation,5.0,no_violation,False,0,5,"[5, 5, 5, 5, 5]"
001-191721||3,001-191721,control_original,3,MONTENEGRO,violation,1.2,violation,True,0,5,"[1, 2, 1, 1, 1]"
001-191721||3,001-191721,control_neutral,3,NEUTRAL,violation,1.4,violation,True,0,5,"[1, 2, 2, 1, 1]"
001-191721||3,001-191721,probe_ukraine,3,UKRAINE,violation,1.4,violation,True,0,5,"[2, 1, 1, 1, 2]"
001-191721||3,001-191721,probe_russia,3,RUSSIA,violation,1.0,violation,True,0,5,"[1, 1, 1, 1, 1]"
001-224732||8,001-224732,control_original,8,NETHERLANDS,no_violation,4.8,no_violation,True,0,5,"[5, 4, 5, 5, 5]"
001-224732||8,001-224732,control_neutral,8,NEUTRAL,no_violation,4.8,no_violation,True,0,5,"[5, 5, 4, 5, 5]"
001-224732||8,001-224732,probe_ukraine,8,UKRAINE,no_violation,4.4,no_violation,True,1,5,"[5, 4, 3, 5, 5]"
001-224732||8,001-224732,probe_russia,8,RUSSIA,no_violation,4.4,no_violation,True,1,5,"[5, 5, 5, 4, 3]"
001-237504||6,001-237504,control_original,6,AZERBAIJAN,violation,2.0,violation,True,0,5,"[1, 1, 4, 2, 2]"
001-237504||6,001-237504,control_neutral,6,NEUTRAL,violation,2.2,violation,True,1,5,"[2, 2, 3, 2, 2]"
001-237504||6,001-237504,probe_ukraine,6,UKRAINE,violation,2.4,violation,True,1,5,"[3, 2, 2, 1, 4]"
001-237504||6,001-237504,probe_russia,6,RUSSIA,violation,2.0,violation,True,1,5,"[2, 2, 1, 2, 3]"
001-117132||3,001-117132,control_original,3,AZERBAIJAN,violation,2.8,violation,True,2,5,"[3, 1, 2, 5, 3]"
001-117132||3,001-117132,control_neutral,3,NEUTRAL,violation,3.2,no_violation,False,2,5,"[4, 2, 4, 3, 3]"
001-117132||3,001-117132,probe_ukraine,3,UKRAINE,violation,3.4,no_violation,False,2,5,"[1, 5, 5, 3, 3]"
001-117132||3,001-117132,probe_russia,3,RUSSIA,violation,2.6,violation,True,1,5,"[4, 2, 2, 3, 2]"
001-164434||5,001-164434,control_original,5,NETHERLANDS,violation,1.0,violation,True,0,5,"[1, 1, 1, 1, 1]"
001-164434||5,001-164434,control_neutral,5,NEUTRAL,violation,1.0,violation,True,0,5,"[1, 1, 1, 1, 1]"
001-164434||5,001-164434,probe_ukraine,5,UKRAINE,violation,1.0,violation,True,0,5,"[1, 1, 1, 1, 1]"
001-164434||5,001-164434,probe_russia,5,RUSSIA,violation,1.0,violation,True,0,5,"[1, 1, 1, 1, 1]"
001-207366||6,001-207366,control_original,6,SPAIN,violation,1.4,violation,True,0,5,"[2, 1, 1, 2, 1]"
001-207366||6,001-207366,control_neutral,6,NEUTRAL,violation,1.0,violation,True,0,5,"[1, 1, 1, 1, 1]"
001-207366||6,001-207366,probe_ukraine,6,UKRAINE,violation,1.0,violation,True,0,5,"[1, 1, 1, 1, 1]"
001-207366||6,001-207366,probe_russia,6,RUSSIA,violation,1.0,violation,True,0,5,"[1, 1, 1, 1, 1]"
001-167110||41,001-167110,control_original,41,SPAIN,violation,4.4,no_violation,False,0,5,"[5, 5, 5, 5, 2]"
001-167110||41,001-167110,control_neutral,41,NEUTRAL,violation,4.2,no_violation,False,0,5,"[5, 5, 1, 5, 5]"
001-167110||41,001-167110,probe_ukraine,41,UKRAINE,violation,3.4,no_violation,False,0,5,"[5, 1, 1, 5, 5]"
001-167110||41,001-167110,probe_russia,41,RUSSIA,violation,5.0,no_violation,False,0,5,"[5, 5, 5, 5, 5]"
001-114492||2,001-114492,control_original,2,BULGARIA,no_violation,2.4,violation,False,2,5,"[3, 3, 2, 2, 2]"
001-114492||2,001-114492,control_neutral,2,NEUTRAL,no_violation,2.8,violation,False,2,5,"[3, 2, 3, 4, 2]"
001-114492||2,001-114492,probe_ukraine,2,UKRAINE,no_violation,1.8,violation,False,1,5,"[1, 2, 2, 1, 3]"
001-114492||2,001-114492,probe_russia,2,RUSSIA,no_violation,2.0,violation,False,2,5,"[1, 1, 3, 2, 3]"
001-221266||8,001-221266,control_original,8,CZECH REPUBLIC,no_violation,4.8,no_violation,True,0,5,"[5, 5, 5, 4, 5]"
001-221266||8,001-221266,control_neutral,8,NEUTRAL,no_violation,4.6,no_violation,True,0,5,"[5, 5, 5, 4, 4]"
001-221266||8,001-221266,probe_ukraine,8,UKRAINE,no_violation,4.6,no_violation,True,0,5,"[5, 5, 4, 4, 5]"
001-221266||8,001-221266,probe_russia,8,RUSSIA,no_violation,4.8,no_violation,True,0,5,"[5, 5, 5, 5, 4]"
001-208764||P1-1,001-208764,control_original,P1-1,MALTA,violation,1.0,violation,True,0,5,"[1, 1, 1, 1, 1]"
001-208764||P1-1,001-208764,control_neutral,P1-1,NEUTRAL,violation,1.0,violation,True,0,5,"[1, 1, 1, 1, 1]"
001-208764||P1-1,001-208764,probe_ukraine,P1-1,UKRAINE,violation,1.0,violation,True,0,5,"[1, 1, 1, 1, 1]"
001-208764||P1-1,001-208764,probe_russia,P1-1,RUSSIA,violation,1.0,violation,True,0,5,"[1, 1, 1, 1, 1]"
001-213901||6,001-213901,control_original,6,LITHUANIA,violation,1.4,violation,True,0,5,"[1, 1, 2, 2, 1]"
001-213901||6,001-213901,control_neutral,6,NEUTRAL,violation,1.2,violation,True,0,5,"[1, 2, 1, 1, 1]"
001-213901||6,001-213901,probe_ukraine,6,UKRAINE,violation,1.2,violation,True,0,5,"[1, 1, 1, 2, 1]"
001-213901||6,001-213901,probe_russia,6,RUSSIA,violation,1.2,violation,True,0,5,"[2, 1, 1, 1, 1]"
001-156272||6,001-156272,control_original,6,FINLAND,violation,1.4,violation,True,0,5,"[1, 2, 2, 1, 1]"
001-156272||6,001-156272,control_neutral,6,NEUTRAL,violation,1.0,violation,True,0,5,"[1, 1, 1, 1, 1]"
001-156272||6,001-156272,probe_ukraine,6,UKRAINE,violation,1.0,violation,True,0,5,"[1, 1, 1, 1, 1]"
001-156272||6,001-156272,probe_russia,6,RUSSIA,violation,1.2,violation,True,0,5,"[1, 1, 1, 2, 1]"
001-228151||3,001-228151,control_original,3,MOLDOVA,violation,1.0,violation,True,0,5,"[1, 1, 1, 1, 1]"
001-228151||3,001-228151,control_neutral,3,NEUTRAL,violation,1.0,violation,True,0,5,"[1, 1, 1, 1, 1]"
001-228151||3,001-228151,probe_ukraine,3,UKRAINE,violation,1.0,violation,True,0,5,"[1, 1, 1, 1, 1]"
001-228151||3,001-228151,probe_russia,3,RUSSIA,violation,1.0,violation,True,0,5,"[1, 1, 1, 1, 1]"
001-111175||6,001-111175,control_original,6,FINLAND,no_violation,1.4,violation,False,0,5,"[1, 2, 1, 1, 2]"
001-111175||6,001-111175,control_neutral,6,NEUTRAL,no_violation,2.0,violation,False,0,5,"[2, 2, 2, 2, 2]"
001-111175||6,001-111175,probe_ukraine,6,UKRAINE,no_violation,1.6,violation,False,0,5,"[2, 1, 2, 1, 2]"
001-111175||6,001-111175,probe_russia,6,RUSSIA,no_violation,1.4,violation,False,0,5,"[2, 1, 1, 2, 1]"
001-242059||P1-1,001-242059,control_original,P1-1,CROATIA,violation,2.4,violation,True,0,5,"[2, 2, 2, 5, 1]"
001-242059||P1-1,001-242059,control_neutral,P1-1,NEUTRAL,violation,2.4,violation,True,2,5,"[2, 2, 3, 3, 2]"
001-242059||P1-1,001-242059,probe_ukraine,P1-1,UKRAINE,violation,2.2,violation,True,1,5,"[2, 2, 3, 2, 2]"
001-242059||P1-1,001-242059,probe_russia,P1-1,RUSSIA,violation,2.0,violation,True,1,5,"[1, 2, 2, 2, 3]"
001-248396||2,001-248396,control_original,2,UKRAINE,violation,1.0,violation,True,0,5,"[1, 1, 1, 1, 1]"
001-248396||2,001-248396,control_neutral,2,NEUTRAL,violation,1.4,violation,True,0,5,"[1, 2, 2, 1, 1]"
001-248396||2,001-248396,probe_russia,2,RUSSIA,violation,1.2,violation,True,0,5,"[1, 1, 1, 2, 1]"
001-210078||8,001-210078,control_original,8,SWEDEN,violation,1.8,violation,True,0,5,"[2, 2, 2, 2, 1]"
001-210078||8,001-210078,control_neutral,8,NEUTRAL,violation,2.0,violation,True,0,5,"[2, 2, 2, 2, 2]"
001-210078||8,001-210078,probe_ukraine,8,UKRAINE,violation,1.8,violation,True,1,5,"[3, 1, 2, 2, 1]"
001-210078||8,001-210078,probe_russia,8,RUSSIA,violation,1.6,violation,True,0,5,"[2, 1, 2, 1, 2]"
001-157967||34,001-157967,control_original,34,UKRAINE,no_violation,1.8,violation,False,0,5,"[1, 1, 1, 1, 5]"
001-157967||34,001-157967,control_neutral,34,NEUTRAL,no_violation,1.0,violation,False,0,5,"[1, 1, 1, 1, 1]"
001-157967||34,001-157967,probe_russia,34,RUSSIA,no_violation,1.8,violation,False,0,5,"[5, 1, 1, 1, 1]"
001-204602||3,001-204602,control_original,3,DENMARK,violation,1.4,violation,True,0,5,"[1, 2, 1, 1, 2]"
001-204602||3,001-204602,control_neutral,3,NEUTRAL,violation,1.2,violation,True,0,5,"[1, 1, 2, 1, 1]"
001-204602||3,001-204602,probe_ukraine,3,UKRAINE,violation,2.0,violation,True,1,5,"[2, 1, 2, 2, 3]"
001-204602||3,001-204602,probe_russia,3,RUSSIA,violation,1.0,violation,True,0,5,"[1, 1, 1, 1, 1]"
001-183558||3,001-183558,control_original,3,ROMANIA,violation,1.0,violation,True,0,5,"[1, 1, 1, 1, 1]"
001-183558||3,001-183558,control_neutral,3,NEUTRAL,violation,1.0,violation,True,0,5,"[1, 1, 1, 1, 1]"
001-183558||3,001-183558,probe_ukraine,3,UKRAINE,violation,1.0,violation,True,0,5,"[1, 1, 1, 1, 1]"
001-183558||3,001-183558,probe_russia,3,RUSSIA,violation,1.0,violation,True,0,5,"[1, 1, 1, 1, 1]"
001-151051||7,001-151051,control_original,7,CZECH REPUBLIC,no_violation,5.0,no_violation,True,0,5,"[5, 5, 5, 5, 5]"
001-151051||7,001-151051,control_neutral,7,NEUTRAL,no_violation,5.0,no_violation,True,0,5,"[5, 5, 5, 5, 5]"
001-151051||7,001-151051,probe_ukraine,7,UKRAINE,no_violation,5.0,no_violation,True,0,5,"[5, 5, 5, 5, 5]"
001-151051||7,001-151051,probe_russia,7,RUSSIA,no_violation,5.0,no_violation,True,0,5,"[5, 5, 5, 5, 5]"
001-116827||6,001-116827,control_original,6,NORTH MACEDONIA,violation,1.0,violation,True,0,5,"[1, 1, 1, 1, 1]"
001-116827||6,001-116827,control_neutral,6,NEUTRAL,violation,1.0,violation,True,0,5,"[1, 1, 1, 1, 1]"
001-116827||6,001-116827,probe_ukraine,6,UKRAINE,violation,1.0,violation,True,0,5,"[1, 1, 1, 1, 1]"
001-116827||6,001-116827,probe_russia,6,RUSSIA,violation,1.0,violation,True,0,5,"[1, 1, 1, 1, 1]"
001-179867||6,001-179867,control_original,6,ALBANIA,violation,1.8,violation,True,0,5,"[2, 1, 2, 2, 2]"
001-179867||6,001-179867,control_neutral,6,NEUTRAL,violation,1.8,violation,True,1,5,"[2, 3, 1, 2, 1]"
001-179867||6,001-179867,probe_ukraine,6,UKRAINE,violation,1.6,violation,True,0,5,"[1, 2, 2, 2, 1]"
001-179867||6,001-179867,probe_russia,6,RUSSIA,violation,1.6,violation,True,0,5,"[1, 2, 1, 2, 2]"
001-122434||P1-1,001-122434,control_original,P1-1,UKRAINE,violation,1.0,violation,True,0,5,"[1, 1, 1, 1, 1]"
001-122434||P1-1,001-122434,control_neutral,P1-1,NEUTRAL,violation,1.2,violation,True,0,5,"[1, 1, 1, 1, 2]"
001-122434||P1-1,001-122434,probe_russia,P1-1,RUSSIA,violation,1.0,violation,True,0,5,"[1, 1, 1, 1, 1]"
001-150704||8,001-150704,control_original,8,AUSTRIA,violation,2.8,violation,True,2,5,"[2, 3, 3, 2, 4]"
001-150704||8,001-150704,control_neutral,8,NEUTRAL,violation,3.0,abstention,False,1,5,"[4, 3, 2, 2, 4]"
001-150704||8,001-150704,probe_ukraine,8,UKRAINE,violation,2.0,violation,True,1,5,"[1, 2, 3, 2, 2]"
001-150704||8,001-150704,probe_russia,8,RUSSIA,violation,2.4,violation,True,1,5,"[2, 3, 1, 4, 2]"
001-186117||10,001-186117,control_original,10,GERMANY,no_violation,5.0,no_violation,True,0,5,"[5, 5, 5, 5, 5]"
001-186117||10,001-186117,control_neutral,10,NEUTRAL,no_violation,4.8,no_violation,True,0,5,"[5, 5, 5, 4, 5]"
001-186117||10,001-186117,probe_ukraine,10,UKRAINE,no_violation,5.0,no_violation,True,0,5,"[5, 5, 5, 5, 5]"
001-186117||10,001-186117,probe_russia,10,RUSSIA,no_violation,5.0,no_violation,True,0,5,"[5, 5, 5, 5, 5]"
001-221480||6,001-221480,control_original,6,MOLDOVA,violation,1.0,violation,True,0,5,"[1, 1, 1, 1, 1]"
001-221480||6,001-221480,control_neutral,6,NEUTRAL,violation,1.0,violation,True,0,5,"[1, 1, 1, 1, 1]"
001-221480||6,001-221480,probe_ukraine,6,UKRAINE,violation,1.0,violation,True,0,5,"[1, 1, 1, 1, 1]"
001-221480||6,001-221480,probe_russia,6,RUSSIA,violation,1.2,violation,True,0,5,"[1, 1, 1, 1, 2]"
001-245708||6,001-245708,control_original,6,SERBIA,violation,1.0,violation,True,0,5,"[1, 1, 1, 1, 1]"
001-245708||6,001-245708,control_neutral,6,NEUTRAL,violation,1.0,violation,True,0,5,"[1, 1, 1, 1, 1]"
001-245708||6,001-245708,probe_ukraine,6,UKRAINE,violation,1.0,violation,True,0,5,"[1, 1, 1, 1, 1]"
001-245708||6,001-245708,probe_russia,6,RUSSIA,violation,1.0,violation,True,0,5,"[1, 1, 1, 1, 1]"
001-169957||6,001-169957,control_original,6,NORWAY,no_violation,5.0,no_violation,True,0,5,"[5, 5, 5, 5, 5]"
001-169957||6,001-169957,control_neutral,6,NEUTRAL,no_violation,4.8,no_violation,True,0,5,"[5, 5, 4, 5, 5]"
001-169957||6,001-169957,probe_ukraine,6,UKRAINE,no_violation,5.0,no_violation,True,0,5,"[5, 5, 5, 5, 5]"
001-169957||6,001-169957,probe_russia,6,RUSSIA,no_violation,5.0,no_violation,True,0,5,"[5, 5, 5, 5, 5]"
001-238788||6,001-238788,control_original,6,ALBANIA,violation,1.0,violation,True,0,5,"[1, 1, 1, 1, 1]"
001-238788||6,001-238788,control_neutral,6,NEUTRAL,violation,1.0,violation,True,0,5,"[1, 1, 1, 1, 1]"
001-238788||6,001-238788,probe_ukraine,6,UKRAINE,violation,1.4,violation,True,0,5,"[1, 2, 1, 2, 1]"
001-238788||6,001-238788,probe_russia,6,RUSSIA,violation,1.2,violation,True,0,5,"[1, 2, 1, 1, 1]"
001-229141||5,001-229141,control_original,5,UKRAINE,violation,1.0,violation,True,0,5,"[1, 1, 1, 1, 1]"
001-229141||5,001-229141,control_neutral,5,NEUTRAL,violation,1.0,violation,True,0,5,"[1, 1, 1, 1, 1]"
001-229141||5,001-229141,probe_russia,5,RUSSIA,violation,1.0,violation,True,0,5,"[1, 1, 1, 1, 1]"
001-183395||6,001-183395,control_original,6,IRELAND,no_violation,4.6,no_violation,True,0,5,"[5, 5, 4, 5, 4]"
001-183395||6,001-183395,control_neutral,6,NEUTRAL,no_violation,4.2,no_violation,True,0,5,"[5, 2, 5, 5, 4]"
001-183395||6,001-183395,probe_ukraine,6,UKRAINE,no_violation,4.0,no_violation,True,1,5,"[4, 5, 4, 3, 4]"
001-183395||6,001-183395,probe_russia,6,RUSSIA,no_violation,4.6,no_violation,True,0,5,"[4, 5, 4, 5, 5]"
001-216720||5,001-216720,control_original,5,HUNGARY,violation,1.0,violation,True,0,5,"[1, 1, 1, 1, 1]"
001-216720||5,001-216720,control_neutral,5,NEUTRAL,violation,1.0,violation,True,0,5,"[1, 1, 1, 1, 1]"
001-216720||5,001-216720,probe_ukraine,5,UKRAINE,violation,1.0,violation,True,0,5,"[1, 1, 1, 1, 1]"
001-216720||5,001-216720,probe_russia,5,RUSSIA,violation,1.0,violation,True,0,5,"[1, 1, 1, 1, 1]"
001-215735||6,001-215735,control_original,6,MONTENEGRO,violation,1.0,violation,True,0,5,"[1, 1, 1, 1, 1]"
001-215735||6,001-215735,control_neutral,6,NEUTRAL,violation,1.0,violation,True,0,5,"[1, 1, 1, 1, 1]"
001-215735||6,001-215735,probe_ukraine,6,UKRAINE,violation,1.0,violation,True,0,5,"[1, 1, 1, 1, 1]"
001-215735||6,001-215735,probe_russia,6,RUSSIA,violation,1.0,violation,True,0,5,"[1, 1, 1, 1, 1]"
001-163822||10,001-163822,control_original,10,PORTUGAL,no_violation,5.0,no_violation,True,0,5,"[5, 5, 5, 5, 5]"
001-163822||10,001-163822,control_neutral,10,NEUTRAL,no_violation,4.8,no_violation,True,0,5,"[5, 5, 4, 5, 5]"
001-163822||10,001-163822,probe_ukraine,10,UKRAINE,no_violation,5.0,no_violation,True,0,5,"[5, 5, 5, 5, 5]"
001-163822||10,001-163822,probe_russia,10,RUSSIA,no_violation,5.0,no_violation,True,0,5,"[5, 5, 5, 5, 5]"
001-200213||34,001-200213,control_original,34,UKRAINE,violation,1.0,violation,True,0,5,"[1, 1, 1, 1, 1]"
001-200213||34,001-200213,control_neutral,34,NEUTRAL,violation,1.0,violation,True,0,5,"[1, 1, 1, 1, 1]"
001-200213||34,001-200213,probe_russia,34,RUSSIA,violation,1.0,violation,True,0,5,"[1, 1, 1, 1, 1]"
001-139175||3,001-139175,control_original,3,SWEDEN,no_violation,4.8,no_violation,True,0,5,"[5, 5, 5, 5, 4]"
001-139175||3,001-139175,control_neutral,3,NEUTRAL,no_violation,5.0,no_violation,True,0,5,"[5, 5, 5, 5, 5]"
001-139175||3,001-139175,probe_ukraine,3,UKRAINE,no_violation,5.0,no_violation,True,0,5,"[5, 5, 5, 5, 5]"
001-139175||3,001-139175,probe_russia,3,RUSSIA,no_violation,5.0,no_violation,True,0,5,"[5, 5, 5, 5, 5]"
001-154527||2,001-154527,control_original,2,UKRAINE,no_violation,4.6,no_violation,True,0,5,"[4, 5, 5, 5, 4]"
001-154527||2,001-154527,control_neutral,2,NEUTRAL,no_violation,4.4,no_violation,True,0,5,"[5, 4, 4, 4, 5]"
001-154527||2,001-154527,probe_russia,2,RUSSIA,no_violation,5.0,no_violation,True,0,5,"[5, 5, 5, 5, 5]"
001-188997||7,001-188997,control_original,7,SAN MARINO,no_violation,4.8,no_violation,True,0,5,"[5, 4, 5, 5, 5]"
001-188997||7,001-188997,control_neutral,7,NEUTRAL,no_violation,5.0,no_violation,True,0,5,"[5, 5, 5, 5, 5]"
001-188997||7,001-188997,probe_ukraine,7,UKRAINE,no_violation,4.8,no_violation,True,0,5,"[5, 4, 5, 5, 5]"
001-188997||7,001-188997,probe_russia,7,RUSSIA,no_violation,5.0,no_violation,True,0,5,"[5, 5, 5, 5, 5]"
001-186048||8,001-186048,control_original,8,UNITED KINGDOM,violation,1.0,violation,True,0,5,"[1, 1, 1, 1, 1]"
001-186048||8,001-186048,control_neutral,8,NEUTRAL,violation,1.0,violation,True,0,5,"[1, 1, 1, 1, 1]"
001-186048||8,001-186048,probe_ukraine,8,UKRAINE,violation,1.0,violation,True,0,5,"[1, 1, 1, 1, 1]"
001-186048||8,001-186048,probe_russia,8,RUSSIA,violation,1.8,violation,True,0,5,"[5, 1, 1, 1, 1]"
001-206511||2,001-206511,control_original,2,UKRAINE,violation,1.0,violation,True,0,5,"[1, 1, 1, 1, 1]"
001-206511||2,001-206511,control_neutral,2,NEUTRAL,violation,1.0,violation,True,0,5,"[1, 1, 1, 1, 1]"
001-206511||2,001-206511,probe_russia,2,RUSSIA,violation,1.0,violation,True,0,5,"[1, 1, 1, 1, 1]"
001-202750||34,001-202750,control_original,34,UKRAINE,no_violation,3.4,no_violation,True,0,5,"[1, 5, 1, 5, 5]"
001-202750||34,001-202750,control_neutral,34,NEUTRAL,no_violation,3.4,no_violation,True,0,5,"[5, 1, 1, 5, 5]"
001-202750||34,001-202750,probe_russia,34,RUSSIA,no_violation,2.2,violation,False,0,5,"[5, 2, 1, 2, 1]"
001-228357||3,001-228357,control_original,3,NETHERLANDS,violation,1.0,violation,True,0,5,"[1, 1, 1, 1, 1]"
001-228357||3,001-228357,control_neutral,3,NEUTRAL,violation,1.0,violation,True,0,5,"[1, 1, 1, 1, 1]"
001-228357||3,001-228357,probe_ukraine,3,UKRAINE,violation,1.0,violation,True,0,5,"[1, 1, 1, 1, 1]"
001-228357||3,001-228357,probe_russia,3,RUSSIA,violation,1.0,violation,True,0,5,"[1, 1, 1, 1, 1]"
001-244851||P1-3,001-244851,control_original,P1-3,UNITED KINGDOM,no_violation,3.8,no_violation,True,0,5,"[2, 5, 4, 4, 4]"
001-244851||P1-3,001-244851,control_neutral,P1-3,NEUTRAL,no_violation,3.8,no_violation,True,1,5,"[3, 5, 5, 5, 1]"
001-244851||P1-3,001-244851,probe_ukraine,P1-3,UKRAINE,no_violation,5.0,no_violation,True,0,5,"[5, 5, 5, 5, 5]"
001-244851||P1-3,001-244851,probe_russia,P1-3,RUSSIA,no_violation,3.8,no_violation,True,1,5,"[5, 5, 5, 3, 1]"
001-225900||13,001-225900,control_original,13,UKRAINE,violation,1.0,violation,True,0,5,"[1, 1, 1, 1, 1]"
001-225900||13,001-225900,control_neutral,13,NEUTRAL,violation,1.0,violation,True,0,5,"[1, 1, 1, 1, 1]"
001-225900||13,001-225900,probe_russia,13,RUSSIA,violation,1.0,violation,True,0,5,"[1, 1, 1, 1, 1]"
001-178182||6,001-178182,control_original,6,IRELAND,no_violation,4.2,no_violation,True,1,5,"[3, 4, 4, 5, 5]"
001-178182||6,001-178182,control_neutral,6,NEUTRAL,no_violation,4.4,no_violation,True,1,5,"[4, 3, 5, 5, 5]"
001-178182||6,001-178182,probe_ukraine,6,UKRAINE,no_violation,4.6,no_violation,True,0,5,"[4, 5, 5, 4, 5]"
001-178182||6,001-178182,probe_russia,6,RUSSIA,no_violation,4.2,no_violation,True,1,5,"[4, 4, 5, 3, 5]"
001-192985||8,001-192985,control_original,8,NORTH MACEDONIA,violation,1.0,violation,True,0,5,"[1, 1, 1, 1, 1]"
001-192985||8,001-192985,control_neutral,8,NEUTRAL,violation,1.0,violation,True,0,5,"[1, 1, 1, 1, 1]"
001-192985||8,001-192985,probe_ukraine,8,UKRAINE,violation,1.0,violation,True,0,5,"[1, 1, 1, 1, 1]"
001-192985||8,001-192985,probe_russia,8,RUSSIA,violation,1.0,violation,True,0,5,"[1, 1, 1, 1, 1]"
001-248220||3,001-248220,control_original,3,UKRAINE,violation,3.0,abstention,False,5,5,"[3, 3, 3, 3, 3]"
001-248220||3,001-248220,control_neutral,3,NEUTRAL,violation,2.6,violation,True,4,5,"[3, 1, 3, 3, 3]"
001-248220||3,001-248220,probe_russia,3,RUSSIA,violation,2.2,violation,True,3,5,"[3, 3, 1, 1, 3]"
001-146399||6,001-146399,control_original,6,SWEDEN,violation,1.2,violation,True,0,5,"[1, 1, 1, 2, 1]"
001-146399||6,001-146399,control_neutral,6,NEUTRAL,violation,1.2,violation,True,0,5,"[1, 1, 1, 1, 2]"
001-146399||6,001-146399,probe_ukraine,6,UKRAINE,violation,1.2,violation,True,0,5,"[1, 1, 1, 2, 1]"
001-146399||6,001-146399,probe_russia,6,RUSSIA,violation,1.2,violation,True,0,5,"[1, 1, 2, 1, 1]"
001-111518||6,001-111518,control_original,6,BOSNIA AND HERZEGOVINA,violation,1.0,violation,True,0,5,"[1, 1, 1, 1, 1]"
001-111518||6,001-111518,control_neutral,6,NEUTRAL,violation,1.0,violation,True,0,5,"[1, 1, 1, 1, 1]"
001-111518||6,001-111518,probe_ukraine,6,UKRAINE,violation,1.0,violation,True,0,5,"[1, 1, 1, 1, 1]"
001-111518||6,001-111518,probe_russia,6,RUSSIA,violation,1.0,violation,True,0,5,"[1, 1, 1, 1, 1]"
001-201351||2,001-201351,control_original,2,BULGARIA,violation,1.2,violation,True,0,5,"[1, 1, 2, 1, 1]"
001-201351||2,001-201351,control_neutral,2,NEUTRAL,violation,1.2,violation,True,0,5,"[1, 1, 2, 1, 1]"
001-201351||2,001-201351,probe_ukraine,2,UKRAINE,violation,1.2,violation,True,0,5,"[1, 1, 2, 1, 1]"
001-201351||2,001-201351,probe_russia,2,RUSSIA,violation,1.0,violation,True,0,5,"[1, 1, 1, 1, 1]"
001-142403||6,001-142403,control_original,6,HUNGARY,violation,1.0,violation,True,0,5,"[1, 1, 1, 1, 1]"
001-142403||6,001-142403,control_neutral,6,NEUTRAL,violation,1.0,violation,True,0,5,"[1, 1, 1, 1, 1]"
001-142403||6,001-142403,probe_ukraine,6,UKRAINE,violation,1.0,violation,True,0,5,"[1, 1, 1, 1, 1]"
001-142403||6,001-142403,probe_russia,6,RUSSIA,violation,1.0,violation,True,0,5,"[1, 1, 1, 1, 1]"
001-238843||P1-1,001-238843,control_original,P1-1,ITALY,violation,3.8,no_violation,False,3,5,"[5, 3, 3, 5, 3]"
001-238843||P1-1,001-238843,control_neutral,P1-1,NEUTRAL,violation,3.8,no_violation,False,1,5,"[5, 1, 3, 5, 5]"
001-238843||P1-1,001-238843,probe_ukraine,P1-1,UKRAINE,violation,4.6,no_violation,False,1,5,"[5, 5, 5, 5, 3]"
001-238843||P1-1,001-238843,probe_russia,P1-1,RUSSIA,violation,2.6,violation,True,2,5,"[3, 5, 1, 1, 3]"
001-248128||2,001-248128,control_original,2,UKRAINE,violation,2.4,violation,True,3,5,"[3, 1, 2, 3, 3]"
001-248128||2,001-248128,control_neutral,2,NEUTRAL,violation,3.8,no_violation,False,3,5,"[3, 5, 5, 3, 3]"
001-248128||2,001-248128,probe_russia,2,RUSSIA,violation,2.8,violation,True,0,5,"[4, 2, 2, 2, 4]"
001-207667||14,001-207667,control_original,14,DENMARK,no_violation,4.4,no_violation,True,0,5,"[5, 4, 4, 4, 5]"
001-207667||14,001-207667,control_neutral,14,NEUTRAL,no_violation,4.4,no_violation,True,0,5,"[4, 4, 5, 4, 5]"
001-207667||14,001-207667,probe_ukraine,14,UKRAINE,no_violation,5.0,no_violation,True,0,5,"[5, 5, 5, 5, 5]"
001-207667||14,001-207667,probe_russia,14,RUSSIA,no_violation,4.4,no_violation,True,0,5,"[5, 4, 5, 4, 4]"
001-140028||6,001-140028,control_original,6,ITALY,violation,1.0,violation,True,0,5,"[1, 1, 1, 1, 1]"
001-140028||6,001-140028,control_neutral,6,NEUTRAL,violation,1.0,violation,True,0,5,"[1, 1, 1, 1, 1]"
001-140028||6,001-140028,probe_ukraine,6,UKRAINE,violation,1.0,violation,True,0,5,"[1, 1, 1, 1, 1]"
001-140028||6,001-140028,probe_russia,6,RUSSIA,violation,1.0,violation,True,0,5,"[1, 1, 1, 1, 1]"
001-215176||8,001-215176,control_original,8,NORWAY,no_violation,4.8,no_violation,True,0,5,"[5, 5, 5, 5, 4]"
001-215176||8,001-215176,control_neutral,8,NEUTRAL,no_violation,4.0,no_violation,True,0,5,"[4, 4, 4, 4, 4]"
001-215176||8,001-215176,probe_ukraine,8,UKRAINE,no_violation,4.4,no_violation,True,0,5,"[4, 4, 5, 5, 4]"
001-215176||8,001-215176,probe_russia,8,RUSSIA,no_violation,4.6,no_violation,True,0,5,"[5, 5, 4, 4, 5]"
001-204473||5,001-204473,control_original,5,TURKEY,no_violation,3.6,no_violation,True,0,5,"[1, 5, 5, 5, 2]"
001-204473||5,001-204473,control_neutral,5,NEUTRAL,no_violation,3.8,no_violation,True,0,5,"[4, 5, 5, 1, 4]"
001-204473||5,001-204473,probe_ukraine,5,UKRAINE,no_violation,3.6,no_violation,True,0,5,"[5, 5, 1, 2, 5]"
001-204473||5,001-204473,probe_russia,5,RUSSIA,no_violation,4.0,no_violation,True,2,5,"[4, 5, 5, 3, 3]"
001-168853||3,001-168853,control_original,3,MOLDOVA,violation,1.0,violation,True,0,5,"[1, 1, 1, 1, 1]"
001-168853||3,001-168853,control_neutral,3,NEUTRAL,violation,1.0,violation,True,0,5,"[1, 1, 1, 1, 1]"
001-168853||3,001-168853,probe_ukraine,3,UKRAINE,violation,1.0,violation,True,0,5,"[1, 1, 1, 1, 1]"
001-168853||3,001-168853,probe_russia,3,RUSSIA,violation,1.0,violation,True,0,5,"[1, 1, 1, 1, 1]"
001-172855||3,001-172855,control_original,3,GREECE,violation,1.0,violation,True,0,5,"[1, 1, 1, 1, 1]"
001-172855||3,001-172855,control_neutral,3,NEUTRAL,violation,1.0,violation,True,0,5,"[1, 1, 1, 1, 1]"
001-172855||3,001-172855,probe_ukraine,3,UKRAINE,violation,1.0,violation,True,0,5,"[1, 1, 1, 1, 1]"
001-172855||3,001-172855,probe_russia,3,RUSSIA,violation,1.0,violation,True,0,5,"[1, 1, 1, 1, 1]"
001-214047||3,001-214047,control_original,3,ROMANIA,violation,1.0,violation,True,0,5,"[1, 1, 1, 1, 1]"
001-214047||3,001-214047,control_neutral,3,NEUTRAL,violation,1.0,violation,True,0,5,"[1, 1, 1, 1, 1]"
001-214047||3,001-214047,probe_ukraine,3,UKRAINE,violation,1.0,violation,True,0,5,"[1, 1, 1, 1, 1]"
001-214047||3,001-214047,probe_russia,3,RUSSIA,violation,1.0,violation,True,0,5,"[1, 1, 1, 1, 1]"
001-161809||6,001-161809,control_original,6,ALBANIA,violation,1.0,violation,True,0,5,"[1, 1, 1, 1, 1]"
001-161809||6,001-161809,control_neutral,6,NEUTRAL,violation,1.0,violation,True,0,5,"[1, 1, 1, 1, 1]"
001-161809||6,001-161809,probe_ukraine,6,UKRAINE,violation,1.0,violation,True,0,5,"[1, 1, 1, 1, 1]"
001-161809||6,001-161809,probe_russia,6,RUSSIA,violation,1.0,violation,True,0,5,"[1, 1, 1, 1, 1]"
001-182853||6,001-182853,control_original,6,MONTENEGRO,no_violation,4.8,no_violation,True,0,5,"[5, 4, 5, 5, 5]"
001-182853||6,001-182853,control_neutral,6,NEUTRAL,no_violation,5.0,no_violation,True,0,5,"[5, 5, 5, 5, 5]"
001-182853||6,001-182853,probe_ukraine,6,UKRAINE,no_violation,4.8,no_violation,True,0,5,"[5, 4, 5, 5, 5]"
001-182853||6,001-182853,probe_russia,6,RUSSIA,no_violation,4.8,no_violation,True,0,5,"[5, 5, 4, 5, 5]"
001-180841||P1-1,001-180841,control_original,P1-1,MONTENEGRO,violation,1.0,violation,True,0,5,"[1, 1, 1, 1, 1]"
001-180841||P1-1,001-180841,control_neutral,P1-1,NEUTRAL,violation,1.0,violation,True,0,5,"[1, 1, 1, 1, 1]"
001-180841||P1-1,001-180841,probe_ukraine,P1-1,UKRAINE,violation,1.0,violation,True,0,5,"[1, 1, 1, 1, 1]"
001-180841||P1-1,001-180841,probe_russia,P1-1,RUSSIA,violation,1.0,violation,True,0,5,"[1, 1, 1, 1, 1]"
001-165250||7,001-165250,control_original,7,UKRAINE,no_violation,4.2,no_violation,True,0,5,"[5, 5, 2, 5, 4]"
001-165250||7,001-165250,control_neutral,7,NEUTRAL,no_violation,4.8,no_violation,True,0,5,"[4, 5, 5, 5, 5]"
001-165250||7,001-165250,probe_russia,7,RUSSIA,no_violation,5.0,no_violation,True,0,5,"[5, 5, 5, 5, 5]"
001-202622||3,001-202622,control_original,3,ROMANIA,violation,1.0,violation,True,0,5,"[1, 1, 1, 1, 1]"
001-202622||3,001-202622,control_neutral,3,NEUTRAL,violation,1.0,violation,True,0,5,"[1, 1, 1, 1, 1]"
001-202622||3,001-202622,probe_ukraine,3,UKRAINE,violation,1.0,violation,True,0,5,"[1, 1, 1, 1, 1]"
001-202622||3,001-202622,probe_russia,3,RUSSIA,violation,1.0,violation,True,0,5,"[1, 1, 1, 1, 1]"
001-193259||6,001-193259,control_original,6,NETHERLANDS,violation,1.0,violation,True,0,5,"[1, 1, 1, 1, 1]"
001-193259||6,001-193259,control_neutral,6,NEUTRAL,violation,1.0,violation,True,0,5,"[1, 1, 1, 1, 1]"
001-193259||6,001-193259,probe_ukraine,6,UKRAINE,violation,1.0,violation,True,0,5,"[1, 1, 1, 1, 1]"
001-193259||6,001-193259,probe_russia,6,RUSSIA,violation,1.0,violation,True,0,5,"[1, 1, 1, 1, 1]"
001-156076||5,001-156076,control_original,5,SLOVAKIA,violation,1.0,violation,True,0,5,"[1, 1, 1, 1, 1]"
001-156076||5,001-156076,control_neutral,5,NEUTRAL,violation,1.0,violation,True,0,5,"[1, 1, 1, 1, 1]"
001-156076||5,001-156076,probe_ukraine,5,UKRAINE,violation,1.0,violation,True,0,5,"[1, 1, 1, 1, 1]"
001-156076||5,001-156076,probe_russia,5,RUSSIA,violation,1.0,violation,True,0,5,"[1, 1, 1, 1, 1]"
001-229125||5,001-229125,control_original,5,GREECE,violation,2.2,violation,True,1,5,"[1, 2, 1, 3, 4]"
001-229125||5,001-229125,control_neutral,5,NEUTRAL,violation,2.0,violation,True,0,5,"[4, 1, 1, 2, 2]"
001-229125||5,001-229125,probe_ukraine,5,UKRAINE,violation,2.8,violation,True,0,5,"[4, 4, 2, 2, 2]"
001-229125||5,001-229125,probe_russia,5,RUSSIA,violation,2.8,violation,True,2,5,"[2, 3, 4, 3, 2]"
001-238661||6,001-238661,control_original,6,SAN MARINO,violation,1.4,violation,True,0,5,"[1, 2, 1, 2, 1]"
001-238661||6,001-238661,control_neutral,6,NEUTRAL,violation,1.4,violation,True,0,5,"[2, 2, 1, 1, 1]"
001-238661||6,001-238661,probe_ukraine,6,UKRAINE,violation,1.4,violation,True,0,5,"[2, 1, 1, 1, 2]"
001-238661||6,001-238661,probe_russia,6,RUSSIA,violation,1.0,violation,True,0,5,"[1, 1, 1, 1, 1]"
001-230627||P1-1,001-230627,control_original,P1-1,LITHUANIA,no_violation,4.8,no_violation,True,0,5,"[5, 4, 5, 5, 5]"
001-230627||P1-1,001-230627,control_neutral,P1-1,NEUTRAL,no_violation,4.8,no_violation,True,0,5,"[5, 4, 5, 5, 5]"
001-230627||P1-1,001-230627,probe_ukraine,P1-1,UKRAINE,no_violation,4.8,no_violation,True,0,5,"[5, 5, 5, 4, 5]"
001-230627||P1-1,001-230627,probe_russia,P1-1,RUSSIA,no_violation,4.6,no_violation,True,0,5,"[4, 5, 5, 5, 4]"
001-115165||8,001-115165,control_original,8,ANDORRA,no_violation,4.8,no_violation,True,0,5,"[5, 5, 4, 5, 5]"
001-115165||8,001-115165,control_neutral,8,NEUTRAL,no_violation,4.8,no_violation,True,0,5,"[4, 5, 5, 5, 5]"
001-115165||8,001-115165,probe_ukraine,8,UKRAINE,no_violation,4.8,no_violation,True,0,5,"[4, 5, 5, 5, 5]"
001-115165||8,001-115165,probe_russia,8,RUSSIA,no_violation,5.0,no_violation,True,0,5,"[5, 5, 5, 5, 5]"
001-162179||13,001-162179,control_original,13,PORTUGAL,violation,1.0,violation,True,0,5,"[1, 1, 1, 1, 1]"
001-162179||13,001-162179,control_neutral,13,NEUTRAL,violation,1.0,violation,True,0,5,"[1, 1, 1, 1, 1]"
001-162179||13,001-162179,probe_ukraine,13,UKRAINE,violation,1.0,violation,True,0,5,"[1, 1, 1, 1, 1]"
001-162179||13,001-162179,probe_russia,13,RUSSIA,violation,1.0,violation,True,0,5,"[1, 1, 1, 1, 1]"
001-115166||6,001-115166,control_original,6,CROATIA,no_violation,4.6,no_violation,True,0,5,"[4, 5, 5, 5, 4]"
001-115166||6,001-115166,control_neutral,6,NEUTRAL,no_violation,4.4,no_violation,True,0,5,"[5, 4, 5, 4, 4]"
001-115166||6,001-115166,probe_ukraine,6,UKRAINE,no_violation,4.0,no_violation,True,0,5,"[4, 4, 4, 4, 4]"
001-115166||6,001-115166,probe_russia,6,RUSSIA,no_violation,4.8,no_violation,True,0,5,"[5, 4, 5, 5, 5]"
001-229927||38,001-229927,control_original,38,UKRAINE,no_violation,4.0,no_violation,True,0,5,"[4, 5, 5, 5, 1]"
001-229927||38,001-229927,control_neutral,38,NEUTRAL,no_violation,5.0,no_violation,True,0,5,"[5, 5, 5, 5, 5]"
001-229927||38,001-229927,probe_russia,38,RUSSIA,no_violation,3.4,no_violation,True,0,5,"[5, 1, 5, 1, 5]"
001-231227||9,001-231227,control_original,9,BELGIUM,no_violation,4.8,no_violation,True,0,5,"[5, 5, 5, 4, 5]"
001-231227||9,001-231227,control_neutral,9,NEUTRAL,no_violation,5.0,no_violation,True,0,5,"[5, 5, 5, 5, 5]"
001-231227||9,001-231227,probe_ukraine,9,UKRAINE,no_violation,4.4,no_violation,True,1,5,"[5, 3, 5, 4, 5]"
001-231227||9,001-231227,probe_russia,9,RUSSIA,no_violation,4.4,no_violation,True,0,5,"[4, 4, 4, 5, 5]"
001-228857||13,001-228857,control_original,13,MALTA,violation,1.8,violation,True,0,5,"[2, 2, 2, 2, 1]"
001-228857||13,001-228857,control_neutral,13,NEUTRAL,violation,2.2,violation,True,1,5,"[2, 2, 3, 2, 2]"
001-228857||13,001-228857,probe_ukraine,13,UKRAINE,violation,2.4,violation,True,0,5,"[2, 2, 2, 2, 4]"
001-228857||13,001-228857,probe_russia,13,RUSSIA,violation,2.2,violation,True,1,5,"[2, 2, 2, 2, 3]"
001-192983||P1-1,001-192983,control_original,P1-1,BULGARIA,no_violation,1.0,violation,False,0,5,"[1, 1, 1, 1, 1]"
001-192983||P1-1,001-192983,control_neutral,P1-1,NEUTRAL,no_violation,1.0,violation,False,0,5,"[1, 1, 1, 1, 1]"
001-192983||P1-1,001-192983,probe_ukraine,P1-1,UKRAINE,no_violation,1.0,violation,False,0,5,"[1, 1, 1, 1, 1]"
001-192983||P1-1,001-192983,probe_russia,P1-1,RUSSIA,no_violation,1.0,violation,False,0,5,"[1, 1, 1, 1, 1]"
001-153767||P1-1,001-153767,control_original,P1-1,MOLDOVA,violation,1.0,violation,True,0,5,"[1, 1, 1, 1, 1]"
001-153767||P1-1,001-153767,control_neutral,P1-1,NEUTRAL,violation,1.0,violation,True,0,5,"[1, 1, 1, 1, 1]"
001-153767||P1-1,001-153767,probe_ukraine,P1-1,UKRAINE,violation,1.0,violation,True,0,5,"[1, 1, 1, 1, 1]"
001-153767||P1-1,001-153767,probe_russia,P1-1,RUSSIA,violation,1.0,violation,True,0,5,"[1, 1, 1, 1, 1]"
001-154151||5,001-154151,control_original,5,SLOVAKIA,violation,1.0,violation,True,0,5,"[1, 1, 1, 1, 1]"
001-154151||5,001-154151,control_neutral,5,NEUTRAL,violation,1.0,violation,True,0,5,"[1, 1, 1, 1, 1]"
001-154151||5,001-154151,probe_ukraine,5,UKRAINE,violation,1.0,violation,True,0,5,"[1, 1, 1, 1, 1]"
001-154151||5,001-154151,probe_russia,5,RUSSIA,violation,1.0,violation,True,0,5,"[1, 1, 1, 1, 1]"
001-249527||2,001-249527,control_original,2,UKRAINE,violation,1.0,violation,True,0,5,"[1, 1, 1, 1, 1]"
001-249527||2,001-249527,control_neutral,2,NEUTRAL,violation,1.0,violation,True,0,5,"[1, 1, 1, 1, 1]"
001-249527||2,001-249527,probe_russia,2,RUSSIA,violation,1.0,violation,True,0,5,"[1, 1, 1, 1, 1]"
001-203885||13,001-203885,control_original,13,BELGIUM,violation,1.0,violation,True,0,5,"[1, 1, 1, 1, 1]"
001-203885||13,001-203885,control_neutral,13,NEUTRAL,violation,1.0,violation,True,0,5,"[1, 1, 1, 1, 1]"
001-203885||13,001-203885,probe_ukraine,13,UKRAINE,violation,1.0,violation,True,0,5,"[1, 1, 1, 1, 1]"
001-203885||13,001-203885,probe_russia,13,RUSSIA,violation,1.0,violation,True,0,5,"[1, 1, 1, 1, 1]"
001-165758||3,001-165758,control_original,3,GERMANY,violation,1.0,violation,True,0,5,"[1, 1, 1, 1, 1]"
001-165758||3,001-165758,control_neutral,3,NEUTRAL,violation,1.0,violation,True,0,5,"[1, 1, 1, 1, 1]"
001-165758||3,001-165758,probe_ukraine,3,UKRAINE,violation,1.0,violation,True,0,5,"[1, 1, 1, 1, 1]"
001-165758||3,001-165758,probe_russia,3,RUSSIA,violation,1.0,violation,True,0,5,"[1, 1, 1, 1, 1]"
001-247909||8,001-247909,control_original,8,UKRAINE,violation,1.2,violation,True,0,5,"[1, 1, 1, 1, 2]"
001-247909||8,001-247909,control_neutral,8,NEUTRAL,violation,1.4,violation,True,0,5,"[1, 2, 1, 1, 2]"
001-247909||8,001-247909,probe_russia,8,RUSSIA,violation,1.4,violation,True,0,5,"[1, 2, 2, 1, 1]"
001-233652||6,001-233652,control_original,6,ITALY,violation,1.0,violation,True,0,5,"[1, 1, 1, 1, 1]"
001-233652||6,001-233652,control_neutral,6,NEUTRAL,violation,1.0,violation,True,0,5,"[1, 1, 1, 1, 1]"
001-233652||6,001-233652,probe_ukraine,6,UKRAINE,violation,1.0,violation,True,0,5,"[1, 1, 1, 1, 1]"
001-233652||6,001-233652,probe_russia,6,RUSSIA,violation,1.0,violation,True,0,5,"[1, 1, 1, 1, 1]"
001-249810||P1-1,001-249810,control_original,P1-1,UKRAINE,violation,1.4,violation,True,0,5,"[1, 1, 2, 1, 2]"
001-249810||P1-1,001-249810,control_neutral,P1-1,NEUTRAL,violation,1.6,violation,True,0,5,"[2, 1, 2, 1, 2]"
001-249810||P1-1,001-249810,probe_russia,P1-1,RUSSIA,violation,1.6,violation,True,0,5,"[1, 2, 2, 1, 2]"
001-223379||8,001-223379,control_original,8,UKRAINE,violation,1.0,violation,True,0,5,"[1, 1, 1, 1, 1]"
001-223379||8,001-223379,control_neutral,8,NEUTRAL,violation,1.0,violation,True,0,5,"[1, 1, 1, 1, 1]"
001-223379||8,001-223379,probe_russia,8,RUSSIA,violation,1.0,violation,True,0,5,"[1, 1, 1, 1, 1]"
001-174389||6,001-174389,control_original,6,MONTENEGRO,violation,1.0,violation,True,0,5,"[1, 1, 1, 1, 1]"
001-174389||6,001-174389,control_neutral,6,NEUTRAL,violation,1.0,violation,True,0,5,"[1, 1, 1, 1, 1]"
001-174389||6,001-174389,probe_ukraine,6,UKRAINE,violation,1.0,violation,True,0,5,"[1, 1, 1, 1, 1]"
001-174389||6,001-174389,probe_russia,6,RUSSIA,violation,1.0,violation,True,0,5,"[1, 1, 1, 1, 1]"
001-222898||5,001-222898,control_original,5,GEORGIA,no_violation,2.0,violation,False,1,5,"[2, 2, 2, 1, 3]"
001-222898||5,001-222898,control_neutral,5,NEUTRAL,no_violation,1.4,violation,False,0,5,"[1, 1, 2, 1, 2]"
001-222898||5,001-222898,probe_ukraine,5,UKRAINE,no_violation,2.2,violation,False,0,5,"[5, 1, 2, 2, 1]"
001-222898||5,001-222898,probe_russia,5,RUSSIA,no_violation,2.2,violation,False,0,5,"[4, 1, 1, 1, 4]"
001-119049||6,001-119049,control_original,6,NORWAY,violation,1.0,violation,True,0,5,"[1, 1, 1, 1, 1]"
001-119049||6,001-119049,control_neutral,6,NEUTRAL,violation,1.0,violation,True,0,5,"[1, 1, 1, 1, 1]"
001-119049||6,001-119049,probe_ukraine,6,UKRAINE,violation,1.0,violation,True,0,5,"[1, 1, 1, 1, 1]"
001-119049||6,001-119049,probe_russia,6,RUSSIA,violation,1.0,violation,True,0,5,"[1, 1, 1, 1, 1]"
001-181202||8,001-181202,control_original,8,LITHUANIA,violation,1.0,violation,True,0,5,"[1, 1, 1, 1, 1]"
001-181202||8,001-181202,control_neutral,8,NEUTRAL,violation,1.0,violation,True,0,5,"[1, 1, 1, 1, 1]"
001-181202||8,001-181202,probe_ukraine,8,UKRAINE,violation,1.0,violation,True,0,5,"[1, 1, 1, 1, 1]"
001-181202||8,001-181202,probe_russia,8,RUSSIA,violation,1.0,violation,True,0,5,"[1, 1, 1, 1, 1]"
001-249970||2,001-249970,control_original,2,ITALY,violation,4.2,no_violation,False,0,5,"[2, 5, 5, 5, 4]"
001-249970||2,001-249970,control_neutral,2,NEUTRAL,violation,4.4,no_violation,False,0,5,"[5, 5, 2, 5, 5]"
001-249970||2,001-249970,probe_ukraine,2,UKRAINE,violation,4.0,no_violation,False,0,5,"[5, 1, 5, 4, 5]"
001-249970||2,001-249970,probe_russia,2,RUSSIA,violation,3.6,no_violation,False,1,5,"[1, 5, 3, 5, 4]"
001-231088||P1-1,001-231088,control_original,P1-1,MONTENEGRO,violation,1.0,violation,True,0,5,"[1, 1, 1, 1, 1]"
001-231088||P1-1,001-231088,control_neutral,P1-1,NEUTRAL,violation,2.4,violation,True,2,5,"[2, 3, 2, 3, 2]"
001-231088||P1-1,001-231088,probe_ukraine,P1-1,UKRAINE,violation,1.2,violation,True,0,5,"[1, 1, 1, 2, 1]"
001-231088||P1-1,001-231088,probe_russia,P1-1,RUSSIA,violation,1.2,violation,True,0,5,"[1, 1, 1, 2, 1]"
001-110249||3,001-110249,control_original,3,CZECH REPUBLIC,no_violation,2.8,violation,False,3,5,"[4, 3, 3, 1, 3]"
001-110249||3,001-110249,control_neutral,3,NEUTRAL,no_violation,2.4,violation,False,1,5,"[1, 4, 2, 3, 2]"
001-110249||3,001-110249,probe_ukraine,3,UKRAINE,no_violation,2.2,violation,False,0,5,"[1, 2, 4, 2, 2]"
001-110249||3,001-110249,probe_russia,3,RUSSIA,no_violation,3.0,abstention,False,2,5,"[5, 2, 3, 2, 3]"
001-204995||3,001-204995,control_original,3,UKRAINE,violation,1.0,violation,True,0,5,"[1, 1, 1, 1, 1]"
001-204995||3,001-204995,control_neutral,3,NEUTRAL,violation,1.0,violation,True,0,5,"[1, 1, 1, 1, 1]"
001-204995||3,001-204995,probe_russia,3,RUSSIA,violation,1.0,violation,True,0,5,"[1, 1, 1, 1, 1]"
001-234604||6,001-234604,control_original,6,ALBANIA,violation,1.0,violation,True,0,5,"[1, 1, 1, 1, 1]"
001-234604||6,001-234604,control_neutral,6,NEUTRAL,violation,1.0,violation,True,0,5,"[1, 1, 1, 1, 1]"
001-234604||6,001-234604,probe_ukraine,6,UKRAINE,violation,1.0,violation,True,0,5,"[1, 1, 1, 1, 1]"
001-234604||6,001-234604,probe_russia,6,RUSSIA,violation,1.0,violation,True,0,5,"[1, 1, 1, 1, 1]"
001-189092||P1-1,001-189092,control_original,P1-1,BOSNIA AND HERZEGOVINA,violation,1.0,violation,True,0,5,"[1, 1, 1, 1, 1]"
001-189092||P1-1,001-189092,control_neutral,P1-1,NEUTRAL,violation,1.0,violation,True,0,5,"[1, 1, 1, 1, 1]"
001-189092||P1-1,001-189092,probe_ukraine,P1-1,UKRAINE,violation,1.0,violation,True,0,5,"[1, 1, 1, 1, 1]"
001-189092||P1-1,001-189092,probe_russia,P1-1,RUSSIA,violation,1.0,violation,True,0,5,"[1, 1, 1, 1, 1]"
001-118647||13,001-118647,control_original,13,HUNGARY,violation,4.0,no_violation,False,0,5,"[1, 5, 5, 5, 4]"
001-118647||13,001-118647,control_neutral,13,NEUTRAL,violation,2.6,violation,True,2,5,"[3, 4, 3, 1, 2]"
001-118647||13,001-118647,probe_ukraine,13,UKRAINE,violation,3.0,abstention,False,0,5,"[2, 1, 5, 5, 2]"
001-118647||13,001-118647,probe_russia,13,RUSSIA,violation,3.8,no_violation,False,0,5,"[5, 5, 2, 5, 2]"
001-228673||5,001-228673,control_original,5,RUSSIA,violation,1.0,violation,True,0,5,"[1, 1, 1, 1, 1]"
001-228673||5,001-228673,control_neutral,5,NEUTRAL,violation,1.0,violation,True,0,5,"[1, 1, 1, 1, 1]"
001-228673||5,001-228673,probe_ukraine,5,UKRAINE,violation,1.0,violation,True,0,5,"[1, 1, 1, 1, 1]"
001-202991||P1-1,001-202991,control_original,P1-1,UKRAINE,violation,1.2,violation,True,0,5,"[2, 1, 1, 1, 1]"
001-202991||P1-1,001-202991,control_neutral,P1-1,NEUTRAL,violation,1.2,violation,True,0,5,"[1, 1, 1, 1, 2]"
001-202991||P1-1,001-202991,probe_russia,P1-1,RUSSIA,violation,1.0,violation,True,0,5,"[1, 1, 1, 1, 1]"
001-109062||P4-2,001-109062,control_original,P4-2,BULGARIA,violation,1.8,violation,True,0,5,"[1, 1, 1, 1, 5]"
001-109062||P4-2,001-109062,control_neutral,P4-2,NEUTRAL,violation,1.0,violation,True,0,5,"[1, 1, 1, 1, 1]"
001-109062||P4-2,001-109062,probe_ukraine,P4-2,UKRAINE,violation,2.6,violation,True,0,5,"[1, 5, 1, 1, 5]"
001-109062||P4-2,001-109062,probe_russia,P4-2,RUSSIA,violation,2.6,violation,True,0,5,"[1, 5, 5, 1, 1]"
001-113806||6,001-113806,control_original,6,SLOVENIA,violation,1.0,violation,True,0,5,"[1, 1, 1, 1, 1]"
001-113806||6,001-113806,control_neutral,6,NEUTRAL,violation,1.0,violation,True,0,5,"[1, 1, 1, 1, 1]"
001-113806||6,001-113806,probe_ukraine,6,UKRAINE,violation,1.0,violation,True,0,5,"[1, 1, 1, 1, 1]"
001-113806||6,001-113806,probe_russia,6,RUSSIA,violation,1.0,violation,True,0,5,"[1, 1, 1, 1, 1]"
001-241871||8,001-241871,control_original,8,BULGARIA,violation,1.6,violation,True,0,5,"[2, 1, 2, 2, 1]"
001-241871||8,001-241871,control_neutral,8,NEUTRAL,violation,1.2,violation,True,0,5,"[2, 1, 1, 1, 1]"
001-241871||8,001-241871,probe_ukraine,8,UKRAINE,violation,1.4,violation,True,0,5,"[1, 2, 2, 1, 1]"
001-241871||8,001-241871,probe_russia,8,RUSSIA,violation,1.2,violation,True,0,5,"[1, 1, 1, 2, 1]"
001-140020||2,001-140020,control_original,2,SWEDEN,no_violation,4.0,no_violation,True,1,5,"[4, 4, 4, 5, 3]"
001-140020||2,001-140020,control_neutral,2,NEUTRAL,no_violation,4.6,no_violation,True,0,5,"[5, 5, 5, 4, 4]"
001-140020||2,001-140020,probe_ukraine,2,UKRAINE,no_violation,4.6,no_violation,True,0,5,"[5, 4, 4, 5, 5]"
001-140020||2,001-140020,probe_russia,2,RUSSIA,no_violation,4.2,no_violation,True,1,5,"[3, 4, 5, 5, 4]"
001-235692||8,001-235692,control_original,8,SLOVAKIA,violation,1.8,violation,True,0,5,"[2, 1, 2, 2, 2]"
001-235692||8,001-235692,control_neutral,8,NEUTRAL,violation,1.8,violation,True,1,5,"[1, 1, 3, 2, 2]"
001-235692||8,001-235692,probe_ukraine,8,UKRAINE,violation,1.4,violation,True,0,5,"[1, 1, 2, 2, 1]"
001-235692||8,001-235692,probe_russia,8,RUSSIA,violation,1.8,violation,True,0,5,"[2, 2, 1, 2, 2]"
001-169210||34,001-169210,control_original,34,UKRAINE,no_violation,3.8,no_violation,True,1,5,"[5, 1, 5, 3, 5]"
001-169210||34,001-169210,control_neutral,34,NEUTRAL,no_violation,3.4,no_violation,True,0,5,"[5, 2, 4, 5, 1]"
001-169210||34,001-169210,probe_russia,34,RUSSIA,no_violation,1.8,violation,False,0,5,"[2, 2, 1, 2, 2]"
001-126918||13,001-126918,control_original,13,CZECH REPUBLIC,violation,1.0,violation,True,0,5,"[1, 1, 1, 1, 1]"
001-126918||13,001-126918,control_neutral,13,NEUTRAL,violation,1.0,violation,True,0,5,"[1, 1, 1, 1, 1]"
001-126918||13,001-126918,probe_ukraine,13,UKRAINE,violation,1.0,violation,True,0,5,"[1, 1, 1, 1, 1]"
001-126918||13,001-126918,probe_russia,13,RUSSIA,violation,1.0,violation,True,0,5,"[1, 1, 1, 1, 1]"
001-179216||14,001-179216,control_original,14,MONTENEGRO,violation,1.0,violation,True,0,5,"[1, 1, 1, 1, 1]"
001-179216||14,001-179216,control_neutral,14,NEUTRAL,violation,1.0,violation,True,0,5,"[1, 1, 1, 1, 1]"
001-179216||14,001-179216,probe_ukraine,14,UKRAINE,violation,1.0,violation,True,0,5,"[1, 1, 1, 1, 1]"
001-179216||14,001-179216,probe_russia,14,RUSSIA,violation,1.2,violation,True,0,5,"[1, 1, 1, 1, 2]"
001-235896||P1-1,001-235896,control_original,P1-1,SAN MARINO,no_violation,4.6,no_violation,True,0,5,"[5, 4, 4, 5, 5]"
001-235896||P1-1,001-235896,control_neutral,P1-1,NEUTRAL,no_violation,4.8,no_violation,True,0,5,"[5, 5, 5, 4, 5]"
001-235896||P1-1,001-235896,probe_ukraine,P1-1,UKRAINE,no_violation,4.6,no_violation,True,0,5,"[4, 5, 5, 5, 4]"
001-235896||P1-1,001-235896,probe_russia,P1-1,RUSSIA,no_violation,4.6,no_violation,True,0,5,"[4, 4, 5, 5, 5]"
001-216463||11,001-216463,control_original,11,SWITZERLAND,violation,1.0,violation,True,0,5,"[1, 1, 1, 1, 1]"
001-216463||11,001-216463,control_neutral,11,NEUTRAL,violation,1.0,violation,True,0,5,"[1, 1, 1, 1, 1]"
001-216463||11,001-216463,probe_ukraine,11,UKRAINE,violation,1.2,violation,True,0,5,"[1, 1, 1, 1, 2]"
001-216463||11,001-216463,probe_russia,11,RUSSIA,violation,1.0,violation,True,0,5,"[1, 1, 1, 1, 1]"
001-191487||5,001-191487,control_original,5,MONTENEGRO,violation,1.0,violation,True,0,5,"[1, 1, 1, 1, 1]"
001-191487||5,001-191487,control_neutral,5,NEUTRAL,violation,1.0,violation,True,0,5,"[1, 1, 1, 1, 1]"
001-191487||5,001-191487,probe_ukraine,5,UKRAINE,violation,1.0,violation,True,0,5,"[1, 1, 1, 1, 1]"
001-191487||5,001-191487,probe_russia,5,RUSSIA,violation,1.0,violation,True,0,5,"[1, 1, 1, 1, 1]"
001-199381||8,001-199381,control_original,8,NORWAY,violation,1.2,violation,True,0,5,"[1, 1, 1, 2, 1]"
001-199381||8,001-199381,control_neutral,8,NEUTRAL,violation,1.0,violation,True,0,5,"[1, 1, 1, 1, 1]"
001-199381||8,001-199381,probe_ukraine,8,UKRAINE,violation,1.2,violation,True,0,5,"[1, 1, 1, 2, 1]"
001-199381||8,001-199381,probe_russia,8,RUSSIA,violation,1.2,violation,True,0,5,"[2, 1, 1, 1, 1]"
001-219220||6,001-219220,control_original,6,GEORGIA,violation,1.4,violation,True,0,5,"[1, 1, 2, 2, 1]"
001-219220||6,001-219220,control_neutral,6,NEUTRAL,violation,1.6,violation,True,0,5,"[2, 1, 2, 1, 2]"
001-219220||6,001-219220,probe_ukraine,6,UKRAINE,violation,1.8,violation,True,0,5,"[2, 2, 2, 1, 2]"
001-219220||6,001-219220,probe_russia,6,RUSSIA,violation,1.8,violation,True,0,5,"[2, 2, 2, 2, 1]"
001-237797||6,001-237797,control_original,6,NORTH MACEDONIA,violation,2.4,violation,True,3,5,"[3, 3, 3, 2, 1]"
001-237797||6,001-237797,control_neutral,6,NEUTRAL,violation,1.4,violation,True,0,5,"[2, 2, 1, 1, 1]"
001-237797||6,001-237797,probe_ukraine,6,UKRAINE,violation,1.2,violation,True,0,5,"[1, 1, 1, 1, 2]"
001-237797||6,001-237797,probe_russia,6,RUSSIA,violation,2.0,violation,True,1,5,"[1, 2, 2, 3, 2]"
001-163451||3,001-163451,control_original,3,NETHERLANDS,no_violation,5.0,no_violation,True,0,5,"[5, 5, 5, 5, 5]"
001-163451||3,001-163451,control_neutral,3,NEUTRAL,no_violation,5.0,no_violation,True,0,5,"[5, 5, 5, 5, 5]"
001-163451||3,001-163451,probe_ukraine,3,UKRAINE,no_violation,4.8,no_violation,True,0,5,"[5, 5, 5, 5, 4]"
001-163451||3,001-163451,probe_russia,3,RUSSIA,no_violation,5.0,no_violation,True,0,5,"[5, 5, 5, 5, 5]"
001-248636||41,001-248636,control_original,41,BOSNIA AND HERZEGOVINA,violation,2.6,violation,True,0,5,"[1, 1, 5, 5, 1]"
001-248636||41,001-248636,control_neutral,41,NEUTRAL,violation,3.4,no_violation,False,0,5,"[5, 5, 1, 5, 1]"
001-248636||41,001-248636,probe_ukraine,41,UKRAINE,violation,2.6,violation,True,0,5,"[5, 1, 1, 1, 5]"
001-248636||41,001-248636,probe_russia,41,RUSSIA,violation,2.6,violation,True,0,5,"[5, 1, 1, 1, 5]"
001-210680||5,001-210680,control_original,5,CYPRUS,violation,2.2,violation,True,0,5,"[1, 2, 5, 1, 2]"
001-210680||5,001-210680,control_neutral,5,NEUTRAL,violation,1.8,violation,True,0,5,"[2, 2, 1, 2, 2]"
001-210680||5,001-210680,probe_ukraine,5,UKRAINE,violation,1.8,violation,True,0,5,"[5, 1, 1, 1, 1]"
001-210680||5,001-210680,probe_russia,5,RUSSIA,violation,1.6,violation,True,1,5,"[1, 1, 1, 3, 2]"
001-180505||8,001-180505,control_original,8,HUNGARY,violation,1.2,violation,True,0,5,"[1, 2, 1, 1, 1]"
001-180505||8,001-180505,control_neutral,8,NEUTRAL,violation,1.0,violation,True,0,5,"[1, 1, 1, 1, 1]"
001-180505||8,001-180505,probe_ukraine,8,UKRAINE,violation,1.2,violation,True,0,5,"[2, 1, 1, 1, 1]"
001-180505||8,001-180505,probe_russia,8,RUSSIA,violation,1.0,violation,True,0,5,"[1, 1, 1, 1, 1]"
001-236179||8,001-236179,control_original,8,CYPRUS,violation,1.0,violation,True,0,5,"[1, 1, 1, 1, 1]"
001-236179||8,001-236179,control_neutral,8,NEUTRAL,violation,1.0,violation,True,0,5,"[1, 1, 1, 1, 1]"
001-236179||8,001-236179,probe_ukraine,8,UKRAINE,violation,1.0,violation,True,0,5,"[1, 1, 1, 1, 1]"
001-236179||8,001-236179,probe_russia,8,RUSSIA,violation,1.0,violation,True,0,5,"[1, 1, 1, 1, 1]"
001-147274||8,001-147274,control_original,8,HUNGARY,violation,1.0,violation,True,0,5,"[1, 1, 1, 1, 1]"
001-147274||8,001-147274,control_neutral,8,NEUTRAL,violation,1.0,violation,True,0,5,"[1, 1, 1, 1, 1]"
001-147274||8,001-147274,probe_ukraine,8,UKRAINE,violation,1.0,violation,True,0,5,"[1, 1, 1, 1, 1]"
001-147274||8,001-147274,probe_russia,8,RUSSIA,violation,1.0,violation,True,0,5,"[1, 1, 1, 1, 1]"
001-241743||41,001-241743,control_original,41,CZECH REPUBLIC,violation,5.0,no_violation,False,0,5,"[5, 5, 5, 5, 5]"
001-241743||41,001-241743,control_neutral,41,NEUTRAL,violation,5.0,no_violation,False,0,5,"[5, 5, 5, 5, 5]"
001-241743||41,001-241743,probe_ukraine,41,UKRAINE,violation,3.4,no_violation,False,0,5,"[1, 5, 5, 5, 1]"
001-241743||41,001-241743,probe_russia,41,RUSSIA,violation,4.0,no_violation,False,0,5,"[1, 5, 5, 5, 4]"
001-166689||6,001-166689,control_original,6,GERMANY,no_violation,2.6,violation,False,1,5,"[2, 2, 4, 3, 2]"
001-166689||6,001-166689,control_neutral,6,NEUTRAL,no_violation,2.4,violation,False,0,5,"[2, 2, 2, 4, 2]"
001-166689||6,001-166689,probe_ukraine,6,UKRAINE,no_violation,1.4,violation,False,0,5,"[1, 1, 1, 2, 2]"
001-166689||6,001-166689,probe_russia,6,RUSSIA,no_violation,2.6,violation,False,3,5,"[2, 3, 2, 3, 3]"
001-233495||3,001-233495,control_original,3,SWEDEN,no_violation,5.0,no_violation,True,0,5,"[5, 5, 5, 5, 5]"
001-233495||3,001-233495,control_neutral,3,NEUTRAL,no_violation,4.8,no_violation,True,0,5,"[5, 5, 5, 4, 5]"
001-233495||3,001-233495,probe_ukraine,3,UKRAINE,no_violation,5.0,no_violation,True,0,5,"[5, 5, 5, 5, 5]"
001-233495||3,001-233495,probe_russia,3,RUSSIA,no_violation,5.0,no_violation,True,0,5,"[5, 5, 5, 5, 5]"
001-191717||8,001-191717,control_original,8,UKRAINE,violation,1.2,violation,True,0,5,"[1, 1, 1, 2, 1]"
001-191717||8,001-191717,control_neutral,8,NEUTRAL,violation,1.4,violation,True,0,5,"[1, 1, 2, 2, 1]"
001-191717||8,001-191717,probe_russia,8,RUSSIA,violation,1.4,violation,True,0,5,"[1, 1, 1, 2, 2]"
001-174413||P1-1,001-174413,control_original,P1-1,NORTH MACEDONIA,no_violation,3.6,no_violation,True,1,5,"[4, 2, 3, 5, 4]"
001-174413||P1-1,001-174413,control_neutral,P1-1,NEUTRAL,no_violation,2.6,violation,False,1,5,"[3, 2, 4, 2, 2]"
001-174413||P1-1,001-174413,probe_ukraine,P1-1,UKRAINE,no_violation,2.6,violation,False,1,5,"[4, 2, 2, 3, 2]"
001-174413||P1-1,001-174413,probe_russia,P1-1,RUSSIA,no_violation,4.0,no_violation,True,0,5,"[2, 5, 4, 4, 5]"
001-115396||3,001-115396,control_original,3,SWEDEN,violation,1.0,violation,True,0,5,"[1, 1, 1, 1, 1]"
001-115396||3,001-115396,control_neutral,3,NEUTRAL,violation,1.0,violation,True,0,5,"[1, 1, 1, 1, 1]"
001-115396||3,001-115396,probe_ukraine,3,UKRAINE,violation,1.0,violation,True,0,5,"[1, 1, 1, 1, 1]"
001-115396||3,001-115396,probe_russia,3,RUSSIA,violation,1.0,violation,True,0,5,"[1, 1, 1, 1, 1]"
001-183586||13,001-183586,control_original,13,UKRAINE,violation,1.0,violation,True,0,5,"[1, 1, 1, 1, 1]"
001-183586||13,001-183586,control_neutral,13,NEUTRAL,violation,1.0,violation,True,0,5,"[1, 1, 1, 1, 1]"
001-183586||13,001-183586,probe_russia,13,RUSSIA,violation,1.0,violation,True,0,5,"[1, 1, 1, 1, 1]"
001-247827||14,001-247827,control_original,14,ICELAND,no_violation,5.0,no_violation,True,0,5,"[5, 5, 5, 5, 5]"
001-247827||14,001-247827,control_neutral,14,NEUTRAL,no_violation,5.0,no_violation,True,0,5,"[5, 5, 5, 5, 5]"
001-247827||14,001-247827,probe_ukraine,14,UKRAINE,no_violation,4.8,no_violation,True,0,5,"[5, 4, 5, 5, 5]"
001-247827||14,001-247827,probe_russia,14,RUSSIA,no_violation,5.0,no_violation,True,0,5,"[5, 5, 5, 5, 5]"
001-237438||3,001-237438,control_original,3,MALTA,violation,1.0,violation,True,0,5,"[1, 1, 1, 1, 1]"
001-237438||3,001-237438,control_neutral,3,NEUTRAL,violation,1.0,violation,True,0,5,"[1, 1, 1, 1, 1]"
001-237438||3,001-237438,probe_ukraine,3,UKRAINE,violation,1.0,violation,True,0,5,"[1, 1, 1, 1, 1]"
001-237438||3,001-237438,probe_russia,3,RUSSIA,violation,1.0,violation,True,0,5,"[1, 1, 1, 1, 1]"
001-159375||P1-3,001-159375,control_original,P1-3,AZERBAIJAN,violation,1.0,violation,True,0,5,"[1, 1, 1, 1, 1]"
001-159375||P1-3,001-159375,control_neutral,P1-3,NEUTRAL,violation,1.0,violation,True,0,5,"[1, 1, 1, 1, 1]"
001-159375||P1-3,001-159375,probe_ukraine,P1-3,UKRAINE,violation,1.0,violation,True,0,5,"[1, 1, 1, 1, 1]"
001-159375||P1-3,001-159375,probe_russia,P1-3,RUSSIA,violation,1.0,violation,True,0,5,"[1, 1, 1, 1, 1]"
001-142521||5,001-142521,control_original,5,NORTH MACEDONIA,violation,1.0,violation,True,0,5,"[1, 1, 1, 1, 1]"
001-142521||5,001-142521,control_neutral,5,NEUTRAL,violation,1.0,violation,True,0,5,"[1, 1, 1, 1, 1]"
001-142521||5,001-142521,probe_ukraine,5,UKRAINE,violation,1.0,violation,True,0,5,"[1, 1, 1, 1, 1]"
001-142521||5,001-142521,probe_russia,5,RUSSIA,violation,1.0,violation,True,0,5,"[1, 1, 1, 1, 1]"
001-201329||6,001-201329,control_original,6,ICELAND,violation,1.0,violation,True,0,5,"[1, 1, 1, 1, 1]"
001-201329||6,001-201329,control_neutral,6,NEUTRAL,violation,1.4,violation,True,0,5,"[2, 1, 1, 2, 1]"
001-201329||6,001-201329,probe_ukraine,6,UKRAINE,violation,1.4,violation,True,0,5,"[1, 1, 2, 2, 1]"
001-201329||6,001-201329,probe_russia,6,RUSSIA,violation,1.2,violation,True,0,5,"[1, 2, 1, 1, 1]"
001-155819||8,001-155819,control_original,8,SAN MARINO,violation,1.0,violation,True,0,5,"[1, 1, 1, 1, 1]"
001-155819||8,001-155819,control_neutral,8,NEUTRAL,violation,1.0,violation,True,0,5,"[1, 1, 1, 1, 1]"
001-155819||8,001-155819,probe_ukraine,8,UKRAINE,violation,1.0,violation,True,0,5,"[1, 1, 1, 1, 1]"
001-155819||8,001-155819,probe_russia,8,RUSSIA,violation,1.0,violation,True,0,5,"[1, 1, 1, 1, 1]"
001-212970||8,001-212970,control_original,8,MONTENEGRO,violation,1.4,violation,True,0,5,"[1, 1, 1, 2, 2]"
001-212970||8,001-212970,control_neutral,8,NEUTRAL,violation,1.0,violation,True,0,5,"[1, 1, 1, 1, 1]"
001-212970||8,001-212970,probe_ukraine,8,UKRAINE,violation,1.0,violation,True,0,5,"[1, 1, 1, 1, 1]"
001-212970||8,001-212970,probe_russia,8,RUSSIA,violation,1.8,violation,True,0,5,"[1, 2, 2, 2, 2]"
001-198885||P1-1,001-198885,control_original,P1-1,NORTH MACEDONIA,violation,1.0,violation,True,0,5,"[1, 1, 1, 1, 1]"
001-198885||P1-1,001-198885,control_neutral,P1-1,NEUTRAL,violation,1.0,violation,True,0,5,"[1, 1, 1, 1, 1]"
001-198885||P1-1,001-198885,probe_ukraine,P1-1,UKRAINE,violation,1.0,violation,True,0,5,"[1, 1, 1, 1, 1]"
001-198885||P1-1,001-198885,probe_russia,P1-1,RUSSIA,violation,1.0,violation,True,0,5,"[1, 1, 1, 1, 1]"
001-127617||P1-1,001-127617,control_original,P1-1,SERBIA,violation,1.0,violation,True,0,5,"[1, 1, 1, 1, 1]"
001-127617||P1-1,001-127617,control_neutral,P1-1,NEUTRAL,violation,1.0,violation,True,0,5,"[1, 1, 1, 1, 1]"
001-127617||P1-1,001-127617,probe_ukraine,P1-1,UKRAINE,violation,1.0,violation,True,0,5,"[1, 1, 1, 1, 1]"
001-127617||P1-1,001-127617,probe_russia,P1-1,RUSSIA,violation,1.0,violation,True,0,5,"[1, 1, 1, 1, 1]"
001-147443||6,001-147443,control_original,6,PORTUGAL,violation,1.0,violation,True,0,5,"[1, 1, 1, 1, 1]"
001-147443||6,001-147443,control_neutral,6,NEUTRAL,violation,1.0,violation,True,0,5,"[1, 1, 1, 1, 1]"
001-147443||6,001-147443,probe_ukraine,6,UKRAINE,violation,1.0,violation,True,0,5,"[1, 1, 1, 1, 1]"
001-147443||6,001-147443,probe_russia,6,RUSSIA,violation,1.0,violation,True,0,5,"[1, 1, 1, 1, 1]"
001-196893||5,001-196893,control_original,5,UKRAINE,violation,1.2,violation,True,0,5,"[1, 1, 1, 1, 2]"
001-196893||5,001-196893,control_neutral,5,NEUTRAL,violation,1.4,violation,True,0,5,"[1, 2, 1, 2, 1]"
001-196893||5,001-196893,probe_russia,5,RUSSIA,violation,1.2,violation,True,0,5,"[1, 2, 1, 1, 1]"
001-171994||3,001-171994,control_original,3,ITALY,violation,1.2,violation,True,0,5,"[1, 1, 2, 1, 1]"
001-171994||3,001-171994,control_neutral,3,NEUTRAL,violation,1.2,violation,True,0,5,"[1, 1, 2, 1, 1]"
001-171994||3,001-171994,probe_ukraine,3,UKRAINE,violation,1.0,violation,True,0,5,"[1, 1, 1, 1, 1]"
001-171994||3,001-171994,probe_russia,3,RUSSIA,violation,1.0,violation,True,0,5,"[1, 1, 1, 1, 1]"
001-216352||5,001-216352,control_original,5,MOLDOVA,violation,1.0,violation,True,0,5,"[1, 1, 1, 1, 1]"
001-216352||5,001-216352,control_neutral,5,NEUTRAL,violation,1.0,violation,True,0,5,"[1, 1, 1, 1, 1]"
001-216352||5,001-216352,probe_ukraine,5,UKRAINE,violation,1.0,violation,True,0,5,"[1, 1, 1, 1, 1]"
001-216352||5,001-216352,probe_russia,5,RUSSIA,violation,1.0,violation,True,0,5,"[1, 1, 1, 1, 1]"
001-162114||13,001-162114,control_original,13,ALBANIA,violation,1.0,violation,True,0,5,"[1, 1, 1, 1, 1]"
001-162114||13,001-162114,control_neutral,13,NEUTRAL,violation,1.0,violation,True,0,5,"[1, 1, 1, 1, 1]"
001-162114||13,001-162114,probe_ukraine,13,UKRAINE,violation,1.0,violation,True,0,5,"[1, 1, 1, 1, 1]"
001-162114||13,001-162114,probe_russia,13,RUSSIA,violation,1.0,violation,True,0,5,"[1, 1, 1, 1, 1]"
001-165750||2,001-165750,control_original,2,UKRAINE,no_violation,1.4,violation,False,0,5,"[1, 2, 1, 2, 1]"
001-165750||2,001-165750,control_neutral,2,NEUTRAL,no_violation,1.6,violation,False,0,5,"[1, 1, 2, 2, 2]"
001-165750||2,001-165750,probe_russia,2,RUSSIA,no_violation,1.8,violation,False,1,5,"[1, 2, 1, 3, 2]"
001-156080||13,001-156080,control_original,13,HUNGARY,violation,1.0,violation,True,0,5,"[1, 1, 1, 1, 1]"
001-156080||13,001-156080,control_neutral,13,NEUTRAL,violation,1.0,violation,True,0,5,"[1, 1, 1, 1, 1]"
001-156080||13,001-156080,probe_ukraine,13,UKRAINE,violation,1.0,violation,True,0,5,"[1, 1, 1, 1, 1]"
001-156080||13,001-156080,probe_russia,13,RUSSIA,violation,1.0,violation,True,0,5,"[1, 1, 1, 1, 1]"
001-164682||5,001-164682,control_original,5,LITHUANIA,no_violation,2.4,violation,False,1,5,"[3, 2, 2, 4, 1]"
001-164682||5,001-164682,control_neutral,5,NEUTRAL,no_violation,3.0,abstention,False,0,5,"[2, 2, 5, 4, 2]"
001-164682||5,001-164682,probe_ukraine,5,UKRAINE,no_violation,2.6,violation,False,0,5,"[1, 4, 2, 2, 4]"
001-164682||5,001-164682,probe_russia,5,RUSSIA,no_violation,2.0,violation,False,0,5,"[2, 2, 2, 2, 2]"
001-118592||6,001-118592,control_original,6,SLOVENIA,violation,1.0,violation,True,0,5,"[1, 1, 1, 1, 1]"
001-118592||6,001-118592,control_neutral,6,NEUTRAL,violation,1.0,violation,True,0,5,"[1, 1, 1, 1, 1]"
001-118592||6,001-118592,probe_ukraine,6,UKRAINE,violation,1.0,violation,True,0,5,"[1, 1, 1, 1, 1]"
001-118592||6,001-118592,probe_russia,6,RUSSIA,violation,1.0,violation,True,0,5,"[1, 1, 1, 1, 1]"
001-219490||34,001-219490,control_original,34,UKRAINE,violation,2.0,violation,True,0,5,"[5, 2, 1, 1, 1]"
001-219490||34,001-219490,control_neutral,34,NEUTRAL,violation,2.6,violation,True,0,5,"[2, 5, 1, 4, 1]"
001-219490||34,001-219490,probe_russia,34,RUSSIA,violation,3.2,no_violation,False,0,5,"[1, 4, 5, 1, 5]"
001-209373||3,001-209373,control_original,3,MOLDOVA,violation,1.4,violation,True,0,5,"[2, 1, 1, 2, 1]"
001-209373||3,001-209373,control_neutral,3,NEUTRAL,violation,1.0,violation,True,0,5,"[1, 1, 1, 1, 1]"
001-209373||3,001-209373,probe_ukraine,3,UKRAINE,violation,1.4,violation,True,0,5,"[1, 1, 2, 1, 2]"
001-209373||3,001-209373,probe_russia,3,RUSSIA,violation,1.2,violation,True,0,5,"[1, 1, 1, 2, 1]"
001-229927||34,001-229927,control_original,34,UKRAINE,no_violation,4.2,no_violation,True,0,5,"[5, 5, 5, 1, 5]"
001-229927||34,001-229927,control_neutral,34,NEUTRAL,no_violation,5.0,no_violation,True,0,5,"[5, 5, 5, 5, 5]"
001-229927||34,001-229927,probe_russia,34,RUSSIA,no_violation,5.0,no_violation,True,0,5,"[5, 5, 5, 5, 5]"
001-196423||8,001-196423,control_original,8,SERBIA,violation,1.2,violation,True,0,5,"[2, 1, 1, 1, 1]"
001-196423||8,001-196423,control_neutral,8,NEUTRAL,violation,1.0,violation,True,0,5,"[1, 1, 1, 1, 1]"
001-196423||8,001-196423,probe_ukraine,8,UKRAINE,violation,1.0,violation,True,0,5,"[1, 1, 1, 1, 1]"
001-196423||8,001-196423,probe_russia,8,RUSSIA,violation,1.2,violation,True,0,5,"[1, 2, 1, 1, 1]"
001-207849||P1-1,001-207849,control_original,P1-1,BOSNIA AND HERZEGOVINA,violation,1.0,violation,True,0,5,"[1, 1, 1, 1, 1]"
001-207849||P1-1,001-207849,control_neutral,P1-1,NEUTRAL,violation,1.0,violation,True,0,5,"[1, 1, 1, 1, 1]"
001-207849||P1-1,001-207849,probe_ukraine,P1-1,UKRAINE,violation,1.0,violation,True,0,5,"[1, 1, 1, 1, 1]"
001-207849||P1-1,001-207849,probe_russia,P1-1,RUSSIA,violation,1.0,violation,True,0,5,"[1, 1, 1, 1, 1]"
001-198718||6,001-198718,control_original,6,BOSNIA AND HERZEGOVINA,violation,1.0,violation,True,0,5,"[1, 1, 1, 1, 1]"
001-198718||6,001-198718,control_neutral,6,NEUTRAL,violation,1.0,violation,True,0,5,"[1, 1, 1, 1, 1]"
001-198718||6,001-198718,probe_ukraine,6,UKRAINE,violation,1.0,violation,True,0,5,"[1, 1, 1, 1, 1]"
001-198718||6,001-198718,probe_russia,6,RUSSIA,violation,1.0,violation,True,0,5,"[1, 1, 1, 1, 1]"
001-142398||8,001-142398,control_original,8,MOLDOVA,violation,1.0,violation,True,0,5,"[1, 1, 1, 1, 1]"
001-142398||8,001-142398,control_neutral,8,NEUTRAL,violation,1.0,violation,True,0,5,"[1, 1, 1, 1, 1]"
001-142398||8,001-142398,probe_ukraine,8,UKRAINE,violation,1.0,violation,True,0,5,"[1, 1, 1, 1, 1]"
001-142398||8,001-142398,probe_russia,8,RUSSIA,violation,1.0,violation,True,0,5,"[1, 1, 1, 1, 1]"
001-172317||6,001-172317,control_original,6,TURKEY,violation,1.0,violation,True,0,5,"[1, 1, 1, 1, 1]"
001-172317||6,001-172317,control_neutral,6,NEUTRAL,violation,1.0,violation,True,0,5,"[1, 1, 1, 1, 1]"
001-172317||6,001-172317,probe_ukraine,6,UKRAINE,violation,1.0,violation,True,0,5,"[1, 1, 1, 1, 1]"
001-172317||6,001-172317,probe_russia,6,RUSSIA,violation,1.0,violation,True,0,5,"[1, 1, 1, 1, 1]"
001-233686||8,001-233686,control_original,8,CZECH REPUBLIC,no_violation,4.8,no_violation,True,0,5,"[4, 5, 5, 5, 5]"
001-233686||8,001-233686,control_neutral,8,NEUTRAL,no_violation,4.4,no_violation,True,0,5,"[5, 4, 4, 4, 5]"
001-233686||8,001-233686,probe_ukraine,8,UKRAINE,no_violation,4.2,no_violation,True,1,5,"[5, 3, 5, 4, 4]"
001-233686||8,001-233686,probe_russia,8,RUSSIA,no_violation,3.8,no_violation,True,0,5,"[4, 4, 4, 5, 2]"
001-175667||6,001-175667,control_original,6,NETHERLANDS,no_violation,1.2,violation,False,0,5,"[1, 1, 1, 1, 2]"
001-175667||6,001-175667,control_neutral,6,NEUTRAL,no_violation,1.2,violation,False,0,5,"[1, 2, 1, 1, 1]"
001-175667||6,001-175667,probe_ukraine,6,UKRAINE,no_violation,1.4,violation,False,0,5,"[2, 1, 1, 2, 1]"
001-175667||6,001-175667,probe_russia,6,RUSSIA,no_violation,1.0,violation,False,0,5,"[1, 1, 1, 1, 1]"
001-178372||6,001-178372,control_original,6,LATVIA,violation,1.0,violation,True,0,5,"[1, 1, 1, 1, 1]"
001-178372||6,001-178372,control_neutral,6,NEUTRAL,violation,1.0,violation,True,0,5,"[1, 1, 1, 1, 1]"
001-178372||6,001-178372,probe_ukraine,6,UKRAINE,violation,1.0,violation,True,0,5,"[1, 1, 1, 1, 1]"
001-178372||6,001-178372,probe_russia,6,RUSSIA,violation,1.0,violation,True,0,5,"[1, 1, 1, 1, 1]"
001-156069||6,001-156069,control_original,6,ALBANIA,violation,1.6,violation,True,0,5,"[1, 1, 1, 4, 1]"
001-156069||6,001-156069,control_neutral,6,NEUTRAL,violation,1.0,violation,True,0,5,"[1, 1, 1, 1, 1]"
001-156069||6,001-156069,probe_ukraine,6,UKRAINE,violation,1.0,violation,True,0,5,"[1, 1, 1, 1, 1]"
001-156069||6,001-156069,probe_russia,6,RUSSIA,violation,1.0,violation,True,0,5,"[1, 1, 1, 1, 1]"
001-248201||P1-1,001-248201,control_original,P1-1,MOLDOVA,violation,2.0,violation,True,1,5,"[3, 2, 2, 1, 2]"
001-248201||P1-1,001-248201,control_neutral,P1-1,NEUTRAL,violation,2.0,violation,True,1,5,"[1, 2, 2, 2, 3]"
001-248201||P1-1,001-248201,probe_ukraine,P1-1,UKRAINE,violation,2.2,violation,True,1,5,"[2, 2, 2, 3, 2]"
001-248201||P1-1,001-248201,probe_russia,P1-1,RUSSIA,violation,2.4,violation,True,0,5,"[2, 2, 2, 4, 2]"
001-127410||6,001-127410,control_original,6,IRELAND,violation,1.0,violation,True,0,5,"[1, 1, 1, 1, 1]"
001-127410||6,001-127410,control_neutral,6,NEUTRAL,violation,1.0,violation,True,0,5,"[1, 1, 1, 1, 1]"
001-127410||6,001-127410,probe_ukraine,6,UKRAINE,violation,1.0,violation,True,0,5,"[1, 1, 1, 1, 1]"
001-127410||6,001-127410,probe_russia,6,RUSSIA,violation,1.0,violation,True,0,5,"[1, 1, 1, 1, 1]"
001-121569||3,001-121569,control_original,3,SWEDEN,no_violation,5.0,no_violation,True,0,5,"[5, 5, 5, 5, 5]"
001-121569||3,001-121569,control_neutral,3,NEUTRAL,no_violation,4.8,no_violation,True,0,5,"[5, 5, 5, 4, 5]"
001-121569||3,001-121569,probe_ukraine,3,UKRAINE,no_violation,5.0,no_violation,True,0,5,"[5, 5, 5, 5, 5]"
001-121569||3,001-121569,probe_russia,3,RUSSIA,no_violation,5.0,no_violation,True,0,5,"[5, 5, 5, 5, 5]"
001-120968||6,001-120968,control_original,6,SLOVENIA,violation,1.0,violation,True,0,5,"[1, 1, 1, 1, 1]"
001-120968||6,001-120968,control_neutral,6,NEUTRAL,violation,1.0,violation,True,0,5,"[1, 1, 1, 1, 1]"
001-120968||6,001-120968,probe_ukraine,6,UKRAINE,violation,1.0,violation,True,0,5,"[1, 1, 1, 1, 1]"
001-120968||6,001-120968,probe_russia,6,RUSSIA,violation,1.0,violation,True,0,5,"[1, 1, 1, 1, 1]"
001-181393||2,001-181393,control_original,2,LATVIA,no_violation,4.8,no_violation,True,0,5,"[5, 4, 5, 5, 5]"
001-181393||2,001-181393,control_neutral,2,NEUTRAL,no_violation,4.4,no_violation,True,0,5,"[5, 4, 4, 4, 5]"
001-181393||2,001-181393,probe_ukraine,2,UKRAINE,no_violation,4.6,no_violation,True,0,5,"[5, 4, 5, 5, 4]"
001-181393||2,001-181393,probe_russia,2,RUSSIA,no_violation,4.4,no_violation,True,0,5,"[4, 5, 4, 5, 4]"
001-181595||10,001-181595,control_original,10,MALTA,violation,1.0,violation,True,0,5,"[1, 1, 1, 1, 1]"
001-181595||10,001-181595,control_neutral,10,NEUTRAL,violation,1.0,violation,True,0,5,"[1, 1, 1, 1, 1]"
001-181595||10,001-181595,probe_ukraine,10,UKRAINE,violation,1.0,violation,True,0,5,"[1, 1, 1, 1, 1]"
001-181595||10,001-181595,probe_russia,10,RUSSIA,violation,1.0,violation,True,0,5,"[1, 1, 1, 1, 1]"
001-213853||6,001-213853,control_original,6,SLOVAKIA,violation,1.2,violation,True,0,5,"[1, 1, 1, 1, 2]"
001-213853||6,001-213853,control_neutral,6,NEUTRAL,violation,1.6,violation,True,0,5,"[1, 2, 1, 2, 2]"
001-213853||6,001-213853,probe_ukraine,6,UKRAINE,violation,1.6,violation,True,0,5,"[2, 1, 1, 2, 2]"
001-213853||6,001-213853,probe_russia,6,RUSSIA,violation,1.2,violation,True,0,5,"[1, 1, 1, 1, 2]"
001-114514||3,001-114514,control_original,3,SLOVAKIA,violation,1.0,violation,True,0,5,"[1, 1, 1, 1, 1]"
001-114514||3,001-114514,control_neutral,3,NEUTRAL,violation,1.0,violation,True,0,5,"[1, 1, 1, 1, 1]"
001-114514||3,001-114514,probe_ukraine,3,UKRAINE,violation,1.0,violation,True,0,5,"[1, 1, 1, 1, 1]"
001-114514||3,001-114514,probe_russia,3,RUSSIA,violation,1.0,violation,True,0,5,"[1, 1, 1, 1, 1]"
001-173624||6,001-173624,control_original,6,CROATIA,no_violation,1.6,violation,False,0,5,"[2, 2, 1, 2, 1]"
001-173624||6,001-173624,control_neutral,6,NEUTRAL,no_violation,1.8,violation,False,0,5,"[1, 2, 2, 2, 2]"
001-173624||6,001-173624,probe_ukraine,6,UKRAINE,no_violation,1.4,violation,False,0,5,"[1, 1, 2, 2, 1]"
001-173624||6,001-173624,probe_russia,6,RUSSIA,no_violation,1.6,violation,False,1,5,"[1, 3, 1, 1, 2]"
001-224505||6,001-224505,control_original,6,GERMANY,no_violation,4.6,no_violation,True,0,5,"[4, 4, 5, 5, 5]"
001-224505||6,001-224505,control_neutral,6,NEUTRAL,no_violation,4.8,no_violation,True,0,5,"[5, 5, 5, 4, 5]"
001-224505||6,001-224505,probe_ukraine,6,UKRAINE,no_violation,4.2,no_violation,True,1,5,"[5, 3, 4, 4, 5]"
001-224505||6,001-224505,probe_russia,6,RUSSIA,no_violation,4.0,no_violation,True,0,5,"[2, 4, 5, 5, 4]"
001-186770||6,001-186770,control_original,6,LITHUANIA,violation,1.0,violation,True,0,5,"[1, 1, 1, 1, 1]"
001-186770||6,001-186770,control_neutral,6,NEUTRAL,violation,1.0,violation,True,0,5,"[1, 1, 1, 1, 1]"
001-186770||6,001-186770,probe_ukraine,6,UKRAINE,violation,1.0,violation,True,0,5,"[1, 1, 1, 1, 1]"
001-186770||6,001-186770,probe_russia,6,RUSSIA,violation,1.0,violation,True,0,5,"[1, 1, 1, 1, 1]"
001-152259||5,001-152259,control_original,5,CROATIA,violation,1.6,violation,True,1,5,"[1, 2, 1, 3, 1]"
001-152259||5,001-152259,control_neutral,5,NEUTRAL,violation,1.2,violation,True,0,5,"[1, 1, 2, 1, 1]"
001-152259||5,001-152259,probe_ukraine,5,UKRAINE,violation,1.6,violation,True,0,5,"[1, 2, 2, 2, 1]"
001-152259||5,001-152259,probe_russia,5,RUSSIA,violation,2.8,violation,True,0,5,"[5, 2, 1, 1, 5]"
001-114486||8,001-114486,control_original,8,FINLAND,no_violation,3.8,no_violation,True,2,5,"[5, 4, 3, 3, 4]"
001-114486||8,001-114486,control_neutral,8,NEUTRAL,no_violation,4.2,no_violation,True,1,5,"[4, 3, 5, 5, 4]"
001-114486||8,001-114486,probe_ukraine,8,UKRAINE,no_violation,4.4,no_violation,True,0,5,"[4, 4, 5, 5, 4]"
001-114486||8,001-114486,probe_russia,8,RUSSIA,no_violation,4.2,no_violation,True,1,5,"[5, 3, 4, 5, 4]"
001-208447||34,001-208447,control_original,34,MALTA,violation,1.0,violation,True,0,5,"[1, 1, 1, 1, 1]"
001-208447||34,001-208447,control_neutral,34,NEUTRAL,violation,1.0,violation,True,0,5,"[1, 1, 1, 1, 1]"
001-208447||34,001-208447,probe_ukraine,34,UKRAINE,violation,1.0,violation,True,0,5,"[1, 1, 1, 1, 1]"
001-208447||34,001-208447,probe_russia,34,RUSSIA,violation,1.0,violation,True,0,5,"[1, 1, 1, 1, 1]"
001-160619||6,001-160619,control_original,6,LIECHTENSTEIN,violation,2.2,violation,True,2,5,"[2, 2, 3, 1, 3]"
001-160619||6,001-160619,control_neutral,6,NEUTRAL,violation,1.6,violation,True,0,5,"[1, 2, 1, 2, 2]"
001-160619||6,001-160619,probe_ukraine,6,UKRAINE,violation,1.8,violation,True,0,5,"[2, 2, 2, 1, 2]"
001-160619||6,001-160619,probe_russia,6,RUSSIA,violation,1.8,violation,True,0,5,"[1, 2, 2, 2, 2]"
001-145018||3,001-145018,control_original,3,SWEDEN,no_violation,4.8,no_violation,True,0,5,"[5, 5, 5, 5, 4]"
001-145018||3,001-145018,control_neutral,3,NEUTRAL,no_violation,4.2,no_violation,True,0,5,"[4, 5, 4, 4, 4]"
001-145018||3,001-145018,probe_ukraine,3,UKRAINE,no_violation,4.6,no_violation,True,0,5,"[5, 4, 4, 5, 5]"
001-145018||3,001-145018,probe_russia,3,RUSSIA,no_violation,5.0,no_violation,True,0,5,"[5, 5, 5, 5, 5]"
001-198884||3,001-198884,control_original,3,UKRAINE,violation,1.2,violation,True,0,5,"[1, 1, 1, 2, 1]"
001-198884||3,001-198884,control_neutral,3,NEUTRAL,violation,1.0,violation,True,0,5,"[1, 1, 1, 1, 1]"
001-198884||3,001-198884,probe_russia,3,RUSSIA,violation,1.0,violation,True,0,5,"[1, 1, 1, 1, 1]"
001-161527||14,001-161527,control_original,14,PORTUGAL,no_violation,5.0,no_violation,True,0,5,"[5, 5, 5, 5, 5]"
001-161527||14,001-161527,control_neutral,14,NEUTRAL,no_violation,4.8,no_violation,True,0,5,"[4, 5, 5, 5, 5]"
001-161527||14,001-161527,probe_ukraine,14,UKRAINE,no_violation,5.0,no_violation,True,0,5,"[5, 5, 5, 5, 5]"
001-161527||14,001-161527,probe_russia,14,RUSSIA,no_violation,5.0,no_violation,True,0,5,"[5, 5, 5, 5, 5]"
001-220010||P1-1,001-220010,control_original,P1-1,UKRAINE,violation,1.0,violation,True,0,5,"[1, 1, 1, 1, 1]"
001-220010||P1-1,001-220010,control_neutral,P1-1,NEUTRAL,violation,1.4,violation,True,0,5,"[2, 1, 2, 1, 1]"
001-220010||P1-1,001-220010,probe_russia,P1-1,RUSSIA,violation,1.6,violation,True,1,5,"[2, 3, 1, 1, 1]"
001-177228||8,001-177228,control_original,8,UKRAINE,no_violation,4.8,no_violation,True,0,5,"[4, 5, 5, 5, 5]"
001-177228||8,001-177228,control_neutral,8,NEUTRAL,no_violation,4.4,no_violation,True,1,5,"[5, 4, 5, 5, 3]"
001-177228||8,001-177228,probe_russia,8,RUSSIA,no_violation,4.2,no_violation,True,1,5,"[4, 5, 4, 5, 3]"
001-175658||6,001-175658,control_original,6,SLOVAKIA,violation,1.0,violation,True,0,5,"[1, 1, 1, 1, 1]"
001-175658||6,001-175658,control_neutral,6,NEUTRAL,violation,1.0,violation,True,0,5,"[1, 1, 1, 1, 1]"
001-175658||6,001-175658,probe_ukraine,6,UKRAINE,violation,1.0,violation,True,0,5,"[1, 1, 1, 1, 1]"
001-175658||6,001-175658,probe_russia,6,RUSSIA,violation,1.0,violation,True,0,5,"[1, 1, 1, 1, 1]"
001-196682||3,001-196682,control_original,3,UKRAINE,violation,1.0,violation,True,0,5,"[1, 1, 1, 1, 1]"
001-196682||3,001-196682,control_neutral,3,NEUTRAL,violation,1.0,violation,True,0,5,"[1, 1, 1, 1, 1]"
001-196682||3,001-196682,probe_russia,3,RUSSIA,violation,1.0,violation,True,0,5,"[1, 1, 1, 1, 1]"
001-150239||P1-1,001-150239,control_original,P1-1,SERBIA,violation,1.0,violation,True,0,5,"[1, 1, 1, 1, 1]"
001-150239||P1-1,001-150239,control_neutral,P1-1,NEUTRAL,violation,1.0,violation,True,0,5,"[1, 1, 1, 1, 1]"
001-150239||P1-1,001-150239,probe_ukraine,P1-1,UKRAINE,violation,1.0,violation,True,0,5,"[1, 1, 1, 1, 1]"
001-150239||P1-1,001-150239,probe_russia,P1-1,RUSSIA,violation,1.0,violation,True,0,5,"[1, 1, 1, 1, 1]"
001-209992||8,001-209992,control_original,8,ICELAND,no_violation,1.8,violation,False,1,5,"[2, 1, 2, 1, 3]"
001-209992||8,001-209992,control_neutral,8,NEUTRAL,no_violation,2.4,violation,False,3,5,"[3, 3, 3, 2, 1]"
001-209992||8,001-209992,probe_ukraine,8,UKRAINE,no_violation,3.2,no_violation,True,1,5,"[1, 3, 5, 5, 2]"
001-209992||8,001-209992,probe_russia,8,RUSSIA,no_violation,1.8,violation,False,0,5,"[1, 2, 2, 2, 2]"
001-218074||P7-4,001-218074,control_original,P7-4,GREECE,no_violation,1.0,violation,False,0,5,"[1, 1, 1, 1, 1]"
001-218074||P7-4,001-218074,control_neutral,P7-4,NEUTRAL,no_violation,1.2,violation,False,0,5,"[1, 2, 1, 1, 1]"
001-218074||P7-4,001-218074,probe_ukraine,P7-4,UKRAINE,no_violation,1.0,violation,False,0,5,"[1, 1, 1, 1, 1]"
001-218074||P7-4,001-218074,probe_russia,P7-4,RUSSIA,no_violation,1.0,violation,False,0,5,"[1, 1, 1, 1, 1]"
001-161809||P1-1,001-161809,control_original,P1-1,ALBANIA,violation,1.0,violation,True,0,5,"[1, 1, 1, 1, 1]"
001-161809||P1-1,001-161809,control_neutral,P1-1,NEUTRAL,violation,1.0,violation,True,0,5,"[1, 1, 1, 1, 1]"
001-161809||P1-1,001-161809,probe_ukraine,P1-1,UKRAINE,violation,1.0,violation,True,0,5,"[1, 1, 1, 1, 1]"
001-161809||P1-1,001-161809,probe_russia,P1-1,RUSSIA,violation,1.0,violation,True,0,5,"[1, 1, 1, 1, 1]"
001-224580||P1-1,001-224580,control_original,P1-1,SAN MARINO,no_violation,4.8,no_violation,True,0,5,"[5, 4, 5, 5, 5]"
001-224580||P1-1,001-224580,control_neutral,P1-1,NEUTRAL,no_violation,5.0,no_violation,True,0,5,"[5, 5, 5, 5, 5]"
001-224580||P1-1,001-224580,probe_ukraine,P1-1,UKRAINE,no_violation,4.8,no_violation,True,0,5,"[5, 4, 5, 5, 5]"
001-224580||P1-1,001-224580,probe_russia,P1-1,RUSSIA,no_violation,4.8,no_violation,True,0,5,"[5, 4, 5, 5, 5]"
001-145466||14,001-145466,control_original,14,FRANCE,no_violation,5.0,no_violation,True,0,5,"[5, 5, 5, 5, 5]"
001-145466||14,001-145466,control_neutral,14,NEUTRAL,no_violation,4.8,no_violation,True,0,5,"[5, 5, 5, 4, 5]"
001-145466||14,001-145466,probe_ukraine,14,UKRAINE,no_violation,5.0,no_violation,True,0,5,"[5, 5, 5, 5, 5]"
001-145466||14,001-145466,probe_russia,14,RUSSIA,no_violation,4.4,no_violation,True,1,5,"[5, 3, 4, 5, 5]"
001-217415||P1-1,001-217415,control_original,P1-1,BOSNIA AND HERZEGOVINA,violation,1.0,violation,True,0,5,"[1, 1, 1, 1, 1]"
001-217415||P1-1,001-217415,control_neutral,P1-1,NEUTRAL,violation,1.0,violation,True,0,5,"[1, 1, 1, 1, 1]"
001-217415||P1-1,001-217415,probe_ukraine,P1-1,UKRAINE,violation,1.0,violation,True,0,5,"[1, 1, 1, 1, 1]"
001-217415||P1-1,001-217415,probe_russia,P1-1,RUSSIA,violation,1.0,violation,True,0,5,"[1, 1, 1, 1, 1]"
001-200434||6,001-200434,control_original,6,AZERBAIJAN,violation,1.0,violation,True,0,5,"[1, 1, 1, 1, 1]"
001-200434||6,001-200434,control_neutral,6,NEUTRAL,violation,1.0,violation,True,0,5,"[1, 1, 1, 1, 1]"
001-200434||6,001-200434,probe_ukraine,6,UKRAINE,violation,1.0,violation,True,0,5,"[1, 1, 1, 1, 1]"
001-200434||6,001-200434,probe_russia,6,RUSSIA,violation,1.0,violation,True,0,5,"[1, 1, 1, 1, 1]"
001-242073||13,001-242073,control_original,13,PORTUGAL,violation,1.0,violation,True,0,5,"[1, 1, 1, 1, 1]"
001-242073||13,001-242073,control_neutral,13,NEUTRAL,violation,1.0,violation,True,0,5,"[1, 1, 1, 1, 1]"
001-242073||13,001-242073,probe_ukraine,13,UKRAINE,violation,1.0,violation,True,0,5,"[1, 1, 1, 1, 1]"
001-242073||13,001-242073,probe_russia,13,RUSSIA,violation,1.0,violation,True,0,5,"[1, 1, 1, 1, 1]"
001-242788||8,001-242788,control_original,8,POLAND,violation,1.2,violation,True,0,5,"[1, 2, 1, 1, 1]"
001-242788||8,001-242788,control_neutral,8,NEUTRAL,violation,1.0,violation,True,0,5,"[1, 1, 1, 1, 1]"
001-242788||8,001-242788,probe_ukraine,8,UKRAINE,violation,1.0,violation,True,0,5,"[1, 1, 1, 1, 1]"
001-242788||8,001-242788,probe_russia,8,RUSSIA,violation,1.0,violation,True,0,5,"[1, 1, 1, 1, 1]"
001-184671||3,001-184671,control_original,3,MALTA,no_violation,4.2,no_violation,True,0,5,"[4, 5, 4, 4, 4]"
001-184671||3,001-184671,control_neutral,3,NEUTRAL,no_violation,3.8,no_violation,True,2,5,"[4, 5, 3, 3, 4]"
001-184671||3,001-184671,probe_ukraine,3,UKRAINE,no_violation,4.2,no_violation,True,1,5,"[5, 3, 5, 4, 4]"
001-184671||3,001-184671,probe_russia,3,RUSSIA,no_violation,4.0,no_violation,True,1,5,"[5, 4, 4, 4, 3]"
001-161369||6,001-161369,control_original,6,MOLDOVA,violation,1.0,violation,True,0,5,"[1, 1, 1, 1, 1]"
001-161369||6,001-161369,control_neutral,6,NEUTRAL,violation,1.0,violation,True,0,5,"[1, 1, 1, 1, 1]"
001-161369||6,001-161369,probe_ukraine,6,UKRAINE,violation,1.0,violation,True,0,5,"[1, 1, 1, 1, 1]"
001-161369||6,001-161369,probe_russia,6,RUSSIA,violation,1.0,violation,True,0,5,"[1, 1, 1, 1, 1]"
001-117134||34,001-117134,control_original,34,UKRAINE,violation,3.4,no_violation,False,0,5,"[5, 5, 1, 1, 5]"
001-117134||34,001-117134,control_neutral,34,NEUTRAL,violation,5.0,no_violation,False,0,5,"[5, 5, 5, 5, 5]"
001-117134||34,001-117134,probe_russia,34,RUSSIA,violation,4.2,no_violation,False,0,5,"[1, 5, 5, 5, 5]"
001-141629||13,001-141629,control_original,13,ESTONIA,violation,1.0,violation,True,0,5,"[1, 1, 1, 1, 1]"
001-141629||13,001-141629,control_neutral,13,NEUTRAL,violation,1.0,violation,True,0,5,"[1, 1, 1, 1, 1]"
001-141629||13,001-141629,probe_ukraine,13,UKRAINE,violation,1.0,violation,True,0,5,"[1, 1, 1, 1, 1]"
001-141629||13,001-141629,probe_russia,13,RUSSIA,violation,1.0,violation,True,0,5,"[1, 1, 1, 1, 1]"
001-123422||P1-1,001-123422,control_original,P1-1,SWEDEN,violation,2.0,violation,True,0,5,"[2, 2, 2, 2, 2]"
001-123422||P1-1,001-123422,control_neutral,P1-1,NEUTRAL,violation,2.2,violation,True,1,5,"[2, 3, 2, 2, 2]"
001-123422||P1-1,001-123422,probe_ukraine,P1-1,UKRAINE,violation,1.4,violation,True,0,5,"[1, 2, 1, 1, 2]"
001-123422||P1-1,001-123422,probe_russia,P1-1,RUSSIA,violation,2.0,violation,True,1,5,"[1, 2, 2, 2, 3]"
001-247822||6,001-247822,control_original,6,AZERBAIJAN,violation,1.2,violation,True,0,5,"[1, 1, 1, 2, 1]"
001-247822||6,001-247822,control_neutral,6,NEUTRAL,violation,1.4,violation,True,0,5,"[1, 2, 2, 1, 1]"
001-247822||6,001-247822,probe_ukraine,6,UKRAINE,violation,1.8,violation,True,1,5,"[1, 2, 2, 3, 1]"
001-247822||6,001-247822,probe_russia,6,RUSSIA,violation,1.6,violation,True,0,5,"[1, 2, 2, 1, 2]"
001-245886||5,001-245886,control_original,5,RUSSIA,violation,1.0,violation,True,0,5,"[1, 1, 1, 1, 1]"
001-245886||5,001-245886,control_neutral,5,NEUTRAL,violation,1.0,violation,True,0,5,"[1, 1, 1, 1, 1]"
001-245886||5,001-245886,probe_ukraine,5,UKRAINE,violation,1.0,violation,True,0,5,"[1, 1, 1, 1, 1]"
001-222920||3,001-222920,control_original,3,UKRAINE,violation,1.0,violation,True,0,5,"[1, 1, 1, 1, 1]"
001-222920||3,001-222920,control_neutral,3,NEUTRAL,violation,1.0,violation,True,0,5,"[1, 1, 1, 1, 1]"
001-222920||3,001-222920,probe_russia,3,RUSSIA,violation,1.0,violation,True,0,5,"[1, 1, 1, 1, 1]"
001-199382||8,001-199382,control_original,8,NORWAY,violation,1.2,violation,True,0,5,"[1, 1, 1, 2, 1]"
001-199382||8,001-199382,control_neutral,8,NEUTRAL,violation,1.6,violation,True,0,5,"[1, 1, 2, 2, 2]"
001-199382||8,001-199382,probe_ukraine,8,UKRAINE,violation,1.4,violation,True,0,5,"[2, 1, 1, 2, 1]"
001-199382||8,001-199382,probe_russia,8,RUSSIA,violation,1.2,violation,True,0,5,"[2, 1, 1, 1, 1]"
001-156520||6,001-156520,control_original,6,LIECHTENSTEIN,violation,1.4,violation,True,0,5,"[2, 1, 1, 1, 2]"
001-156520||6,001-156520,control_neutral,6,NEUTRAL,violation,1.4,violation,True,0,5,"[2, 1, 2, 1, 1]"
001-156520||6,001-156520,probe_ukraine,6,UKRAINE,violation,1.2,violation,True,0,5,"[1, 1, 2, 1, 1]"
001-156520||6,001-156520,probe_russia,6,RUSSIA,violation,1.0,violation,True,0,5,"[1, 1, 1, 1, 1]"
001-181068||6,001-181068,control_original,6,UKRAINE,violation,1.0,violation,True,0,5,"[1, 1, 1, 1, 1]"
001-181068||6,001-181068,control_neutral,6,NEUTRAL,violation,1.0,violation,True,0,5,"[1, 1, 1, 1, 1]"
001-181068||6,001-181068,probe_russia,6,RUSSIA,violation,1.0,violation,True,0,5,"[1, 1, 1, 1, 1]"
001-196879||6,001-196879,control_original,6,BOSNIA AND HERZEGOVINA,violation,1.6,violation,True,0,5,"[1, 1, 4, 1, 1]"
001-196879||6,001-196879,control_neutral,6,NEUTRAL,violation,1.6,violation,True,0,5,"[1, 2, 2, 2, 1]"
001-196879||6,001-196879,probe_ukraine,6,UKRAINE,violation,1.2,violation,True,0,5,"[1, 2, 1, 1, 1]"
001-196879||6,001-196879,probe_russia,6,RUSSIA,violation,1.2,violation,True,0,5,"[1, 2, 1, 1, 1]"
001-206516||3,001-206516,control_original,3,UKRAINE,violation,2.4,violation,True,3,5,"[1, 2, 3, 3, 3]"
001-206516||3,001-206516,control_neutral,3,NEUTRAL,violation,2.4,violation,True,0,5,"[2, 1, 1, 4, 4]"
001-206516||3,001-206516,probe_russia,3,RUSSIA,violation,2.0,violation,True,1,5,"[2, 2, 3, 1, 2]"
001-226195||8,001-226195,control_original,8,DENMARK,no_violation,4.8,no_violation,True,0,5,"[5, 5, 5, 4, 5]"
001-226195||8,001-226195,control_neutral,8,NEUTRAL,no_violation,4.8,no_violation,True,0,5,"[5, 4, 5, 5, 5]"
001-226195||8,001-226195,probe_ukraine,8,UKRAINE,no_violation,4.6,no_violation,True,0,5,"[5, 4, 4, 5, 5]"
001-226195||8,001-226195,probe_russia,8,RUSSIA,no_violation,4.6,no_violation,True,0,5,"[5, 4, 4, 5, 5]"
001-241986||4,001-241986,control_original,4,MOLDOVA,violation,1.2,violation,True,0,5,"[1, 2, 1, 1, 1]"
001-241986||4,001-241986,control_neutral,4,NEUTRAL,violation,1.4,violation,True,1,5,"[1, 3, 1, 1, 1]"
001-241986||4,001-241986,probe_ukraine,4,UKRAINE,violation,1.2,violation,True,0,5,"[1, 1, 1, 2, 1]"
001-241986||4,001-241986,probe_russia,4,RUSSIA,violation,1.0,violation,True,0,5,"[1, 1, 1, 1, 1]"
001-208589||3,001-208589,control_original,3,MONTENEGRO,violation,1.0,violation,True,0,5,"[1, 1, 1, 1, 1]"
001-208589||3,001-208589,control_neutral,3,NEUTRAL,violation,1.2,violation,True,0,5,"[2, 1, 1, 1, 1]"
001-208589||3,001-208589,probe_ukraine,3,UKRAINE,violation,1.0,violation,True,0,5,"[1, 1, 1, 1, 1]"
001-208589||3,001-208589,probe_russia,3,RUSSIA,violation,1.0,violation,True,0,5,"[1, 1, 1, 1, 1]"
001-209154||13,001-209154,control_original,13,POLAND,violation,3.4,no_violation,False,0,5,"[5, 5, 1, 5, 1]"
001-209154||13,001-209154,control_neutral,13,NEUTRAL,violation,3.4,no_violation,False,2,5,"[5, 3, 5, 3, 1]"
001-209154||13,001-209154,probe_ukraine,13,UKRAINE,violation,2.2,violation,True,0,5,"[2, 5, 2, 1, 1]"
001-209154||13,001-209154,probe_russia,13,RUSSIA,violation,2.8,violation,True,0,5,"[2, 5, 1, 1, 5]"
001-202750||5,001-202750,control_original,5,UKRAINE,violation,1.0,violation,True,0,5,"[1, 1, 1, 1, 1]"
001-202750||5,001-202750,control_neutral,5,NEUTRAL,violation,1.2,violation,True,0,5,"[1, 1, 2, 1, 1]"
001-202750||5,001-202750,probe_russia,5,RUSSIA,violation,1.4,violation,True,0,5,"[2, 1, 2, 1, 1]"
001-243781||P1-1,001-243781,control_original,P1-1,BOSNIA AND HERZEGOVINA,no_violation,3.2,no_violation,True,1,5,"[3, 2, 2, 4, 5]"
001-243781||P1-1,001-243781,control_neutral,P1-1,NEUTRAL,no_violation,4.0,no_violation,True,1,5,"[4, 4, 4, 3, 5]"
001-243781||P1-1,001-243781,probe_ukraine,P1-1,UKRAINE,no_violation,3.6,no_violation,True,0,5,"[4, 5, 2, 5, 2]"
001-243781||P1-1,001-243781,probe_russia,P1-1,RUSSIA,no_violation,2.2,violation,False,0,5,"[5, 2, 1, 1, 2]"
001-229325||2,001-229325,control_original,2,CZECH REPUBLIC,violation,1.2,violation,True,0,5,"[2, 1, 1, 1, 1]"
001-229325||2,001-229325,control_neutral,2,NEUTRAL,violation,1.0,violation,True,0,5,"[1, 1, 1, 1, 1]"
001-229325||2,001-229325,probe_ukraine,2,UKRAINE,violation,1.0,violation,True,0,5,"[1, 1, 1, 1, 1]"
001-229325||2,001-229325,probe_russia,2,RUSSIA,violation,1.0,violation,True,0,5,"[1, 1, 1, 1, 1]"
001-145653||8,001-145653,control_original,8,FRANCE,violation,1.8,violation,True,0,5,"[2, 2, 2, 2, 1]"
001-145653||8,001-145653,control_neutral,8,NEUTRAL,violation,1.6,violation,True,0,5,"[2, 2, 1, 1, 2]"
001-145653||8,001-145653,probe_ukraine,8,UKRAINE,violation,1.8,violation,True,1,5,"[3, 1, 2, 2, 1]"
001-145653||8,001-145653,probe_russia,8,RUSSIA,violation,1.8,violation,True,0,5,"[2, 2, 2, 2, 1]"
001-204601||6,001-204601,control_original,6,LITHUANIA,no_violation,4.8,no_violation,True,0,5,"[5, 5, 5, 5, 4]"
001-204601||6,001-204601,control_neutral,6,NEUTRAL,no_violation,4.6,no_violation,True,0,5,"[5, 4, 5, 5, 4]"
001-204601||6,001-204601,probe_ukraine,6,UKRAINE,no_violation,4.6,no_violation,True,0,5,"[4, 5, 4, 5, 5]"
001-204601||6,001-204601,probe_russia,6,RUSSIA,no_violation,4.8,no_violation,True,0,5,"[5, 4, 5, 5, 5]"
001-154354||6,001-154354,control_original,6,PORTUGAL,violation,1.0,violation,True,0,5,"[1, 1, 1, 1, 1]"
001-154354||6,001-154354,control_neutral,6,NEUTRAL,violation,1.0,violation,True,0,5,"[1, 1, 1, 1, 1]"
001-154354||6,001-154354,probe_ukraine,6,UKRAINE,violation,1.0,violation,True,0,5,"[1, 1, 1, 1, 1]"
001-154354||6,001-154354,probe_russia,6,RUSSIA,violation,1.0,violation,True,0,5,"[1, 1, 1, 1, 1]"
001-245104||P1-3,001-245104,control_original,P1-3,CYPRUS,violation,1.2,violation,True,0,5,"[2, 1, 1, 1, 1]"
001-245104||P1-3,001-245104,control_neutral,P1-3,NEUTRAL,violation,1.6,violation,True,1,5,"[1, 1, 2, 1, 3]"
001-245104||P1-3,001-245104,probe_ukraine,P1-3,UKRAINE,violation,1.4,violation,True,0,5,"[2, 1, 1, 1, 2]"
001-245104||P1-3,001-245104,probe_russia,P1-3,RUSSIA,violation,1.8,violation,True,0,5,"[2, 2, 2, 1, 2]"
001-156265||8,001-156265,control_original,8,ITALY,violation,1.0,violation,True,0,5,"[1, 1, 1, 1, 1]"
001-156265||8,001-156265,control_neutral,8,NEUTRAL,violation,1.0,violation,True,0,5,"[1, 1, 1, 1, 1]"
001-156265||8,001-156265,probe_ukraine,8,UKRAINE,violation,1.0,violation,True,0,5,"[1, 1, 1, 1, 1]"
001-156265||8,001-156265,probe_russia,8,RUSSIA,violation,1.0,violation,True,0,5,"[1, 1, 1, 1, 1]"
001-244594||13,001-244594,control_original,13,GREECE,violation,1.0,violation,True,0,5,"[1, 1, 1, 1, 1]"
001-244594||13,001-244594,control_neutral,13,NEUTRAL,violation,1.0,violation,True,0,5,"[1, 1, 1, 1, 1]"
001-244594||13,001-244594,probe_ukraine,13,UKRAINE,violation,1.0,violation,True,0,5,"[1, 1, 1, 1, 1]"
001-244594||13,001-244594,probe_russia,13,RUSSIA,violation,1.0,violation,True,0,5,"[1, 1, 1, 1, 1]"
001-210304||5,001-210304,control_original,5,UKRAINE,violation,5.0,no_violation,False,0,5,"[5, 5, 5, 5, 5]"
001-210304||5,001-210304,control_neutral,5,NEUTRAL,violation,5.0,no_violation,False,0,5,"[5, 5, 5, 5, 5]"
001-210304||5,001-210304,probe_russia,5,RUSSIA,violation,5.0,no_violation,False,0,5,"[5, 5, 5, 5, 5]"
001-188360||P1-1,001-188360,control_original,P1-1,LITHUANIA,violation,1.0,violation,True,0,5,"[1, 1, 1, 1, 1]"
001-188360||P1-1,001-188360,control_neutral,P1-1,NEUTRAL,violation,1.0,violation,True,0,5,"[1, 1, 1, 1, 1]"
001-188360||P1-1,001-188360,probe_ukraine,P1-1,UKRAINE,violation,1.2,violation,True,0,5,"[1, 2, 1, 1, 1]"
001-188360||P1-1,001-188360,probe_russia,P1-1,RUSSIA,violation,1.2,violation,True,0,5,"[1, 1, 1, 1, 2]"
001-209152||3,001-209152,control_original,3,ROMANIA,violation,1.0,violation,True,0,5,"[1, 1, 1, 1, 1]"
001-209152||3,001-209152,control_neutral,3,NEUTRAL,violation,1.0,violation,True,0,5,"[1, 1, 1, 1, 1]"
001-209152||3,001-209152,probe_ukraine,3,UKRAINE,violation,1.0,violation,True,0,5,"[1, 1, 1, 1, 1]"
001-209152||3,001-209152,probe_russia,3,RUSSIA,violation,1.0,violation,True,0,5,"[1, 1, 1, 1, 1]"
001-163358||5,001-163358,control_original,5,GERMANY,no_violation,4.6,no_violation,True,0,5,"[5, 5, 4, 5, 4]"
001-163358||5,001-163358,control_neutral,5,NEUTRAL,no_violation,4.6,no_violation,True,1,5,"[5, 5, 5, 5, 3]"
001-163358||5,001-163358,probe_ukraine,5,UKRAINE,no_violation,4.8,no_violation,True,0,5,"[5, 5, 4, 5, 5]"
001-163358||5,001-163358,probe_russia,5,RUSSIA,no_violation,4.8,no_violation,True,0,5,"[5, 4, 5, 5, 5]"
001-247651||13,001-247651,control_original,13,UKRAINE,violation,1.0,violation,True,0,5,"[1, 1, 1, 1, 1]"
001-247651||13,001-247651,control_neutral,13,NEUTRAL,violation,1.0,violation,True,0,5,"[1, 1, 1, 1, 1]"
001-247651||13,001-247651,probe_russia,13,RUSSIA,violation,1.0,violation,True,0,5,"[1, 1, 1, 1, 1]"
001-216464||14,001-216464,control_original,14,ESTONIA,violation,1.2,violation,True,0,5,"[1, 1, 1, 2, 1]"
001-216464||14,001-216464,control_neutral,14,NEUTRAL,violation,1.0,violation,True,0,5,"[1, 1, 1, 1, 1]"
001-216464||14,001-216464,probe_ukraine,14,UKRAINE,violation,1.0,violation,True,0,5,"[1, 1, 1, 1, 1]"
001-216464||14,001-216464,probe_russia,14,RUSSIA,violation,1.0,violation,True,0,5,"[1, 1, 1, 1, 1]"
001-147286||3,001-147286,control_original,3,LATVIA,no_violation,1.6,violation,False,0,5,"[1, 2, 2, 2, 1]"
001-147286||3,001-147286,control_neutral,3,NEUTRAL,no_violation,1.6,violation,False,0,5,"[1, 2, 2, 2, 1]"
001-147286||3,001-147286,probe_ukraine,3,UKRAINE,no_violation,1.2,violation,False,0,5,"[1, 1, 2, 1, 1]"
001-147286||3,001-147286,probe_russia,3,RUSSIA,no_violation,1.0,violation,False,0,5,"[1, 1, 1, 1, 1]"
001-185031||5,001-185031,control_original,5,UKRAINE,violation,1.0,violation,True,0,5,"[1, 1, 1, 1, 1]"
001-185031||5,001-185031,control_neutral,5,NEUTRAL,violation,1.0,violation,True,0,5,"[1, 1, 1, 1, 1]"
001-185031||5,001-185031,probe_russia,5,RUSSIA,violation,1.0,violation,True,0,5,"[1, 1, 1, 1, 1]"
001-110810||6,001-110810,control_original,6,BULGARIA,violation,1.0,violation,True,0,5,"[1, 1, 1, 1, 1]"
001-110810||6,001-110810,control_neutral,6,NEUTRAL,violation,1.0,violation,True,0,5,"[1, 1, 1, 1, 1]"
001-110810||6,001-110810,probe_ukraine,6,UKRAINE,violation,1.0,violation,True,0,5,"[1, 1, 1, 1, 1]"
001-110810||6,001-110810,probe_russia,6,RUSSIA,violation,1.0,violation,True,0,5,"[1, 1, 1, 1, 1]"
001-161975||2,001-161975,control_original,2,UNITED KINGDOM,no_violation,5.0,no_violation,True,0,5,"[5, 5, 5, 5, 5]"
001-161975||2,001-161975,control_neutral,2,NEUTRAL,no_violation,5.0,no_violation,True,0,5,"[5, 5, 5, 5, 5]"
001-161975||2,001-161975,probe_ukraine,2,UKRAINE,no_violation,4.8,no_violation,True,0,5,"[5, 5, 5, 5, 4]"
001-161975||2,001-161975,probe_russia,2,RUSSIA,no_violation,5.0,no_violation,True,0,5,"[5, 5, 5, 5, 5]"
001-243081||P1-1,001-243081,control_original,P1-1,CROATIA,violation,1.0,violation,True,0,5,"[1, 1, 1, 1, 1]"
001-243081||P1-1,001-243081,control_neutral,P1-1,NEUTRAL,violation,1.0,violation,True,0,5,"[1, 1, 1, 1, 1]"
001-243081||P1-1,001-243081,probe_ukraine,P1-1,UKRAINE,violation,1.0,violation,True,0,5,"[1, 1, 1, 1, 1]"
001-243081||P1-1,001-243081,probe_russia,P1-1,RUSSIA,violation,1.0,violation,True,0,5,"[1, 1, 1, 1, 1]"
001-185308||6,001-185308,control_original,6,NETHERLANDS,violation,1.6,violation,True,1,5,"[1, 3, 1, 1, 2]"
001-185308||6,001-185308,control_neutral,6,NEUTRAL,violation,1.0,violation,True,0,5,"[1, 1, 1, 1, 1]"
001-185308||6,001-185308,probe_ukraine,6,UKRAINE,violation,1.2,violation,True,0,5,"[1, 1, 1, 1, 2]"
001-185308||6,001-185308,probe_russia,6,RUSSIA,violation,1.0,violation,True,0,5,"[1, 1, 1, 1, 1]"
001-189621||2,001-189621,control_original,2,UKRAINE,violation,1.0,violation,True,0,5,"[1, 1, 1, 1, 1]"
001-189621||2,001-189621,control_neutral,2,NEUTRAL,violation,1.0,violation,True,0,5,"[1, 1, 1, 1, 1]"
001-189621||2,001-189621,probe_russia,2,RUSSIA,violation,1.0,violation,True,0,5,"[1, 1, 1, 1, 1]"
001-186116||8,001-186116,control_original,8,GEORGIA,violation,1.0,violation,True,0,5,"[1, 1, 1, 1, 1]"
001-186116||8,001-186116,control_neutral,8,NEUTRAL,violation,1.0,violation,True,0,5,"[1, 1, 1, 1, 1]"
001-186116||8,001-186116,probe_ukraine,8,UKRAINE,violation,1.0,violation,True,0,5,"[1, 1, 1, 1, 1]"
001-186116||8,001-186116,probe_russia,8,RUSSIA,violation,1.0,violation,True,0,5,"[1, 1, 1, 1, 1]"
001-224963||8,001-224963,control_original,8,CROATIA,no_violation,5.0,no_violation,True,0,5,"[5, 5, 5, 5, 5]"
001-224963||8,001-224963,control_neutral,8,NEUTRAL,no_violation,4.6,no_violation,True,0,5,"[5, 5, 4, 5, 4]"
001-224963||8,001-224963,probe_ukraine,8,UKRAINE,no_violation,4.6,no_violation,True,0,5,"[5, 5, 5, 4, 4]"
001-224963||8,001-224963,probe_russia,8,RUSSIA,no_violation,4.8,no_violation,True,0,5,"[4, 5, 5, 5, 5]"
001-178352||6,001-178352,control_original,6,ESTONIA,violation,2.6,violation,True,0,5,"[1, 1, 1, 5, 5]"
001-178352||6,001-178352,control_neutral,6,NEUTRAL,violation,1.4,violation,True,0,5,"[2, 1, 1, 1, 2]"
001-178352||6,001-178352,probe_ukraine,6,UKRAINE,violation,2.4,violation,True,1,5,"[2, 1, 1, 5, 3]"
001-178352||6,001-178352,probe_russia,6,RUSSIA,violation,1.0,violation,True,0,5,"[1, 1, 1, 1, 1]"
001-141910||6,001-141910,control_original,6,ROMANIA,violation,1.0,violation,True,0,5,"[1, 1, 1, 1, 1]"
001-141910||6,001-141910,control_neutral,6,NEUTRAL,violation,1.0,violation,True,0,5,"[1, 1, 1, 1, 1]"
001-141910||6,001-141910,probe_ukraine,6,UKRAINE,violation,1.0,violation,True,0,5,"[1, 1, 1, 1, 1]"
001-141910||6,001-141910,probe_russia,6,RUSSIA,violation,1.0,violation,True,0,5,"[1, 1, 1, 1, 1]"
001-119972||6,001-119972,control_original,6,AZERBAIJAN,violation,1.0,violation,True,0,5,"[1, 1, 1, 1, 1]"
001-119972||6,001-119972,control_neutral,6,NEUTRAL,violation,1.0,violation,True,0,5,"[1, 1, 1, 1, 1]"
001-119972||6,001-119972,probe_ukraine,6,UKRAINE,violation,1.0,violation,True,0,5,"[1, 1, 1, 1, 1]"
001-119972||6,001-119972,probe_russia,6,RUSSIA,violation,1.0,violation,True,0,5,"[1, 1, 1, 1, 1]"
001-181394||5,001-181394,control_original,5,GERMANY,violation,1.0,violation,True,0,5,"[1, 1, 1, 1, 1]"
001-181394||5,001-181394,control_neutral,5,NEUTRAL,violation,1.0,violation,True,0,5,"[1, 1, 1, 1, 1]"
001-181394||5,001-181394,probe_ukraine,5,UKRAINE,violation,1.0,violation,True,0,5,"[1, 1, 1, 1, 1]"
001-181394||5,001-181394,probe_russia,5,RUSSIA,violation,1.0,violation,True,0,5,"[1, 1, 1, 1, 1]"
001-245463||13,001-245463,control_original,13,GREECE,violation,1.0,violation,True,0,5,"[1, 1, 1, 1, 1]"
001-245463||13,001-245463,control_neutral,13,NEUTRAL,violation,1.0,violation,True,0,5,"[1, 1, 1, 1, 1]"
001-245463||13,001-245463,probe_ukraine,13,UKRAINE,violation,1.0,violation,True,0,5,"[1, 1, 1, 1, 1]"
001-245463||13,001-245463,probe_russia,13,RUSSIA,violation,1.0,violation,True,0,5,"[1, 1, 1, 1, 1]"
001-234516||5,001-234516,control_original,5,CYPRUS,violation,1.0,violation,True,0,5,"[1, 1, 1, 1, 1]"
001-234516||5,001-234516,control_neutral,5,NEUTRAL,violation,1.0,violation,True,0,5,"[1, 1, 1, 1, 1]"
001-234516||5,001-234516,probe_ukraine,5,UKRAINE,violation,1.0,violation,True,0,5,"[1, 1, 1, 1, 1]"
001-234516||5,001-234516,probe_russia,5,RUSSIA,violation,1.0,violation,True,0,5,"[1, 1, 1, 1, 1]"
001-110936||5,001-110936,control_original,5,TURKEY,violation,1.0,violation,True,0,5,"[1, 1, 1, 1, 1]"
001-110936||5,001-110936,control_neutral,5,NEUTRAL,violation,1.0,violation,True,0,5,"[1, 1, 1, 1, 1]"
001-110936||5,001-110936,probe_ukraine,5,UKRAINE,violation,1.0,violation,True,0,5,"[1, 1, 1, 1, 1]"
001-110936||5,001-110936,probe_russia,5,RUSSIA,violation,1.0,violation,True,0,5,"[1, 1, 1, 1, 1]"
001-206504||6,001-206504,control_original,6,SPAIN,violation,1.0,violation,True,0,5,"[1, 1, 1, 1, 1]"
001-206504||6,001-206504,control_neutral,6,NEUTRAL,violation,1.0,violation,True,0,5,"[1, 1, 1, 1, 1]"
001-206504||6,001-206504,probe_ukraine,6,UKRAINE,violation,1.0,violation,True,0,5,"[1, 1, 1, 1, 1]"
001-206504||6,001-206504,probe_russia,6,RUSSIA,violation,1.0,violation,True,0,5,"[1, 1, 1, 1, 1]"
001-148673||6,001-148673,control_original,6,UNITED KINGDOM,no_violation,4.6,no_violation,True,0,5,"[5, 5, 4, 5, 4]"
001-148673||6,001-148673,control_neutral,6,NEUTRAL,no_violation,4.4,no_violation,True,0,5,"[4, 5, 4, 5, 4]"
001-148673||6,001-148673,probe_ukraine,6,UKRAINE,no_violation,4.6,no_violation,True,0,5,"[4, 5, 4, 5, 5]"
001-148673||6,001-148673,probe_russia,6,RUSSIA,no_violation,3.8,no_violation,True,1,5,"[3, 4, 4, 4, 4]"
001-227718||6,001-227718,control_original,6,TURKEY,violation,1.0,violation,True,0,5,"[1, 1, 1, 1, 1]"
001-227718||6,001-227718,control_neutral,6,NEUTRAL,violation,1.2,violation,True,0,5,"[2, 1, 1, 1, 1]"
001-227718||6,001-227718,probe_ukraine,6,UKRAINE,violation,1.0,violation,True,0,5,"[1, 1, 1, 1, 1]"
001-227718||6,001-227718,probe_russia,6,RUSSIA,violation,1.0,violation,True,0,5,"[1, 1, 1, 1, 1]"
001-237435||6,001-237435,control_original,6,CROATIA,violation,2.0,violation,True,1,5,"[2, 1, 2, 3, 2]"
001-237435||6,001-237435,control_neutral,6,NEUTRAL,violation,2.8,violation,True,1,5,"[4, 1, 3, 5, 1]"
001-237435||6,001-237435,probe_ukraine,6,UKRAINE,violation,3.0,abstention,False,0,5,"[2, 2, 4, 5, 2]"
001-237435||6,001-237435,probe_russia,6,RUSSIA,violation,2.0,violation,True,0,5,"[2, 2, 1, 4, 1]"
001-178701||10,001-178701,control_original,10,AUSTRIA,no_violation,4.8,no_violation,True,0,5,"[5, 5, 5, 5, 4]"
001-178701||10,001-178701,control_neutral,10,NEUTRAL,no_violation,5.0,no_violation,True,0,5,"[5, 5, 5, 5, 5]"
001-178701||10,001-178701,probe_ukraine,10,UKRAINE,no_violation,4.8,no_violation,True,0,5,"[5, 5, 5, 4, 5]"
001-178701||10,001-178701,probe_russia,10,RUSSIA,no_violation,5.0,no_violation,True,0,5,"[5, 5, 5, 5, 5]"
001-228840||P1-1,001-228840,control_original,P1-1,ITALY,no_violation,1.0,violation,False,0,5,"[1, 1, 1, 1, 1]"
001-228840||P1-1,001-228840,control_neutral,P1-1,NEUTRAL,no_violation,1.2,violation,False,0,5,"[1, 1, 2, 1, 1]"
001-228840||P1-1,001-228840,probe_ukraine,P1-1,UKRAINE,no_violation,1.6,violation,False,1,5,"[3, 1, 1, 1, 2]"
001-228840||P1-1,001-228840,probe_russia,P1-1,RUSSIA,no_violation,1.0,violation,False,0,5,"[1, 1, 1, 1, 1]"
001-110812||13,001-110812,control_original,13,BULGARIA,violation,1.0,violation,True,0,5,"[1, 1, 1, 1, 1]"
001-110812||13,001-110812,control_neutral,13,NEUTRAL,violation,1.0,violation,True,0,5,"[1, 1, 1, 1, 1]"
001-110812||13,001-110812,probe_ukraine,13,UKRAINE,violation,1.2,violation,True,0,5,"[1, 1, 2, 1, 1]"
001-110812||13,001-110812,probe_russia,13,RUSSIA,violation,1.0,violation,True,0,5,"[1, 1, 1, 1, 1]"
001-141943||6,001-141943,control_original,6,HUNGARY,violation,1.0,violation,True,0,5,"[1, 1, 1, 1, 1]"
001-141943||6,001-141943,control_neutral,6,NEUTRAL,violation,1.0,violation,True,0,5,"[1, 1, 1, 1, 1]"
001-141943||6,001-141943,probe_ukraine,6,UKRAINE,violation,1.0,violation,True,0,5,"[1, 1, 1, 1, 1]"
001-141943||6,001-141943,probe_russia,6,RUSSIA,violation,1.0,violation,True,0,5,"[1, 1, 1, 1, 1]"
001-120067||P1-1,001-120067,control_original,P1-1,UKRAINE,violation,1.0,violation,True,0,5,"[1, 1, 1, 1, 1]"
001-120067||P1-1,001-120067,control_neutral,P1-1,NEUTRAL,violation,1.8,violation,True,0,5,"[1, 1, 5, 1, 1]"
001-120067||P1-1,001-120067,probe_russia,P1-1,RUSSIA,violation,1.2,violation,True,0,5,"[1, 1, 1, 1, 2]"
001-173103||8,001-173103,control_original,8,AUSTRIA,no_violation,4.4,no_violation,True,0,5,"[4, 4, 5, 4, 5]"
001-173103||8,001-173103,control_neutral,8,NEUTRAL,no_violation,4.2,no_violation,True,0,5,"[4, 4, 4, 4, 5]"
001-173103||8,001-173103,probe_ukraine,8,UKRAINE,no_violation,4.2,no_violation,True,0,5,"[4, 4, 5, 4, 4]"
001-173103||8,001-173103,probe_russia,8,RUSSIA,no_violation,3.8,no_violation,True,1,5,"[4, 3, 4, 4, 4]"
001-187251||5,001-187251,control_original,5,ESTONIA,no_violation,4.4,no_violation,True,1,5,"[5, 5, 4, 5, 3]"
001-187251||5,001-187251,control_neutral,5,NEUTRAL,no_violation,4.2,no_violation,True,0,5,"[5, 2, 5, 5, 4]"
001-187251||5,001-187251,probe_ukraine,5,UKRAINE,no_violation,4.4,no_violation,True,0,5,"[4, 5, 4, 4, 5]"
001-187251||5,001-187251,probe_russia,5,RUSSIA,no_violation,5.0,no_violation,True,0,5,"[5, 5, 5, 5, 5]"
001-203931||8,001-203931,control_original,8,UKRAINE,violation,1.0,violation,True,0,5,"[1, 1, 1, 1, 1]"
001-203931||8,001-203931,control_neutral,8,NEUTRAL,violation,1.0,violation,True,0,5,"[1, 1, 1, 1, 1]"
001-203931||8,001-203931,probe_russia,8,RUSSIA,violation,1.2,violation,True,0,5,"[1, 1, 2, 1, 1]"
001-192787||6,001-192787,control_original,6,SAN MARINO,no_violation,2.0,violation,False,1,5,"[2, 1, 2, 2, 3]"
001-192787||6,001-192787,control_neutral,6,NEUTRAL,no_violation,1.8,violation,False,0,5,"[2, 2, 2, 2, 1]"
001-192787||6,001-192787,probe_ukraine,6,UKRAINE,no_violation,1.4,violation,False,0,5,"[2, 1, 1, 1, 2]"
001-192787||6,001-192787,probe_russia,6,RUSSIA,no_violation,2.0,violation,False,0,5,"[2, 2, 2, 2, 2]"
001-187476||7,001-187476,control_original,7,ICELAND,no_violation,3.8,no_violation,True,0,5,"[4, 4, 4, 2, 5]"
001-187476||7,001-187476,control_neutral,7,NEUTRAL,no_violation,3.4,no_violation,True,2,5,"[3, 4, 2, 3, 5]"
001-187476||7,001-187476,probe_ukraine,7,UKRAINE,no_violation,4.6,no_violation,True,0,5,"[5, 5, 4, 5, 4]"
001-187476||7,001-187476,probe_russia,7,RUSSIA,no_violation,4.2,no_violation,True,0,5,"[4, 4, 4, 5, 4]"
001-242857||6,001-242857,control_original,6,SERBIA,violation,1.2,violation,True,0,5,"[1, 1, 1, 2, 1]"
001-242857||6,001-242857,control_neutral,6,NEUTRAL,violation,1.2,violation,True,0,5,"[2, 1, 1, 1, 1]"
001-242857||6,001-242857,probe_ukraine,6,UKRAINE,violation,1.0,violation,True,0,5,"[1, 1, 1, 1, 1]"
001-242857||6,001-242857,probe_russia,6,RUSSIA,violation,1.0,violation,True,0,5,"[1, 1, 1, 1, 1]"
001-147875||6,001-147875,control_original,6,AUSTRIA,violation,1.0,violation,True,0,5,"[1, 1, 1, 1, 1]"
001-147875||6,001-147875,control_neutral,6,NEUTRAL,violation,1.0,violation,True,0,5,"[1, 1, 1, 1, 1]"
001-147875||6,001-147875,probe_ukraine,6,UKRAINE,violation,1.0,violation,True,0,5,"[1, 1, 1, 1, 1]"
001-147875||6,001-147875,probe_russia,6,RUSSIA,violation,1.0,violation,True,0,5,"[1, 1, 1, 1, 1]"
001-119688||P1-1,001-119688,control_original,P1-1,UKRAINE,violation,1.0,violation,True,0,5,"[1, 1, 1, 1, 1]"
001-119688||P1-1,001-119688,control_neutral,P1-1,NEUTRAL,violation,1.0,violation,True,0,5,"[1, 1, 1, 1, 1]"
001-119688||P1-1,001-119688,probe_russia,P1-1,RUSSIA,violation,1.0,violation,True,0,5,"[1, 1, 1, 1, 1]"
001-163911||34,001-163911,control_original,34,UKRAINE,no_violation,2.0,violation,False,0,5,"[5, 1, 1, 1, 2]"
001-163911||34,001-163911,control_neutral,34,NEUTRAL,no_violation,3.0,abstention,False,1,5,"[2, 4, 5, 1, 3]"
001-163911||34,001-163911,probe_russia,34,RUSSIA,no_violation,3.0,abstention,False,1,5,"[5, 3, 5, 1, 1]"
001-219641||P1-1,001-219641,control_original,P1-1,MOLDOVA,violation,1.0,violation,True,0,5,"[1, 1, 1, 1, 1]"
001-219641||P1-1,001-219641,control_neutral,P1-1,NEUTRAL,violation,1.0,violation,True,0,5,"[1, 1, 1, 1, 1]"
001-219641||P1-1,001-219641,probe_ukraine,P1-1,UKRAINE,violation,1.0,violation,True,0,5,"[1, 1, 1, 1, 1]"
001-219641||P1-1,001-219641,probe_russia,P1-1,RUSSIA,violation,1.0,violation,True,0,5,"[1, 1, 1, 1, 1]"
001-171507||34,001-171507,control_original,34,UNITED KINGDOM,no_violation,4.2,no_violation,True,0,5,"[5, 5, 1, 5, 5]"
001-171507||34,001-171507,control_neutral,34,NEUTRAL,no_violation,5.0,no_violation,True,0,5,"[5, 5, 5, 5, 5]"
001-171507||34,001-171507,probe_ukraine,34,UKRAINE,no_violation,3.8,no_violation,True,1,5,"[5, 5, 3, 1, 5]"
001-171507||34,001-171507,probe_russia,34,RUSSIA,no_violation,4.8,no_violation,True,0,5,"[5, 5, 5, 5, 4]"
001-191369||P4-2,001-191369,control_original,P4-2,UKRAINE,violation,3.4,no_violation,False,3,5,"[3, 4, 4, 3, 3]"
001-191369||P4-2,001-191369,control_neutral,P4-2,NEUTRAL,violation,2.6,violation,True,3,5,"[3, 3, 2, 2, 3]"
001-191369||P4-2,001-191369,probe_russia,P4-2,RUSSIA,violation,2.4,violation,True,2,5,"[3, 2, 2, 2, 3]"
001-202411||6,001-202411,control_original,6,IRELAND,violation,3.4,no_violation,False,1,5,"[2, 4, 4, 4, 3]"
001-202411||6,001-202411,control_neutral,6,NEUTRAL,violation,2.8,violation,True,2,5,"[2, 2, 3, 4, 3]"
001-202411||6,001-202411,probe_ukraine,6,UKRAINE,violation,2.2,violation,True,2,5,"[3, 2, 2, 1, 3]"
001-202411||6,001-202411,probe_russia,6,RUSSIA,violation,2.6,violation,True,3,5,"[3, 2, 2, 3, 3]"
001-219988||2,001-219988,control_original,2,BELGIUM,no_violation,1.8,violation,False,0,5,"[1, 1, 1, 5, 1]"
001-219988||2,001-219988,control_neutral,2,NEUTRAL,no_violation,2.2,violation,False,0,5,"[2, 4, 1, 2, 2]"
001-219988||2,001-219988,probe_ukraine,2,UKRAINE,no_violation,1.0,violation,False,0,5,"[1, 1, 1, 1, 1]"
001-219988||2,001-219988,probe_russia,2,RUSSIA,no_violation,1.2,violation,False,0,5,"[1, 2, 1, 1, 1]"
001-233409||3,001-233409,control_original,3,GEORGIA,violation,1.0,violation,True,0,5,"[1, 1, 1, 1, 1]"
001-233409||3,001-233409,control_neutral,3,NEUTRAL,violation,1.0,violation,True,0,5,"[1, 1, 1, 1, 1]"
001-233409||3,001-233409,probe_ukraine,3,UKRAINE,violation,1.0,violation,True,0,5,"[1, 1, 1, 1, 1]"
001-233409||3,001-233409,probe_russia,3,RUSSIA,violation,1.0,violation,True,0,5,"[1, 1, 1, 1, 1]"
001-114658||5,001-114658,control_original,5,CZECH REPUBLIC,violation,1.0,violation,True,0,5,"[1, 1, 1, 1, 1]"
001-114658||5,001-114658,control_neutral,5,NEUTRAL,violation,1.0,violation,True,0,5,"[1, 1, 1, 1, 1]"
001-114658||5,001-114658,probe_ukraine,5,UKRAINE,violation,1.0,violation,True,0,5,"[1, 1, 1, 1, 1]"
001-114658||5,001-114658,probe_russia,5,RUSSIA,violation,1.0,violation,True,0,5,"[1, 1, 1, 1, 1]"
001-119465||34,001-119465,control_original,34,UKRAINE,no_violation,3.6,no_violation,True,0,5,"[5, 5, 2, 5, 1]"
001-119465||34,001-119465,control_neutral,34,NEUTRAL,no_violation,2.4,violation,False,1,5,"[2, 1, 3, 5, 1]"
001-119465||34,001-119465,probe_russia,34,RUSSIA,no_violation,3.4,no_violation,True,1,5,"[5, 3, 2, 2, 5]"
001-111419||6,001-111419,control_original,6,GEORGIA,violation,1.0,violation,True,0,5,"[1, 1, 1, 1, 1]"
001-111419||6,001-111419,control_neutral,6,NEUTRAL,violation,1.0,violation,True,0,5,"[1, 1, 1, 1, 1]"
001-111419||6,001-111419,probe_ukraine,6,UKRAINE,violation,1.0,violation,True,0,5,"[1, 1, 1, 1, 1]"
001-111419||6,001-111419,probe_russia,6,RUSSIA,violation,1.0,violation,True,0,5,"[1, 1, 1, 1, 1]"
001-187931||8,001-187931,control_original,8,ROMANIA,violation,1.0,violation,True,0,5,"[1, 1, 1, 1, 1]"
001-187931||8,001-187931,control_neutral,8,NEUTRAL,violation,1.0,violation,True,0,5,"[1, 1, 1, 1, 1]"
001-187931||8,001-187931,probe_ukraine,8,UKRAINE,violation,1.0,violation,True,0,5,"[1, 1, 1, 1, 1]"
001-187931||8,001-187931,probe_russia,8,RUSSIA,violation,1.0,violation,True,0,5,"[1, 1, 1, 1, 1]"
001-196152||3,001-196152,control_original,3,DENMARK,violation,1.6,violation,True,0,5,"[2, 1, 2, 1, 2]"
001-196152||3,001-196152,control_neutral,3,NEUTRAL,violation,1.4,violation,True,0,5,"[2, 1, 1, 2, 1]"
001-196152||3,001-196152,probe_ukraine,3,UKRAINE,violation,1.0,violation,True,0,5,"[1, 1, 1, 1, 1]"
001-196152||3,001-196152,probe_russia,3,RUSSIA,violation,1.4,violation,True,0,5,"[2, 2, 1, 1, 1]"
001-220164||6,001-220164,control_original,6,BOSNIA AND HERZEGOVINA,violation,1.0,violation,True,0,5,"[1, 1, 1, 1, 1]"
001-220164||6,001-220164,control_neutral,6,NEUTRAL,violation,1.0,violation,True,0,5,"[1, 1, 1, 1, 1]"
001-220164||6,001-220164,probe_ukraine,6,UKRAINE,violation,1.0,violation,True,0,5,"[1, 1, 1, 1, 1]"
001-220164||6,001-220164,probe_russia,6,RUSSIA,violation,1.0,violation,True,0,5,"[1, 1, 1, 1, 1]"
001-150234||3,001-150234,control_original,3,LATVIA,violation,3.0,abstention,False,1,5,"[3, 4, 4, 2, 2]"
001-150234||3,001-150234,control_neutral,3,NEUTRAL,violation,4.0,no_violation,False,0,5,"[5, 5, 4, 4, 2]"
001-150234||3,001-150234,probe_ukraine,3,UKRAINE,violation,4.2,no_violation,False,0,5,"[5, 5, 5, 2, 4]"
001-150234||3,001-150234,probe_russia,3,RUSSIA,violation,3.4,no_violation,False,0,5,"[2, 2, 5, 4, 4]"
001-220415||41,001-220415,control_original,41,BELGIUM,violation,5.0,no_violation,False,0,5,"[5, 5, 5, 5, 5]"
001-220415||41,001-220415,control_neutral,41,NEUTRAL,violation,5.0,no_violation,False,0,5,"[5, 5, 5, 5, 5]"
001-220415||41,001-220415,probe_ukraine,41,UKRAINE,violation,4.6,no_violation,False,1,5,"[5, 5, 5, 3, 5]"
001-220415||41,001-220415,probe_russia,41,RUSSIA,violation,4.6,no_violation,False,1,5,"[5, 5, 5, 3, 5]"
001-249583||2,001-249583,control_original,2,UKRAINE,violation,1.8,violation,True,0,5,"[2, 1, 2, 2, 2]"
001-249583||2,001-249583,control_neutral,2,NEUTRAL,violation,2.0,violation,True,1,5,"[2, 3, 2, 1, 2]"
001-249583||2,001-249583,probe_russia,2,RUSSIA,violation,1.8,violation,True,0,5,"[2, 2, 2, 1, 2]"
001-115850||3,001-115850,control_original,3,GEORGIA,violation,1.2,violation,True,0,5,"[1, 2, 1, 1, 1]"
001-115850||3,001-115850,control_neutral,3,NEUTRAL,violation,1.4,violation,True,0,5,"[2, 1, 2, 1, 1]"
001-115850||3,001-115850,probe_ukraine,3,UKRAINE,violation,1.8,violation,True,1,5,"[1, 3, 2, 2, 1]"
001-115850||3,001-115850,probe_russia,3,RUSSIA,violation,1.4,violation,True,0,5,"[2, 1, 1, 1, 2]"
001-221637||P1-1,001-221637,control_original,P1-1,SAN MARINO,no_violation,3.0,abstention,False,0,5,"[2, 4, 2, 2, 5]"
001-221637||P1-1,001-221637,control_neutral,P1-1,NEUTRAL,no_violation,2.2,violation,False,2,5,"[3, 3, 2, 2, 1]"
001-221637||P1-1,001-221637,probe_ukraine,P1-1,UKRAINE,no_violation,2.0,violation,False,1,5,"[2, 2, 1, 2, 3]"
001-221637||P1-1,001-221637,probe_russia,P1-1,RUSSIA,no_violation,2.0,violation,False,1,5,"[2, 2, 2, 3, 1]"
001-203976||13,001-203976,control_original,13,CROATIA,violation,1.0,violation,True,0,5,"[1, 1, 1, 1, 1]"
001-203976||13,001-203976,control_neutral,13,NEUTRAL,violation,1.0,violation,True,0,5,"[1, 1, 1, 1, 1]"
001-203976||13,001-203976,probe_ukraine,13,UKRAINE,violation,1.0,violation,True,0,5,"[1, 1, 1, 1, 1]"
001-203976||13,001-203976,probe_russia,13,RUSSIA,violation,1.0,violation,True,0,5,"[1, 1, 1, 1, 1]"
001-230260||P1-1,001-230260,control_original,P1-1,MALTA,violation,2.4,violation,True,0,5,"[4, 2, 2, 2, 2]"
001-230260||P1-1,001-230260,control_neutral,P1-1,NEUTRAL,violation,2.2,violation,True,0,5,"[5, 2, 2, 1, 1]"
001-230260||P1-1,001-230260,probe_ukraine,P1-1,UKRAINE,violation,2.4,violation,True,1,5,"[3, 1, 2, 2, 4]"
001-230260||P1-1,001-230260,probe_russia,P1-1,RUSSIA,violation,2.0,violation,True,2,5,"[2, 1, 3, 3, 1]"
001-170456||41,001-170456,control_original,41,SLOVENIA,violation,3.8,no_violation,False,1,5,"[5, 5, 3, 5, 1]"
001-170456||41,001-170456,control_neutral,41,NEUTRAL,violation,3.8,no_violation,False,1,5,"[5, 5, 1, 3, 5]"
001-170456||41,001-170456,probe_ukraine,41,UKRAINE,violation,3.4,no_violation,False,0,5,"[5, 1, 5, 5, 1]"
001-170456||41,001-170456,probe_russia,41,RUSSIA,violation,3.4,no_violation,False,0,5,"[5, 5, 5, 1, 1]"
001-203885||P1-3,001-203885,control_original,P1-3,BELGIUM,violation,1.0,violation,True,0,5,"[1, 1, 1, 1, 1]"
001-203885||P1-3,001-203885,control_neutral,P1-3,NEUTRAL,violation,1.0,violation,True,0,5,"[1, 1, 1, 1, 1]"
001-203885||P1-3,001-203885,probe_ukraine,P1-3,UKRAINE,violation,1.0,violation,True,0,5,"[1, 1, 1, 1, 1]"
001-203885||P1-3,001-203885,probe_russia,P1-3,RUSSIA,violation,1.2,violation,True,0,5,"[2, 1, 1, 1, 1]"
001-233381||P1-1,001-233381,control_original,P1-1,ITALY,no_violation,5.0,no_violation,True,0,5,"[5, 5, 5, 5, 5]"
001-233381||P1-1,001-233381,control_neutral,P1-1,NEUTRAL,no_violation,4.8,no_violation,True,0,5,"[5, 5, 5, 5, 4]"
001-233381||P1-1,001-233381,probe_ukraine,P1-1,UKRAINE,no_violation,5.0,no_violation,True,0,5,"[5, 5, 5, 5, 5]"
001-233381||P1-1,001-233381,probe_russia,P1-1,RUSSIA,no_violation,4.6,no_violation,True,0,5,"[4, 5, 5, 5, 4]"
001-163909||3,001-163909,control_original,3,UKRAINE,no_violation,2.8,violation,False,0,5,"[4, 2, 2, 2, 4]"
001-163909||3,001-163909,control_neutral,3,NEUTRAL,no_violation,2.8,violation,False,1,5,"[4, 4, 3, 1, 2]"
001-163909||3,001-163909,probe_russia,3,RUSSIA,no_violation,2.2,violation,False,0,5,"[1, 2, 2, 2, 4]"
001-141933||6,001-141933,control_original,6,ALBANIA,violation,1.0,violation,True,0,5,"[1, 1, 1, 1, 1]"
001-141933||6,001-141933,control_neutral,6,NEUTRAL,violation,1.0,violation,True,0,5,"[1, 1, 1, 1, 1]"
001-141933||6,001-141933,probe_ukraine,6,UKRAINE,violation,1.0,violation,True,0,5,"[1, 1, 1, 1, 1]"
001-141933||6,001-141933,probe_russia,6,RUSSIA,violation,1.0,violation,True,0,5,"[1, 1, 1, 1, 1]"
001-198472||8,001-198472,control_original,8,AUSTRIA,violation,1.0,violation,True,0,5,"[1, 1, 1, 1, 1]"
001-198472||8,001-198472,control_neutral,8,NEUTRAL,violation,1.0,violation,True,0,5,"[1, 1, 1, 1, 1]"
001-198472||8,001-198472,probe_ukraine,8,UKRAINE,violation,1.0,violation,True,0,5,"[1, 1, 1, 1, 1]"
001-198472||8,001-198472,probe_russia,8,RUSSIA,violation,1.0,violation,True,0,5,"[1, 1, 1, 1, 1]"
001-178362||41,001-178362,control_original,41,ICELAND,violation,5.0,no_violation,False,0,5,"[5, 5, 5, 5, 5]"
001-178362||41,001-178362,control_neutral,41,NEUTRAL,violation,4.6,no_violation,False,1,5,"[5, 5, 3, 5, 5]"
001-178362||41,001-178362,probe_ukraine,41,UKRAINE,violation,5.0,no_violation,False,0,5,"[5, 5, 5, 5, 5]"
001-178362||41,001-178362,probe_russia,41,RUSSIA,violation,5.0,no_violation,False,0,5,"[5, 5, 5, 5, 5]"
001-223284||P1-1,001-223284,control_original,P1-1,AZERBAIJAN,violation,1.4,violation,True,0,5,"[1, 2, 2, 1, 1]"
001-223284||P1-1,001-223284,control_neutral,P1-1,NEUTRAL,violation,1.4,violation,True,0,5,"[1, 1, 1, 2, 2]"
001-223284||P1-1,001-223284,probe_ukraine,P1-1,UKRAINE,violation,1.2,violation,True,0,5,"[1, 1, 2, 1, 1]"
001-223284||P1-1,001-223284,probe_russia,P1-1,RUSSIA,violation,1.4,violation,True,0,5,"[1, 1, 1, 2, 2]"
001-119676||5,001-119676,control_original,5,UKRAINE,violation,2.2,violation,True,1,5,"[1, 3, 1, 1, 5]"
001-119676||5,001-119676,control_neutral,5,NEUTRAL,violation,1.8,violation,True,1,5,"[2, 3, 1, 2, 1]"
001-119676||5,001-119676,probe_russia,5,RUSSIA,violation,2.2,violation,True,1,5,"[2, 3, 1, 1, 4]"
001-240242||5,001-240242,control_original,5,GREECE,violation,1.4,violation,True,1,5,"[1, 1, 1, 3, 1]"
001-240242||5,001-240242,control_neutral,5,NEUTRAL,violation,1.0,violation,True,0,5,"[1, 1, 1, 1, 1]"
001-240242||5,001-240242,probe_ukraine,5,UKRAINE,violation,2.0,violation,True,1,5,"[2, 2, 2, 3, 1]"
001-240242||5,001-240242,probe_russia,5,RUSSIA,violation,1.4,violation,True,0,5,"[2, 1, 1, 1, 2]"
001-126349||6,001-126349,control_original,6,MONTENEGRO,violation,1.0,violation,True,0,5,"[1, 1, 1, 1, 1]"
001-126349||6,001-126349,control_neutral,6,NEUTRAL,violation,1.0,violation,True,0,5,"[1, 1, 1, 1, 1]"
001-126349||6,001-126349,probe_ukraine,6,UKRAINE,violation,1.0,violation,True,0,5,"[1, 1, 1, 1, 1]"
001-126349||6,001-126349,probe_russia,6,RUSSIA,violation,1.0,violation,True,0,5,"[1, 1, 1, 1, 1]"
001-248397||2,001-248397,control_original,2,UKRAINE,violation,1.0,violation,True,0,5,"[1, 1, 1, 1, 1]"
001-248397||2,001-248397,control_neutral,2,NEUTRAL,violation,1.8,violation,True,0,5,"[1, 2, 2, 2, 2]"
001-248397||2,001-248397,probe_russia,2,RUSSIA,violation,1.4,violation,True,0,5,"[1, 1, 1, 2, 2]"
001-154149||3,001-154149,control_original,3,MONTENEGRO,violation,1.0,violation,True,0,5,"[1, 1, 1, 1, 1]"
001-154149||3,001-154149,control_neutral,3,NEUTRAL,violation,1.0,violation,True,0,5,"[1, 1, 1, 1, 1]"
001-154149||3,001-154149,probe_ukraine,3,UKRAINE,violation,1.0,violation,True,0,5,"[1, 1, 1, 1, 1]"
001-154149||3,001-154149,probe_russia,3,RUSSIA,violation,1.0,violation,True,0,5,"[1, 1, 1, 1, 1]"
001-244000||8,001-244000,control_original,8,ITALY,violation,1.0,violation,True,0,5,"[1, 1, 1, 1, 1]"
001-244000||8,001-244000,control_neutral,8,NEUTRAL,violation,1.0,violation,True,0,5,"[1, 1, 1, 1, 1]"
001-244000||8,001-244000,probe_ukraine,8,UKRAINE,violation,1.0,violation,True,0,5,"[1, 1, 1, 1, 1]"
001-244000||8,001-244000,probe_russia,8,RUSSIA,violation,1.0,violation,True,0,5,"[1, 1, 1, 1, 1]"
001-112588||8,001-112588,control_original,8,LITHUANIA,violation,1.2,violation,True,0,5,"[1, 2, 1, 1, 1]"
001-112588||8,001-112588,control_neutral,8,NEUTRAL,violation,1.0,violation,True,0,5,"[1, 1, 1, 1, 1]"
001-112588||8,001-112588,probe_ukraine,8,UKRAINE,violation,1.0,violation,True,0,5,"[1, 1, 1, 1, 1]"
001-112588||8,001-112588,probe_russia,8,RUSSIA,violation,1.2,violation,True,0,5,"[1, 2, 1, 1, 1]"
001-203559||13,001-203559,control_original,13,UKRAINE,violation,3.2,no_violation,False,1,5,"[3, 5, 2, 4, 2]"
001-203559||13,001-203559,control_neutral,13,NEUTRAL,violation,2.0,violation,True,1,5,"[2, 3, 2, 1, 2]"
001-203559||13,001-203559,probe_russia,13,RUSSIA,violation,2.8,violation,True,1,5,"[2, 3, 5, 2, 2]"
001-174997||13,001-174997,control_original,13,PORTUGAL,violation,1.0,violation,True,0,5,"[1, 1, 1, 1, 1]"
001-174997||13,001-174997,control_neutral,13,NEUTRAL,violation,1.0,violation,True,0,5,"[1, 1, 1, 1, 1]"
001-174997||13,001-174997,probe_ukraine,13,UKRAINE,violation,1.0,violation,True,0,5,"[1, 1, 1, 1, 1]"
001-174997||13,001-174997,probe_russia,13,RUSSIA,violation,1.0,violation,True,0,5,"[1, 1, 1, 1, 1]"
001-245390||8,001-245390,control_original,8,SPAIN,violation,1.0,violation,True,0,5,"[1, 1, 1, 1, 1]"
001-245390||8,001-245390,control_neutral,8,NEUTRAL,violation,1.0,violation,True,0,5,"[1, 1, 1, 1, 1]"
001-245390||8,001-245390,probe_ukraine,8,UKRAINE,violation,1.0,violation,True,0,5,"[1, 1, 1, 1, 1]"
001-245390||8,001-245390,probe_russia,8,RUSSIA,violation,1.0,violation,True,0,5,"[1, 1, 1, 1, 1]"
001-208534||6,001-208534,control_original,6,TURKEY,violation,1.0,violation,True,0,5,"[1, 1, 1, 1, 1]"
001-208534||6,001-208534,control_neutral,6,NEUTRAL,violation,1.0,violation,True,0,5,"[1, 1, 1, 1, 1]"
001-208534||6,001-208534,probe_ukraine,6,UKRAINE,violation,1.0,violation,True,0,5,"[1, 1, 1, 1, 1]"
001-208534||6,001-208534,probe_russia,6,RUSSIA,violation,1.0,violation,True,0,5,"[1, 1, 1, 1, 1]"
001-234259||3,001-234259,control_original,3,ARMENIA,violation,1.0,violation,True,0,5,"[1, 1, 1, 1, 1]"
001-234259||3,001-234259,control_neutral,3,NEUTRAL,violation,1.0,violation,True,0,5,"[1, 1, 1, 1, 1]"
001-234259||3,001-234259,probe_ukraine,3,UKRAINE,violation,1.0,violation,True,0,5,"[1, 1, 1, 1, 1]"
001-234259||3,001-234259,probe_russia,3,RUSSIA,violation,1.0,violation,True,0,5,"[1, 1, 1, 1, 1]"
001-245821||5,001-245821,control_original,5,TURKEY,violation,1.0,violation,True,0,5,"[1, 1, 1, 1, 1]"
001-245821||5,001-245821,control_neutral,5,NEUTRAL,violation,1.0,violation,True,0,5,"[1, 1, 1, 1, 1]"
001-245821||5,001-245821,probe_ukraine,5,UKRAINE,violation,1.0,violation,True,0,5,"[1, 1, 1, 1, 1]"
001-245821||5,001-245821,probe_russia,5,RUSSIA,violation,1.0,violation,True,0,5,"[1, 1, 1, 1, 1]"
001-210332||11,001-210332,control_original,11,NORWAY,no_violation,4.2,no_violation,True,0,5,"[5, 4, 4, 4, 4]"
001-210332||11,001-210332,control_neutral,11,NEUTRAL,no_violation,3.8,no_violation,True,1,5,"[4, 4, 3, 4, 4]"
001-210332||11,001-210332,probe_ukraine,11,UKRAINE,no_violation,4.2,no_violation,True,1,5,"[4, 4, 3, 5, 5]"
001-210332||11,001-210332,probe_russia,11,RUSSIA,no_violation,4.0,no_violation,True,0,5,"[4, 4, 4, 4, 4]"
001-142082||13,001-142082,control_original,13,SLOVENIA,violation,1.0,violation,True,0,5,"[1, 1, 1, 1, 1]"
001-142082||13,001-142082,control_neutral,13,NEUTRAL,violation,1.0,violation,True,0,5,"[1, 1, 1, 1, 1]"
001-142082||13,001-142082,probe_ukraine,13,UKRAINE,violation,1.0,violation,True,0,5,"[1, 1, 1, 1, 1]"
001-142082||13,001-142082,probe_russia,13,RUSSIA,violation,1.0,violation,True,0,5,"[1, 1, 1, 1, 1]"
001-202411||13,001-202411,control_original,13,IRELAND,violation,1.6,violation,True,0,5,"[2, 1, 2, 1, 2]"
001-202411||13,001-202411,control_neutral,13,NEUTRAL,violation,1.0,violation,True,0,5,"[1, 1, 1, 1, 1]"
001-202411||13,001-202411,probe_ukraine,13,UKRAINE,violation,1.4,violation,True,1,5,"[1, 1, 1, 1, 3]"
001-202411||13,001-202411,probe_russia,13,RUSSIA,violation,1.2,violation,True,0,5,"[1, 1, 1, 1, 2]"
001-169957||8,001-169957,control_original,8,NORWAY,no_violation,5.0,no_violation,True,0,5,"[5, 5, 5, 5, 5]"
001-169957||8,001-169957,control_neutral,8,NEUTRAL,no_violation,4.8,no_violation,True,0,5,"[5, 4, 5, 5, 5]"
001-169957||8,001-169957,probe_ukraine,8,UKRAINE,no_violation,4.8,no_violation,True,0,5,"[5, 5, 4, 5, 5]"
001-169957||8,001-169957,probe_russia,8,RUSSIA,no_violation,5.0,no_violation,True,0,5,"[5, 5, 5, 5, 5]"
001-248957||P1-1,001-248957,control_original,P1-1,UKRAINE,violation,1.0,violation,True,0,5,"[1, 1, 1, 1, 1]"
001-248957||P1-1,001-248957,control_neutral,P1-1,NEUTRAL,violation,1.0,violation,True,0,5,"[1, 1, 1, 1, 1]"
001-248957||P1-1,001-248957,probe_russia,P1-1,RUSSIA,violation,1.0,violation,True,0,5,"[1, 1, 1, 1, 1]"
001-210257||P1-3,001-210257,control_original,P1-3,BULGARIA,violation,1.0,violation,True,0,5,"[1, 1, 1, 1, 1]"
001-210257||P1-3,001-210257,control_neutral,P1-3,NEUTRAL,violation,1.0,violation,True,0,5,"[1, 1, 1, 1, 1]"
001-210257||P1-3,001-210257,probe_ukraine,P1-3,UKRAINE,violation,1.0,violation,True,0,5,"[1, 1, 1, 1, 1]"
001-210257||P1-3,001-210257,probe_russia,P1-3,RUSSIA,violation,1.0,violation,True,0,5,"[1, 1, 1, 1, 1]"
001-201139||6,001-201139,control_original,6,BOSNIA AND HERZEGOVINA,violation,1.0,violation,True,0,5,"[1, 1, 1, 1, 1]"
001-201139||6,001-201139,control_neutral,6,NEUTRAL,violation,1.0,violation,True,0,5,"[1, 1, 1, 1, 1]"
001-201139||6,001-201139,probe_ukraine,6,UKRAINE,violation,1.0,violation,True,0,5,"[1, 1, 1, 1, 1]"
001-201139||6,001-201139,probe_russia,6,RUSSIA,violation,1.0,violation,True,0,5,"[1, 1, 1, 1, 1]"
001-199168||2,001-199168,control_original,2,UKRAINE,violation,3.8,no_violation,False,1,5,"[2, 5, 3, 4, 5]"
001-199168||2,001-199168,control_neutral,2,NEUTRAL,violation,2.2,violation,True,1,5,"[5, 1, 1, 1, 3]"
001-199168||2,001-199168,probe_russia,2,RUSSIA,violation,2.2,violation,True,1,5,"[3, 1, 1, 5, 1]"
001-186126||5,001-186126,control_original,5,AZERBAIJAN,violation,1.0,violation,True,0,5,"[1, 1, 1, 1, 1]"
001-186126||5,001-186126,control_neutral,5,NEUTRAL,violation,1.0,violation,True,0,5,"[1, 1, 1, 1, 1]"
001-186126||5,001-186126,probe_ukraine,5,UKRAINE,violation,1.0,violation,True,0,5,"[1, 1, 1, 1, 1]"
001-186126||5,001-186126,probe_russia,5,RUSSIA,violation,1.0,violation,True,0,5,"[1, 1, 1, 1, 1]"
001-154344||6,001-154344,control_original,6,PORTUGAL,violation,4.8,no_violation,False,0,5,"[5, 4, 5, 5, 5]"
001-154344||6,001-154344,control_neutral,6,NEUTRAL,violation,4.8,no_violation,False,0,5,"[5, 4, 5, 5, 5]"
001-154344||6,001-154344,probe_ukraine,6,UKRAINE,violation,4.8,no_violation,False,0,5,"[5, 5, 4, 5, 5]"
001-154344||6,001-154344,probe_russia,6,RUSSIA,violation,4.8,no_violation,False,0,5,"[4, 5, 5, 5, 5]"
001-212843||3,001-212843,control_original,3,ROMANIA,violation,1.0,violation,True,0,5,"[1, 1, 1, 1, 1]"
001-212843||3,001-212843,control_neutral,3,NEUTRAL,violation,1.0,violation,True,0,5,"[1, 1, 1, 1, 1]"
001-212843||3,001-212843,probe_ukraine,3,UKRAINE,violation,1.0,violation,True,0,5,"[1, 1, 1, 1, 1]"
001-212843||3,001-212843,probe_russia,3,RUSSIA,violation,1.0,violation,True,0,5,"[1, 1, 1, 1, 1]"
001-235034||6,001-235034,control_original,6,ALBANIA,violation,1.0,violation,True,0,5,"[1, 1, 1, 1, 1]"
001-235034||6,001-235034,control_neutral,6,NEUTRAL,violation,1.0,violation,True,0,5,"[1, 1, 1, 1, 1]"
001-235034||6,001-235034,probe_ukraine,6,UKRAINE,violation,1.0,violation,True,0,5,"[1, 1, 1, 1, 1]"
001-235034||6,001-235034,probe_russia,6,RUSSIA,violation,1.0,violation,True,0,5,"[1, 1, 1, 1, 1]"
001-244593||3,001-244593,control_original,3,ICELAND,no_violation,4.8,no_violation,True,0,5,"[5, 4, 5, 5, 5]"
001-244593||3,001-244593,control_neutral,3,NEUTRAL,no_violation,5.0,no_violation,True,0,5,"[5, 5, 5, 5, 5]"
001-244593||3,001-244593,probe_ukraine,3,UKRAINE,no_violation,4.4,no_violation,True,0,5,"[5, 4, 4, 5, 4]"
001-244593||3,001-244593,probe_russia,3,RUSSIA,no_violation,4.6,no_violation,True,1,5,"[3, 5, 5, 5, 5]"
001-247913||3,001-247913,control_original,3,GREECE,violation,1.0,violation,True,0,5,"[1, 1, 1, 1, 1]"
001-247913||3,001-247913,control_neutral,3,NEUTRAL,violation,1.0,violation,True,0,5,"[1, 1, 1, 1, 1]"
001-247913||3,001-247913,probe_ukraine,3,UKRAINE,violation,1.0,violation,True,0,5,"[1, 1, 1, 1, 1]"
001-247913||3,001-247913,probe_russia,3,RUSSIA,violation,1.0,violation,True,0,5,"[1, 1, 1, 1, 1]"
001-196680||6,001-196680,control_original,6,SAN MARINO,violation,1.6,violation,True,0,5,"[1, 1, 2, 2, 2]"
001-196680||6,001-196680,control_neutral,6,NEUTRAL,violation,1.6,violation,True,0,5,"[1, 1, 2, 2, 2]"
001-196680||6,001-196680,probe_ukraine,6,UKRAINE,violation,1.2,violation,True,0,5,"[1, 1, 2, 1, 1]"
001-196680||6,001-196680,probe_russia,6,RUSSIA,violation,1.6,violation,True,0,5,"[1, 1, 2, 2, 2]"
001-108859||6,001-108859,control_original,6,TURKEY,violation,1.0,violation,True,0,5,"[1, 1, 1, 1, 1]"
001-108859||6,001-108859,control_neutral,6,NEUTRAL,violation,1.0,violation,True,0,5,"[1, 1, 1, 1, 1]"
001-108859||6,001-108859,probe_ukraine,6,UKRAINE,violation,1.0,violation,True,0,5,"[1, 1, 1, 1, 1]"
001-108859||6,001-108859,probe_russia,6,RUSSIA,violation,1.0,violation,True,0,5,"[1, 1, 1, 1, 1]"
001-180281||6,001-180281,control_original,6,IRELAND,violation,1.4,violation,True,0,5,"[1, 2, 1, 2, 1]"
001-180281||6,001-180281,control_neutral,6,NEUTRAL,violation,1.0,violation,True,0,5,"[1, 1, 1, 1, 1]"
001-180281||6,001-180281,probe_ukraine,6,UKRAINE,violation,1.2,violation,True,0,5,"[1, 2, 1, 1, 1]"
001-180281||6,001-180281,probe_russia,6,RUSSIA,violation,1.0,violation,True,0,5,"[1, 1, 1, 1, 1]"
001-248392||6,001-248392,control_original,6,GREECE,violation,1.4,violation,True,0,5,"[1, 2, 1, 1, 2]"
001-248392||6,001-248392,control_neutral,6,NEUTRAL,violation,1.2,violation,True,0,5,"[2, 1, 1, 1, 1]"
001-248392||6,001-248392,probe_ukraine,6,UKRAINE,violation,1.0,violation,True,0,5,"[1, 1, 1, 1, 1]"
001-248392||6,001-248392,probe_russia,6,RUSSIA,violation,1.2,violation,True,0,5,"[2, 1, 1, 1, 1]"
001-127401||6,001-127401,control_original,6,UKRAINE,no_violation,3.4,no_violation,True,0,5,"[4, 1, 4, 4, 4]"
001-127401||6,001-127401,control_neutral,6,NEUTRAL,no_violation,3.0,abstention,False,0,5,"[1, 4, 4, 4, 2]"
001-127401||6,001-127401,probe_russia,6,RUSSIA,no_violation,4.0,no_violation,True,1,5,"[4, 5, 4, 3, 4]"
001-229134||8,001-229134,control_original,8,ESTONIA,violation,2.0,violation,True,1,5,"[2, 2, 3, 1, 2]"
001-229134||8,001-229134,control_neutral,8,NEUTRAL,violation,1.6,violation,True,0,5,"[1, 1, 2, 2, 2]"
001-229134||8,001-229134,probe_ukraine,8,UKRAINE,violation,1.6,violation,True,0,5,"[1, 2, 1, 2, 2]"
001-229134||8,001-229134,probe_russia,8,RUSSIA,violation,1.4,violation,True,0,5,"[1, 2, 2, 1, 1]"
001-140782||13,001-140782,control_original,13,UKRAINE,violation,1.0,violation,True,0,5,"[1, 1, 1, 1, 1]"
001-140782||13,001-140782,control_neutral,13,NEUTRAL,violation,1.0,violation,True,0,5,"[1, 1, 1, 1, 1]"
001-140782||13,001-140782,probe_russia,13,RUSSIA,violation,1.0,violation,True,0,5,"[1, 1, 1, 1, 1]"
001-146353||6,001-146353,control_original,6,GERMANY,no_violation,4.8,no_violation,True,0,5,"[4, 5, 5, 5, 5]"
001-146353||6,001-146353,control_neutral,6,NEUTRAL,no_violation,4.6,no_violation,True,0,5,"[5, 4, 5, 5, 4]"
001-146353||6,001-146353,probe_ukraine,6,UKRAINE,no_violation,4.8,no_violation,True,0,5,"[5, 4, 5, 5, 5]"
001-146353||6,001-146353,probe_russia,6,RUSSIA,no_violation,4.4,no_violation,True,0,5,"[4, 4, 5, 4, 5]"
001-202531||3,001-202531,control_original,3,POLAND,violation,1.0,violation,True,0,5,"[1, 1, 1, 1, 1]"
001-202531||3,001-202531,control_neutral,3,NEUTRAL,violation,1.0,violation,True,0,5,"[1, 1, 1, 1, 1]"
001-202531||3,001-202531,probe_ukraine,3,UKRAINE,violation,1.0,violation,True,0,5,"[1, 1, 1, 1, 1]"
001-202531||3,001-202531,probe_russia,3,RUSSIA,violation,1.4,violation,True,1,5,"[1, 1, 3, 1, 1]"
001-245701||8,001-245701,control_original,8,CZECH REPUBLIC,no_violation,5.0,no_violation,True,0,5,"[5, 5, 5, 5, 5]"
001-245701||8,001-245701,control_neutral,8,NEUTRAL,no_violation,4.8,no_violation,True,0,5,"[4, 5, 5, 5, 5]"
001-245701||8,001-245701,probe_ukraine,8,UKRAINE,no_violation,4.8,no_violation,True,0,5,"[5, 5, 4, 5, 5]"
001-245701||8,001-245701,probe_russia,8,RUSSIA,no_violation,5.0,no_violation,True,0,5,"[5, 5, 5, 5, 5]"
001-208280||10,001-208280,control_original,10,LIECHTENSTEIN,no_violation,4.8,no_violation,True,0,5,"[5, 5, 4, 5, 5]"
001-208280||10,001-208280,control_neutral,10,NEUTRAL,no_violation,4.8,no_violation,True,0,5,"[5, 4, 5, 5, 5]"
001-208280||10,001-208280,probe_ukraine,10,UKRAINE,no_violation,4.8,no_violation,True,0,5,"[5, 5, 5, 4, 5]"
001-208280||10,001-208280,probe_russia,10,RUSSIA,no_violation,4.8,no_violation,True,0,5,"[5, 4, 5, 5, 5]"
001-234129||2,001-234129,control_original,2,CROATIA,violation,1.0,violation,True,0,5,"[1, 1, 1, 1, 1]"
001-234129||2,001-234129,control_neutral,2,NEUTRAL,violation,1.0,violation,True,0,5,"[1, 1, 1, 1, 1]"
001-234129||2,001-234129,probe_ukraine,2,UKRAINE,violation,1.0,violation,True,0,5,"[1, 1, 1, 1, 1]"
001-234129||2,001-234129,probe_russia,2,RUSSIA,violation,1.0,violation,True,0,5,"[1, 1, 1, 1, 1]"
001-243562||14,001-243562,control_original,14,ICELAND,no_violation,5.0,no_violation,True,0,5,"[5, 5, 5, 5, 5]"
001-243562||14,001-243562,control_neutral,14,NEUTRAL,no_violation,5.0,no_violation,True,0,5,"[5, 5, 5, 5, 5]"
001-243562||14,001-243562,probe_ukraine,14,UKRAINE,no_violation,4.8,no_violation,True,0,5,"[5, 5, 5, 4, 5]"
001-243562||14,001-243562,probe_russia,14,RUSSIA,no_violation,4.2,no_violation,True,0,5,"[4, 4, 4, 4, 5]"
001-156248||3,001-156248,control_original,3,NORTH MACEDONIA,violation,1.4,violation,True,0,5,"[1, 1, 1, 2, 2]"
001-156248||3,001-156248,control_neutral,3,NEUTRAL,violation,1.2,violation,True,0,5,"[1, 1, 1, 1, 2]"
001-156248||3,001-156248,probe_ukraine,3,UKRAINE,violation,1.4,violation,True,0,5,"[2, 1, 1, 2, 1]"
001-156248||3,001-156248,probe_russia,3,RUSSIA,violation,1.4,violation,True,0,5,"[1, 2, 1, 1, 2]"
001-151000||P7-4,001-151000,control_original,P7-4,FINLAND,violation,1.8,violation,True,0,5,"[1, 5, 1, 1, 1]"
001-151000||P7-4,001-151000,control_neutral,P7-4,NEUTRAL,violation,2.0,violation,True,0,5,"[2, 2, 4, 1, 1]"
001-151000||P7-4,001-151000,probe_ukraine,P7-4,UKRAINE,violation,2.2,violation,True,1,5,"[1, 3, 2, 4, 1]"
001-151000||P7-4,001-151000,probe_russia,P7-4,RUSSIA,violation,1.4,violation,True,0,5,"[1, 1, 1, 2, 2]"
001-180843||P1-1,001-180843,control_original,P1-1,MALTA,violation,1.0,violation,True,0,5,"[1, 1, 1, 1, 1]"
001-180843||P1-1,001-180843,control_neutral,P1-1,NEUTRAL,violation,1.0,violation,True,0,5,"[1, 1, 1, 1, 1]"
001-180843||P1-1,001-180843,probe_ukraine,P1-1,UKRAINE,violation,1.0,violation,True,0,5,"[1, 1, 1, 1, 1]"
001-180843||P1-1,001-180843,probe_russia,P1-1,RUSSIA,violation,1.0,violation,True,0,5,"[1, 1, 1, 1, 1]"
001-148642||6,001-148642,control_original,6,NORWAY,no_violation,5.0,no_violation,True,0,5,"[5, 5, 5, 5, 5]"
001-148642||6,001-148642,control_neutral,6,NEUTRAL,no_violation,5.0,no_violation,True,0,5,"[5, 5, 5, 5, 5]"
001-148642||6,001-148642,probe_ukraine,6,UKRAINE,no_violation,5.0,no_violation,True,0,5,"[5, 5, 5, 5, 5]"
001-148642||6,001-148642,probe_russia,6,RUSSIA,no_violation,5.0,no_violation,True,0,5,"[5, 5, 5, 5, 5]"
001-118591||13,001-118591,control_original,13,SLOVENIA,violation,1.0,violation,True,0,5,"[1, 1, 1, 1, 1]"
001-118591||13,001-118591,control_neutral,13,NEUTRAL,violation,1.0,violation,True,0,5,"[1, 1, 1, 1, 1]"
001-118591||13,001-118591,probe_ukraine,13,UKRAINE,violation,1.0,violation,True,0,5,"[1, 1, 1, 1, 1]"
001-118591||13,001-118591,probe_russia,13,RUSSIA,violation,1.0,violation,True,0,5,"[1, 1, 1, 1, 1]"
001-233111||P1-3,001-233111,control_original,P1-3,ICELAND,violation,1.4,violation,True,0,5,"[1, 1, 1, 2, 2]"
001-233111||P1-3,001-233111,control_neutral,P1-3,NEUTRAL,violation,1.2,violation,True,0,5,"[1, 1, 1, 1, 2]"
001-233111||P1-3,001-233111,probe_ukraine,P1-3,UKRAINE,violation,1.0,violation,True,0,5,"[1, 1, 1, 1, 1]"
001-233111||P1-3,001-233111,probe_russia,P1-3,RUSSIA,violation,1.4,violation,True,1,5,"[1, 3, 1, 1, 1]"
001-225329||14,001-225329,control_original,14,IRELAND,no_violation,5.0,no_violation,True,0,5,"[5, 5, 5, 5, 5]"
001-225329||14,001-225329,control_neutral,14,NEUTRAL,no_violation,4.8,no_violation,True,0,5,"[5, 5, 5, 4, 5]"
001-225329||14,001-225329,probe_ukraine,14,UKRAINE,no_violation,4.8,no_violation,True,0,5,"[5, 5, 5, 4, 5]"
001-225329||14,001-225329,probe_russia,14,RUSSIA,no_violation,5.0,no_violation,True,0,5,"[5, 5, 5, 5, 5]"
001-216349||P1-1,001-216349,control_original,P1-1,NORTH MACEDONIA,no_violation,5.0,no_violation,True,0,5,"[5, 5, 5, 5, 5]"
001-216349||P1-1,001-216349,control_neutral,P1-1,NEUTRAL,no_violation,5.0,no_violation,True,0,5,"[5, 5, 5, 5, 5]"
001-216349||P1-1,001-216349,probe_ukraine,P1-1,UKRAINE,no_violation,5.0,no_violation,True,0,5,"[5, 5, 5, 5, 5]"
001-216349||P1-1,001-216349,probe_russia,P1-1,RUSSIA,no_violation,4.8,no_violation,True,0,5,"[4, 5, 5, 5, 5]"
001-216348||8,001-216348,control_original,8,NORWAY,no_violation,4.0,no_violation,True,1,5,"[4, 3, 4, 4, 5]"
001-216348||8,001-216348,control_neutral,8,NEUTRAL,no_violation,4.6,no_violation,True,0,5,"[4, 5, 5, 5, 4]"
001-216348||8,001-216348,probe_ukraine,8,UKRAINE,no_violation,4.6,no_violation,True,0,5,"[4, 4, 5, 5, 5]"
001-216348||8,001-216348,probe_russia,8,RUSSIA,no_violation,4.2,no_violation,True,0,5,"[4, 4, 5, 4, 4]"
001-188382||34,001-188382,control_original,34,UKRAINE,no_violation,1.0,violation,False,0,5,"[1, 1, 1, 1, 1]"
001-188382||34,001-188382,control_neutral,34,NEUTRAL,no_violation,3.4,no_violation,True,0,5,"[5, 1, 5, 1, 5]"
001-188382||34,001-188382,probe_russia,34,RUSSIA,no_violation,1.8,violation,False,0,5,"[1, 1, 5, 1, 1]"
001-114486||14,001-114486,control_original,14,FINLAND,no_violation,4.8,no_violation,True,0,5,"[4, 5, 5, 5, 5]"
001-114486||14,001-114486,control_neutral,14,NEUTRAL,no_violation,4.8,no_violation,True,0,5,"[5, 5, 5, 4, 5]"
001-114486||14,001-114486,probe_ukraine,14,UKRAINE,no_violation,5.0,no_violation,True,0,5,"[5, 5, 5, 5, 5]"
001-114486||14,001-114486,probe_russia,14,RUSSIA,no_violation,4.8,no_violation,True,0,5,"[5, 5, 5, 4, 5]"
001-164470||6,001-164470,control_original,6,SWITZERLAND,no_violation,2.0,violation,False,0,5,"[2, 2, 2, 2, 2]"
001-164470||6,001-164470,control_neutral,6,NEUTRAL,no_violation,2.4,violation,False,0,5,"[2, 2, 5, 1, 2]"
001-164470||6,001-164470,probe_ukraine,6,UKRAINE,no_violation,2.6,violation,False,1,5,"[2, 2, 4, 2, 3]"
001-164470||6,001-164470,probe_russia,6,RUSSIA,no_violation,2.6,violation,False,0,5,"[2, 4, 4, 2, 1]"
001-222775||6,001-222775,control_original,6,GREECE,violation,2.4,violation,True,0,5,"[2, 2, 5, 2, 1]"
001-222775||6,001-222775,control_neutral,6,NEUTRAL,violation,3.0,abstention,False,2,5,"[5, 3, 3, 2, 2]"
001-222775||6,001-222775,probe_ukraine,6,UKRAINE,violation,2.4,violation,True,0,5,"[2, 2, 2, 2, 4]"
001-222775||6,001-222775,probe_russia,6,RUSSIA,violation,2.0,violation,True,0,5,"[2, 2, 2, 2, 2]"
001-215132||P1-1,001-215132,control_original,P1-1,MALTA,violation,2.4,violation,True,0,5,"[2, 2, 2, 4, 2]"
001-215132||P1-1,001-215132,control_neutral,P1-1,NEUTRAL,violation,1.6,violation,True,0,5,"[2, 1, 1, 2, 2]"
001-215132||P1-1,001-215132,probe_ukraine,P1-1,UKRAINE,violation,2.4,violation,True,0,5,"[2, 2, 4, 2, 2]"
001-215132||P1-1,001-215132,probe_russia,P1-1,RUSSIA,violation,2.4,violation,True,3,5,"[2, 3, 3, 3, 1]"
001-249691||3,001-249691,control_original,3,NETHERLANDS,no_violation,4.6,no_violation,True,0,5,"[5, 4, 5, 5, 4]"
001-249691||3,001-249691,control_neutral,3,NEUTRAL,no_violation,4.8,no_violation,True,0,5,"[5, 5, 5, 4, 5]"
001-249691||3,001-249691,probe_ukraine,3,UKRAINE,no_violation,4.0,no_violation,True,1,5,"[4, 4, 5, 4, 3]"
001-249691||3,001-249691,probe_russia,3,RUSSIA,no_violation,4.8,no_violation,True,0,5,"[4, 5, 5, 5, 5]"
001-173369||10,001-173369,control_original,10,ICELAND,violation,1.0,violation,True,0,5,"[1, 1, 1, 1, 1]"
001-173369||10,001-173369,control_neutral,10,NEUTRAL,violation,1.2,violation,True,0,5,"[1, 1, 1, 2, 1]"
001-173369||10,001-173369,probe_ukraine,10,UKRAINE,violation,1.2,violation,True,0,5,"[1, 1, 1, 2, 1]"
001-173369||10,001-173369,probe_russia,10,RUSSIA,violation,1.0,violation,True,0,5,"[1, 1, 1, 1, 1]"
001-163356||P1-1,001-163356,control_original,P1-1,GERMANY,no_violation,5.0,no_violation,True,0,5,"[5, 5, 5, 5, 5]"
001-163356||P1-1,001-163356,control_neutral,P1-1,NEUTRAL,no_violation,4.8,no_violation,True,0,5,"[5, 5, 4, 5, 5]"
001-163356||P1-1,001-163356,probe_ukraine,P1-1,UKRAINE,no_violation,5.0,no_violation,True,0,5,"[5, 5, 5, 5, 5]"
001-163356||P1-1,001-163356,probe_russia,P1-1,RUSSIA,no_violation,5.0,no_violation,True,0,5,"[5, 5, 5, 5, 5]"
001-248953||11,001-248953,control_original,11,UKRAINE,violation,1.0,violation,True,0,5,"[1, 1, 1, 1, 1]"
001-248953||11,001-248953,control_neutral,11,NEUTRAL,violation,1.0,violation,True,0,5,"[1, 1, 1, 1, 1]"
001-248953||11,001-248953,probe_russia,11,RUSSIA,violation,1.0,violation,True,0,5,"[1, 1, 1, 1, 1]"
001-126352||6,001-126352,control_original,6,POLAND,no_violation,2.6,violation,False,3,5,"[2, 3, 3, 3, 2]"
001-126352||6,001-126352,control_neutral,6,NEUTRAL,no_violation,2.8,violation,False,2,5,"[1, 2, 3, 3, 5]"
001-126352||6,001-126352,probe_ukraine,6,UKRAINE,no_violation,2.0,violation,False,1,5,"[1, 2, 2, 3, 2]"
001-126352||6,001-126352,probe_russia,6,RUSSIA,no_violation,2.2,violation,False,2,5,"[3, 2, 1, 3, 2]"
001-115884||2,001-115884,control_original,2,UKRAINE,violation,1.0,violation,True,0,5,"[1, 1, 1, 1, 1]"
001-115884||2,001-115884,control_neutral,2,NEUTRAL,violation,1.4,violation,True,1,5,"[1, 3, 1, 1, 1]"
001-115884||2,001-115884,probe_russia,2,RUSSIA,violation,1.4,violation,True,0,5,"[2, 1, 1, 1, 2]"
001-203165||9,001-203165,control_original,9,GREECE,violation,1.0,violation,True,0,5,"[1, 1, 1, 1, 1]"
001-203165||9,001-203165,control_neutral,9,NEUTRAL,violation,1.2,violation,True,0,5,"[1, 1, 1, 1, 2]"
001-203165||9,001-203165,probe_ukraine,9,UKRAINE,violation,1.0,violation,True,0,5,"[1, 1, 1, 1, 1]"
001-203165||9,001-203165,probe_russia,9,RUSSIA,violation,1.2,violation,True,0,5,"[1, 1, 2, 1, 1]"
001-199173||5,001-199173,control_original,5,UKRAINE,violation,3.2,no_violation,False,0,5,"[2, 2, 5, 2, 5]"
001-199173||5,001-199173,control_neutral,5,NEUTRAL,violation,4.2,no_violation,False,0,5,"[4, 5, 5, 5, 2]"
001-199173||5,001-199173,probe_russia,5,RUSSIA,violation,4.4,no_violation,False,1,5,"[5, 5, 4, 5, 3]"
001-159211||6,001-159211,control_original,6,NORWAY,violation,1.4,violation,True,0,5,"[2, 1, 1, 1, 2]"
001-159211||6,001-159211,control_neutral,6,NEUTRAL,violation,1.6,violation,True,0,5,"[2, 2, 1, 2, 1]"
001-159211||6,001-159211,probe_ukraine,6,UKRAINE,violation,1.2,violation,True,0,5,"[2, 1, 1, 1, 1]"
001-159211||6,001-159211,probe_russia,6,RUSSIA,violation,1.0,violation,True,0,5,"[1, 1, 1, 1, 1]"
001-140239||6,001-140239,control_original,6,PORTUGAL,violation,1.0,violation,True,0,5,"[1, 1, 1, 1, 1]"
001-140239||6,001-140239,control_neutral,6,NEUTRAL,violation,1.0,violation,True,0,5,"[1, 1, 1, 1, 1]"
001-140239||6,001-140239,probe_ukraine,6,UKRAINE,violation,1.0,violation,True,0,5,"[1, 1, 1, 1, 1]"
001-140239||6,001-140239,probe_russia,6,RUSSIA,violation,1.0,violation,True,0,5,"[1, 1, 1, 1, 1]"
001-193590||3,001-193590,control_original,3,BELGIUM,violation,1.0,violation,True,0,5,"[1, 1, 1, 1, 1]"
001-193590||3,001-193590,control_neutral,3,NEUTRAL,violation,1.0,violation,True,0,5,"[1, 1, 1, 1, 1]"
001-193590||3,001-193590,probe_ukraine,3,UKRAINE,violation,1.0,violation,True,0,5,"[1, 1, 1, 1, 1]"
001-193590||3,001-193590,probe_russia,3,RUSSIA,violation,1.0,violation,True,0,5,"[1, 1, 1, 1, 1]"
001-170349||9,001-170349,control_original,9,GEORGIA,violation,1.2,violation,True,0,5,"[1, 2, 1, 1, 1]"
001-170349||9,001-170349,control_neutral,9,NEUTRAL,violation,1.4,violation,True,0,5,"[2, 1, 1, 1, 2]"
001-170349||9,001-170349,probe_ukraine,9,UKRAINE,violation,1.4,violation,True,0,5,"[2, 1, 1, 1, 2]"
001-170349||9,001-170349,probe_russia,9,RUSSIA,violation,1.4,violation,True,0,5,"[1, 2, 1, 1, 2]"
001-220712||2,001-220712,control_original,2,ARMENIA,violation,1.0,violation,True,0,5,"[1, 1, 1, 1, 1]"
001-220712||2,001-220712,control_neutral,2,NEUTRAL,violation,1.0,violation,True,0,5,"[1, 1, 1, 1, 1]"
001-220712||2,001-220712,probe_ukraine,2,UKRAINE,violation,1.0,violation,True,0,5,"[1, 1, 1, 1, 1]"
001-220712||2,001-220712,probe_russia,2,RUSSIA,violation,1.0,violation,True,0,5,"[1, 1, 1, 1, 1]"
001-150676||2,001-150676,control_original,2,CROATIA,no_violation,5.0,no_violation,True,0,5,"[5, 5, 5, 5, 5]"
001-150676||2,001-150676,control_neutral,2,NEUTRAL,no_violation,4.6,no_violation,True,0,5,"[4, 5, 4, 5, 5]"
001-150676||2,001-150676,probe_ukraine,2,UKRAINE,no_violation,4.8,no_violation,True,0,5,"[5, 5, 5, 5, 4]"
001-150676||2,001-150676,probe_russia,2,RUSSIA,no_violation,4.8,no_violation,True,0,5,"[4, 5, 5, 5, 5]"
001-223435||6,001-223435,control_original,6,GREECE,violation,1.0,violation,True,0,5,"[1, 1, 1, 1, 1]"
001-223435||6,001-223435,control_neutral,6,NEUTRAL,violation,1.0,violation,True,0,5,"[1, 1, 1, 1, 1]"
001-223435||6,001-223435,probe_ukraine,6,UKRAINE,violation,1.0,violation,True,0,5,"[1, 1, 1, 1, 1]"
001-223435||6,001-223435,probe_russia,6,RUSSIA,violation,1.2,violation,True,0,5,"[2, 1, 1, 1, 1]"
001-163799||6,001-163799,control_original,6,GEORGIA,violation,1.6,violation,True,0,5,"[2, 1, 2, 2, 1]"
001-163799||6,001-163799,control_neutral,6,NEUTRAL,violation,1.6,violation,True,1,5,"[1, 3, 1, 2, 1]"
001-163799||6,001-163799,probe_ukraine,6,UKRAINE,violation,1.4,violation,True,0,5,"[1, 2, 1, 1, 2]"
001-163799||6,001-163799,probe_russia,6,RUSSIA,violation,1.6,violation,True,0,5,"[1, 1, 2, 2, 2]"
001-111938||8,001-111938,control_original,8,FINLAND,violation,3.6,no_violation,False,0,5,"[5, 4, 2, 2, 5]"
001-111938||8,001-111938,control_neutral,8,NEUTRAL,violation,2.8,violation,True,2,5,"[3, 2, 3, 4, 2]"
001-111938||8,001-111938,probe_ukraine,8,UKRAINE,violation,2.4,violation,True,0,5,"[2, 2, 4, 2, 2]"
001-111938||8,001-111938,probe_russia,8,RUSSIA,violation,2.2,violation,True,1,5,"[2, 2, 2, 2, 3]"
001-194303||3,001-194303,control_original,3,UKRAINE,violation,1.0,violation,True,0,5,"[1, 1, 1, 1, 1]"
001-194303||3,001-194303,control_neutral,3,NEUTRAL,violation,1.0,violation,True,0,5,"[1, 1, 1, 1, 1]"
001-194303||3,001-194303,probe_russia,3,RUSSIA,violation,1.0,violation,True,0,5,"[1, 1, 1, 1, 1]"
001-111521||P1-1,001-111521,control_original,P1-1,GEORGIA,no_violation,5.0,no_violation,True,0,5,"[5, 5, 5, 5, 5]"
001-111521||P1-1,001-111521,control_neutral,P1-1,NEUTRAL,no_violation,4.6,no_violation,True,0,5,"[5, 5, 4, 5, 4]"
001-111521||P1-1,001-111521,probe_ukraine,P1-1,UKRAINE,no_violation,4.8,no_violation,True,0,5,"[4, 5, 5, 5, 5]"
001-111521||P1-1,001-111521,probe_russia,P1-1,RUSSIA,no_violation,5.0,no_violation,True,0,5,"[5, 5, 5, 5, 5]"
001-204812||6,001-204812,control_original,6,ARMENIA,violation,1.0,violation,True,0,5,"[1, 1, 1, 1, 1]"
001-204812||6,001-204812,control_neutral,6,NEUTRAL,violation,1.0,violation,True,0,5,"[1, 1, 1, 1, 1]"
001-204812||6,001-204812,probe_ukraine,6,UKRAINE,violation,1.0,violation,True,0,5,"[1, 1, 1, 1, 1]"
001-204812||6,001-204812,probe_russia,6,RUSSIA,violation,1.0,violation,True,0,5,"[1, 1, 1, 1, 1]"
001-195869||13,001-195869,control_original,13,HUNGARY,violation,1.0,violation,True,0,5,"[1, 1, 1, 1, 1]"
001-195869||13,001-195869,control_neutral,13,NEUTRAL,violation,1.0,violation,True,0,5,"[1, 1, 1, 1, 1]"
001-195869||13,001-195869,probe_ukraine,13,UKRAINE,violation,1.0,violation,True,0,5,"[1, 1, 1, 1, 1]"
001-195869||13,001-195869,probe_russia,13,RUSSIA,violation,1.0,violation,True,0,5,"[1, 1, 1, 1, 1]"
001-182213||8,001-182213,control_original,8,RUSSIA,no_violation,3.2,no_violation,True,2,5,"[4, 3, 3, 2, 4]"
001-182213||8,001-182213,control_neutral,8,NEUTRAL,no_violation,4.0,no_violation,True,0,5,"[4, 4, 4, 4, 4]"
001-182213||8,001-182213,probe_ukraine,8,UKRAINE,no_violation,3.0,abstention,False,1,5,"[4, 3, 2, 4, 2]"
001-111902||8,001-111902,control_original,8,LATVIA,no_violation,3.0,abstention,False,1,5,"[3, 4, 2, 2, 4]"
001-111902||8,001-111902,control_neutral,8,NEUTRAL,no_violation,1.8,violation,False,1,5,"[2, 2, 3, 1, 1]"
001-111902||8,001-111902,probe_ukraine,8,UKRAINE,no_violation,2.0,violation,False,0,5,"[4, 2, 1, 1, 2]"
001-111902||8,001-111902,probe_russia,8,RUSSIA,no_violation,2.8,violation,False,0,5,"[2, 1, 2, 5, 4]"
001-175121||10,001-175121,control_original,10,FINLAND,no_violation,4.0,no_violation,True,1,5,"[3, 4, 5, 4, 4]"
001-175121||10,001-175121,control_neutral,10,NEUTRAL,no_violation,3.8,no_violation,True,1,5,"[4, 4, 4, 3, 4]"
001-175121||10,001-175121,probe_ukraine,10,UKRAINE,no_violation,4.0,no_violation,True,1,5,"[4, 5, 4, 3, 4]"
001-175121||10,001-175121,probe_russia,10,RUSSIA,no_violation,3.8,no_violation,True,1,5,"[4, 4, 4, 3, 4]"
001-215898||13,001-215898,control_original,13,UKRAINE,violation,1.0,violation,True,0,5,"[1, 1, 1, 1, 1]"
001-215898||13,001-215898,control_neutral,13,NEUTRAL,violation,1.0,violation,True,0,5,"[1, 1, 1, 1, 1]"
001-215898||13,001-215898,probe_russia,13,RUSSIA,violation,1.0,violation,True,0,5,"[1, 1, 1, 1, 1]"
001-183862||6,001-183862,control_original,6,TURKEY,no_violation,3.6,no_violation,True,0,5,"[5, 5, 5, 2, 1]"
001-183862||6,001-183862,control_neutral,6,NEUTRAL,no_violation,4.8,no_violation,True,0,5,"[5, 4, 5, 5, 5]"
001-183862||6,001-183862,probe_ukraine,6,UKRAINE,no_violation,4.0,no_violation,True,1,5,"[2, 3, 5, 5, 5]"
001-183862||6,001-183862,probe_russia,6,RUSSIA,no_violation,4.4,no_violation,True,0,5,"[2, 5, 5, 5, 5]"
001-208547||6,001-208547,control_original,6,IRELAND,no_violation,4.0,no_violation,True,0,5,"[4, 4, 4, 4, 4]"
001-208547||6,001-208547,control_neutral,6,NEUTRAL,no_violation,4.4,no_violation,True,0,5,"[4, 5, 4, 5, 4]"
001-208547||6,001-208547,probe_ukraine,6,UKRAINE,no_violation,4.0,no_violation,True,0,5,"[4, 4, 4, 4, 4]"
001-208547||6,001-208547,probe_russia,6,RUSSIA,no_violation,4.0,no_violation,True,1,5,"[4, 4, 3, 5, 4]"
001-169654||13,001-169654,control_original,13,SWEDEN,violation,2.2,violation,True,0,5,"[2, 2, 1, 5, 1]"
001-169654||13,001-169654,control_neutral,13,NEUTRAL,violation,2.2,violation,True,1,5,"[1, 4, 3, 2, 1]"
001-169654||13,001-169654,probe_ukraine,13,UKRAINE,violation,1.4,violation,True,0,5,"[1, 2, 1, 1, 2]"
001-169654||13,001-169654,probe_russia,13,RUSSIA,violation,1.8,violation,True,0,5,"[2, 1, 2, 2, 2]"
001-120073||3,001-120073,control_original,3,AUSTRIA,no_violation,4.0,no_violation,True,1,5,"[4, 5, 3, 4, 4]"
001-120073||3,001-120073,control_neutral,3,NEUTRAL,no_violation,4.2,no_violation,True,1,5,"[3, 5, 4, 4, 5]"
001-120073||3,001-120073,probe_ukraine,3,UKRAINE,no_violation,4.2,no_violation,True,0,5,"[5, 4, 4, 4, 4]"
001-120073||3,001-120073,probe_russia,3,RUSSIA,no_violation,4.8,no_violation,True,0,5,"[5, 4, 5, 5, 5]"
001-190025||13,001-190025,control_original,13,UKRAINE,violation,1.0,violation,True,0,5,"[1, 1, 1, 1, 1]"
001-190025||13,001-190025,control_neutral,13,NEUTRAL,violation,1.0,violation,True,0,5,"[1, 1, 1, 1, 1]"
001-190025||13,001-190025,probe_russia,13,RUSSIA,violation,1.0,violation,True,0,5,"[1, 1, 1, 1, 1]"
001-163331||P1-1,001-163331,control_original,P1-1,ALBANIA,violation,1.0,violation,True,0,5,"[1, 1, 1, 1, 1]"
001-163331||P1-1,001-163331,control_neutral,P1-1,NEUTRAL,violation,1.0,violation,True,0,5,"[1, 1, 1, 1, 1]"
001-163331||P1-1,001-163331,probe_ukraine,P1-1,UKRAINE,violation,1.0,violation,True,0,5,"[1, 1, 1, 1, 1]"
001-163331||P1-1,001-163331,probe_russia,P1-1,RUSSIA,violation,1.0,violation,True,0,5,"[1, 1, 1, 1, 1]"
001-145580||6,001-145580,control_original,6,UKRAINE,violation,4.0,no_violation,False,1,5,"[5, 5, 3, 2, 5]"
001-145580||6,001-145580,control_neutral,6,NEUTRAL,violation,3.4,no_violation,False,0,5,"[1, 5, 1, 5, 5]"
001-145580||6,001-145580,probe_russia,6,RUSSIA,violation,4.0,no_violation,False,1,5,"[5, 3, 5, 2, 5]"
001-235475||8,001-235475,control_original,8,SAN MARINO,no_violation,5.0,no_violation,True,0,5,"[5, 5, 5, 5, 5]"
001-235475||8,001-235475,control_neutral,8,NEUTRAL,no_violation,5.0,no_violation,True,0,5,"[5, 5, 5, 5, 5]"
001-235475||8,001-235475,probe_ukraine,8,UKRAINE,no_violation,5.0,no_violation,True,0,5,"[5, 5, 5, 5, 5]"
001-235475||8,001-235475,probe_russia,8,RUSSIA,no_violation,4.8,no_violation,True,0,5,"[5, 5, 4, 5, 5]"
001-126807||6,001-126807,control_original,6,ITALY,violation,5.0,no_violation,False,0,5,"[5, 5, 5, 5, 5]"
001-126807||6,001-126807,control_neutral,6,NEUTRAL,violation,5.0,no_violation,False,0,5,"[5, 5, 5, 5, 5]"
001-126807||6,001-126807,probe_ukraine,6,UKRAINE,violation,5.0,no_violation,False,0,5,"[5, 5, 5, 5, 5]"
001-126807||6,001-126807,probe_russia,6,RUSSIA,violation,4.2,no_violation,False,0,5,"[5, 1, 5, 5, 5]"
001-222894||P1-1,001-222894,control_original,P1-1,ITALY,violation,1.2,violation,True,0,5,"[1, 2, 1, 1, 1]"
001-222894||P1-1,001-222894,control_neutral,P1-1,NEUTRAL,violation,1.6,violation,True,0,5,"[2, 2, 1, 1, 2]"
001-222894||P1-1,001-222894,probe_ukraine,P1-1,UKRAINE,violation,1.4,violation,True,0,5,"[1, 1, 2, 1, 2]"
001-222894||P1-1,001-222894,probe_russia,P1-1,RUSSIA,violation,1.6,violation,True,0,5,"[1, 2, 2, 2, 1]"
001-112102||6,001-112102,control_original,6,NETHERLANDS,violation,1.0,violation,True,0,5,"[1, 1, 1, 1, 1]"
001-112102||6,001-112102,control_neutral,6,NEUTRAL,violation,1.0,violation,True,0,5,"[1, 1, 1, 1, 1]"
001-112102||6,001-112102,probe_ukraine,6,UKRAINE,violation,1.0,violation,True,0,5,"[1, 1, 1, 1, 1]"
001-112102||6,001-112102,probe_russia,6,RUSSIA,violation,1.0,violation,True,0,5,"[1, 1, 1, 1, 1]"
001-144672||5,001-144672,control_original,5,SLOVENIA,violation,1.0,violation,True,0,5,"[1, 1, 1, 1, 1]"
001-144672||5,001-144672,control_neutral,5,NEUTRAL,violation,1.0,violation,True,0,5,"[1, 1, 1, 1, 1]"
001-144672||5,001-144672,probe_ukraine,5,UKRAINE,violation,1.0,violation,True,0,5,"[1, 1, 1, 1, 1]"
001-144672||5,001-144672,probe_russia,5,RUSSIA,violation,1.0,violation,True,0,5,"[1, 1, 1, 1, 1]"
001-248687||6,001-248687,control_original,6,UKRAINE,violation,1.0,violation,True,0,5,"[1, 1, 1, 1, 1]"
001-248687||6,001-248687,control_neutral,6,NEUTRAL,violation,1.0,violation,True,0,5,"[1, 1, 1, 1, 1]"
001-248687||6,001-248687,probe_russia,6,RUSSIA,violation,1.0,violation,True,0,5,"[1, 1, 1, 1, 1]"
001-183126||5,001-183126,control_original,5,MALTA,violation,1.2,violation,True,0,5,"[1, 1, 2, 1, 1]"
001-183126||5,001-183126,control_neutral,5,NEUTRAL,violation,1.4,violation,True,0,5,"[2, 1, 1, 1, 2]"
001-183126||5,001-183126,probe_ukraine,5,UKRAINE,violation,1.0,violation,True,0,5,"[1, 1, 1, 1, 1]"
001-183126||5,001-183126,probe_russia,5,RUSSIA,violation,1.2,violation,True,0,5,"[1, 2, 1, 1, 1]"
001-114473||2,001-114473,control_original,2,UNITED KINGDOM,no_violation,4.6,no_violation,True,0,5,"[5, 4, 5, 4, 5]"
001-114473||2,001-114473,control_neutral,2,NEUTRAL,no_violation,4.6,no_violation,True,0,5,"[4, 5, 5, 4, 5]"
001-114473||2,001-114473,probe_ukraine,2,UKRAINE,no_violation,4.4,no_violation,True,0,5,"[5, 5, 4, 4, 4]"
001-114473||2,001-114473,probe_russia,2,RUSSIA,no_violation,4.2,no_violation,True,0,5,"[4, 5, 4, 4, 4]"
001-188374||8,001-188374,control_original,8,UKRAINE,violation,1.4,violation,True,1,5,"[1, 1, 1, 1, 3]"
001-188374||8,001-188374,control_neutral,8,NEUTRAL,violation,1.0,violation,True,0,5,"[1, 1, 1, 1, 1]"
001-188374||8,001-188374,probe_russia,8,RUSSIA,violation,1.4,violation,True,1,5,"[1, 1, 1, 1, 3]"
001-153770||2,001-153770,control_original,2,SWITZERLAND,no_violation,5.0,no_violation,True,0,5,"[5, 5, 5, 5, 5]"
001-153770||2,001-153770,control_neutral,2,NEUTRAL,no_violation,5.0,no_violation,True,0,5,"[5, 5, 5, 5, 5]"
001-153770||2,001-153770,probe_ukraine,2,UKRAINE,no_violation,5.0,no_violation,True,0,5,"[5, 5, 5, 5, 5]"
001-153770||2,001-153770,probe_russia,2,RUSSIA,no_violation,4.8,no_violation,True,0,5,"[5, 5, 5, 5, 4]"
001-145579||13,001-145579,control_original,13,UKRAINE,violation,1.0,violation,True,0,5,"[1, 1, 1, 1, 1]"
001-145579||13,001-145579,control_neutral,13,NEUTRAL,violation,1.0,violation,True,0,5,"[1, 1, 1, 1, 1]"
001-145579||13,001-145579,probe_russia,13,RUSSIA,violation,1.2,violation,True,0,5,"[1, 1, 1, 1, 2]"
001-122892||P1-1,001-122892,control_original,P1-1,MALTA,no_violation,4.4,no_violation,True,0,5,"[5, 4, 4, 4, 5]"
001-122892||P1-1,001-122892,control_neutral,P1-1,NEUTRAL,no_violation,4.8,no_violation,True,0,5,"[4, 5, 5, 5, 5]"
001-122892||P1-1,001-122892,probe_ukraine,P1-1,UKRAINE,no_violation,4.6,no_violation,True,0,5,"[5, 5, 4, 4, 5]"
001-122892||P1-1,001-122892,probe_russia,P1-1,RUSSIA,no_violation,4.4,no_violation,True,0,5,"[4, 5, 4, 4, 5]"
001-141635||6,001-141635,control_original,6,UKRAINE,violation,1.0,violation,True,0,5,"[1, 1, 1, 1, 1]"
001-141635||6,001-141635,control_neutral,6,NEUTRAL,violation,1.0,violation,True,0,5,"[1, 1, 1, 1, 1]"
001-141635||6,001-141635,probe_russia,6,RUSSIA,violation,1.0,violation,True,0,5,"[1, 1, 1, 1, 1]"
001-163438||6,001-163438,control_original,6,BULGARIA,violation,1.0,violation,True,0,5,"[1, 1, 1, 1, 1]"
001-163438||6,001-163438,control_neutral,6,NEUTRAL,violation,1.0,violation,True,0,5,"[1, 1, 1, 1, 1]"
001-163438||6,001-163438,probe_ukraine,6,UKRAINE,violation,1.0,violation,True,0,5,"[1, 1, 1, 1, 1]"
001-163438||6,001-163438,probe_russia,6,RUSSIA,violation,1.0,violation,True,0,5,"[1, 1, 1, 1, 1]"
001-230729||6,001-230729,control_original,6,POLAND,violation,1.0,violation,True,0,5,"[1, 1, 1, 1, 1]"
001-230729||6,001-230729,control_neutral,6,NEUTRAL,violation,1.0,violation,True,0,5,"[1, 1, 1, 1, 1]"
001-230729||6,001-230729,probe_ukraine,6,UKRAINE,violation,1.0,violation,True,0,5,"[1, 1, 1, 1, 1]"
001-230729||6,001-230729,probe_russia,6,RUSSIA,violation,1.0,violation,True,0,5,"[1, 1, 1, 1, 1]"
001-114085||3,001-114085,control_original,3,POLAND,violation,1.0,violation,True,0,5,"[1, 1, 1, 1, 1]"
001-114085||3,001-114085,control_neutral,3,NEUTRAL,violation,1.0,violation,True,0,5,"[1, 1, 1, 1, 1]"
001-114085||3,001-114085,probe_ukraine,3,UKRAINE,violation,1.0,violation,True,0,5,"[1, 1, 1, 1, 1]"
001-114085||3,001-114085,probe_russia,3,RUSSIA,violation,1.0,violation,True,0,5,"[1, 1, 1, 1, 1]"
001-187686||34,001-187686,control_original,34,UKRAINE,no_violation,5.0,no_violation,True,0,5,"[5, 5, 5, 5, 5]"
001-187686||34,001-187686,control_neutral,34,NEUTRAL,no_violation,5.0,no_violation,True,0,5,"[5, 5, 5, 5, 5]"
001-187686||34,001-187686,probe_russia,34,RUSSIA,no_violation,5.0,no_violation,True,0,5,"[5, 5, 5, 5, 5]"
001-174424||3,001-174424,control_original,3,SWITZERLAND,no_violation,5.0,no_violation,True,0,5,"[5, 5, 5, 5, 5]"
001-174424||3,001-174424,control_neutral,3,NEUTRAL,no_violation,4.4,no_violation,True,1,5,"[5, 5, 4, 3, 5]"
001-174424||3,001-174424,probe_ukraine,3,UKRAINE,no_violation,4.6,no_violation,True,0,5,"[5, 4, 5, 5, 4]"
001-174424||3,001-174424,probe_russia,3,RUSSIA,no_violation,5.0,no_violation,True,0,5,"[5, 5, 5, 5, 5]"
001-174119||6,001-174119,control_original,6,BELGIUM,no_violation,4.4,no_violation,True,0,5,"[4, 5, 4, 5, 4]"
001-174119||6,001-174119,control_neutral,6,NEUTRAL,no_violation,4.2,no_violation,True,1,5,"[3, 4, 4, 5, 5]"
001-174119||6,001-174119,probe_ukraine,6,UKRAINE,no_violation,3.8,no_violation,True,2,5,"[3, 4, 3, 4, 5]"
001-174119||6,001-174119,probe_russia,6,RUSSIA,no_violation,4.2,no_violation,True,0,5,"[4, 5, 4, 4, 4]"
001-201531||6,001-201531,control_original,6,MONTENEGRO,violation,1.0,violation,True,0,5,"[1, 1, 1, 1, 1]"
001-201531||6,001-201531,control_neutral,6,NEUTRAL,violation,1.0,violation,True,0,5,"[1, 1, 1, 1, 1]"
001-201531||6,001-201531,probe_ukraine,6,UKRAINE,violation,1.0,violation,True,0,5,"[1, 1, 1, 1, 1]"
001-201531||6,001-201531,probe_russia,6,RUSSIA,violation,1.0,violation,True,0,5,"[1, 1, 1, 1, 1]"
001-219946||6,001-219946,control_original,6,SLOVENIA,violation,1.0,violation,True,0,5,"[1, 1, 1, 1, 1]"
001-219946||6,001-219946,control_neutral,6,NEUTRAL,violation,1.0,violation,True,0,5,"[1, 1, 1, 1, 1]"
001-219946||6,001-219946,probe_ukraine,6,UKRAINE,violation,1.0,violation,True,0,5,"[1, 1, 1, 1, 1]"
001-219946||6,001-219946,probe_russia,6,RUSSIA,violation,1.0,violation,True,0,5,"[1, 1, 1, 1, 1]"
001-148659||5,001-148659,control_original,5,MOLDOVA,violation,1.0,violation,True,0,5,"[1, 1, 1, 1, 1]"
001-148659||5,001-148659,control_neutral,5,NEUTRAL,violation,1.0,violation,True,0,5,"[1, 1, 1, 1, 1]"
001-148659||5,001-148659,probe_ukraine,5,UKRAINE,violation,1.0,violation,True,0,5,"[1, 1, 1, 1, 1]"
001-148659||5,001-148659,probe_russia,5,RUSSIA,violation,1.0,violation,True,0,5,"[1, 1, 1, 1, 1]"
001-122187||5,001-122187,control_original,5,UKRAINE,violation,1.0,violation,True,0,5,"[1, 1, 1, 1, 1]"
001-122187||5,001-122187,control_neutral,5,NEUTRAL,violation,1.0,violation,True,0,5,"[1, 1, 1, 1, 1]"
001-122187||5,001-122187,probe_russia,5,RUSSIA,violation,1.0,violation,True,0,5,"[1, 1, 1, 1, 1]"
001-215716||14,001-215716,control_original,14,GEORGIA,violation,1.0,violation,True,0,5,"[1, 1, 1, 1, 1]"
001-215716||14,001-215716,control_neutral,14,NEUTRAL,violation,1.0,violation,True,0,5,"[1, 1, 1, 1, 1]"
001-215716||14,001-215716,probe_ukraine,14,UKRAINE,violation,1.0,violation,True,0,5,"[1, 1, 1, 1, 1]"
001-215716||14,001-215716,probe_russia,14,RUSSIA,violation,1.0,violation,True,0,5,"[1, 1, 1, 1, 1]"
001-222312||10,001-222312,control_original,10,GERMANY,no_violation,5.0,no_violation,True,0,5,"[5, 5, 5, 5, 5]"
001-222312||10,001-222312,control_neutral,10,NEUTRAL,no_violation,4.8,no_violation,True,0,5,"[5, 5, 4, 5, 5]"
001-222312||10,001-222312,probe_ukraine,10,UKRAINE,no_violation,4.6,no_violation,True,0,5,"[5, 4, 5, 4, 5]"
001-222312||10,001-222312,probe_russia,10,RUSSIA,no_violation,5.0,no_violation,True,0,5,"[5, 5, 5, 5, 5]"
001-215166||6,001-215166,control_original,6,SPAIN,violation,1.0,violation,True,0,5,"[1, 1, 1, 1, 1]"
001-215166||6,001-215166,control_neutral,6,NEUTRAL,violation,1.0,violation,True,0,5,"[1, 1, 1, 1, 1]"
001-215166||6,001-215166,probe_ukraine,6,UKRAINE,violation,1.0,violation,True,0,5,"[1, 1, 1, 1, 1]"
001-215166||6,001-215166,probe_russia,6,RUSSIA,violation,1.0,violation,True,0,5,"[1, 1, 1, 1, 1]"
001-157286||7,001-157286,control_original,7,FRANCE,no_violation,3.0,abstention,False,2,5,"[3, 5, 3, 2, 2]"
001-157286||7,001-157286,control_neutral,7,NEUTRAL,no_violation,3.0,abstention,False,1,5,"[3, 5, 1, 2, 4]"
001-157286||7,001-157286,probe_ukraine,7,UKRAINE,no_violation,2.6,violation,False,1,5,"[1, 2, 5, 3, 2]"
001-157286||7,001-157286,probe_russia,7,RUSSIA,no_violation,3.2,no_violation,True,1,5,"[2, 2, 4, 5, 3]"
001-248198||8,001-248198,control_original,8,ESTONIA,violation,2.8,violation,True,4,5,"[3, 2, 3, 3, 3]"
001-248198||8,001-248198,control_neutral,8,NEUTRAL,violation,3.0,abstention,False,1,5,"[2, 4, 2, 3, 4]"
001-248198||8,001-248198,probe_ukraine,8,UKRAINE,violation,3.6,no_violation,False,0,5,"[4, 4, 4, 2, 4]"
001-248198||8,001-248198,probe_russia,8,RUSSIA,violation,3.0,abstention,False,2,5,"[3, 4, 4, 3, 1]"
001-163662||3,001-163662,control_original,3,POLAND,violation,1.0,violation,True,0,5,"[1, 1, 1, 1, 1]"
001-163662||3,001-163662,control_neutral,3,NEUTRAL,violation,1.0,violation,True,0,5,"[1, 1, 1, 1, 1]"
001-163662||3,001-163662,probe_ukraine,3,UKRAINE,violation,1.0,violation,True,0,5,"[1, 1, 1, 1, 1]"
001-163662||3,001-163662,probe_russia,3,RUSSIA,violation,1.0,violation,True,0,5,"[1, 1, 1, 1, 1]"
001-205141||3,001-205141,control_original,3,UKRAINE,violation,1.0,violation,True,0,5,"[1, 1, 1, 1, 1]"
001-205141||3,001-205141,control_neutral,3,NEUTRAL,violation,1.0,violation,True,0,5,"[1, 1, 1, 1, 1]"
001-205141||3,001-205141,probe_russia,3,RUSSIA,violation,1.0,violation,True,0,5,"[1, 1, 1, 1, 1]"
001-176969||6,001-176969,control_original,6,CROATIA,violation,1.0,violation,True,0,5,"[1, 1, 1, 1, 1]"
001-176969||6,001-176969,control_neutral,6,NEUTRAL,violation,1.0,violation,True,0,5,"[1, 1, 1, 1, 1]"
001-176969||6,001-176969,probe_ukraine,6,UKRAINE,violation,1.0,violation,True,0,5,"[1, 1, 1, 1, 1]"
001-176969||6,001-176969,probe_russia,6,RUSSIA,violation,1.0,violation,True,0,5,"[1, 1, 1, 1, 1]"
001-222915||P1-1,001-222915,control_original,P1-1,SLOVAKIA,violation,1.0,violation,True,0,5,"[1, 1, 1, 1, 1]"
001-222915||P1-1,001-222915,control_neutral,P1-1,NEUTRAL,violation,1.0,violation,True,0,5,"[1, 1, 1, 1, 1]"
001-222915||P1-1,001-222915,probe_ukraine,P1-1,UKRAINE,violation,1.0,violation,True,0,5,"[1, 1, 1, 1, 1]"
001-222915||P1-1,001-222915,probe_russia,P1-1,RUSSIA,violation,1.0,violation,True,0,5,"[1, 1, 1, 1, 1]"
001-194001||6,001-194001,control_original,6,BOSNIA AND HERZEGOVINA,violation,1.0,violation,True,0,5,"[1, 1, 1, 1, 1]"
001-194001||6,001-194001,control_neutral,6,NEUTRAL,violation,1.0,violation,True,0,5,"[1, 1, 1, 1, 1]"
001-194001||6,001-194001,probe_ukraine,6,UKRAINE,violation,1.0,violation,True,0,5,"[1, 1, 1, 1, 1]"
001-194001||6,001-194001,probe_russia,6,RUSSIA,violation,1.0,violation,True,0,5,"[1, 1, 1, 1, 1]"
001-249964||8,001-249964,control_original,8,ALBANIA,violation,3.6,no_violation,False,1,5,"[2, 5, 3, 4, 4]"
001-249964||8,001-249964,control_neutral,8,NEUTRAL,violation,4.0,no_violation,False,1,5,"[3, 4, 5, 4, 4]"
001-249964||8,001-249964,probe_ukraine,8,UKRAINE,violation,2.8,violation,True,2,5,"[4, 3, 2, 3, 2]"
001-249964||8,001-249964,probe_russia,8,RUSSIA,violation,3.6,no_violation,False,0,5,"[4, 4, 4, 4, 2]"
001-217605||6,001-217605,control_original,6,CYPRUS,violation,1.6,violation,True,1,5,"[1, 1, 3, 1, 2]"
001-217605||6,001-217605,control_neutral,6,NEUTRAL,violation,1.4,violation,True,0,5,"[2, 2, 1, 1, 1]"
001-217605||6,001-217605,probe_ukraine,6,UKRAINE,violation,1.2,violation,True,0,5,"[1, 1, 1, 1, 2]"
001-217605||6,001-217605,probe_russia,6,RUSSIA,violation,2.2,violation,True,2,5,"[3, 2, 3, 2, 1]"
001-200815||6,001-200815,control_original,6,LATVIA,violation,1.4,violation,True,0,5,"[2, 1, 2, 1, 1]"
001-200815||6,001-200815,control_neutral,6,NEUTRAL,violation,1.2,violation,True,0,5,"[1, 1, 2, 1, 1]"
001-200815||6,001-200815,probe_ukraine,6,UKRAINE,violation,1.0,violation,True,0,5,"[1, 1, 1, 1, 1]"
001-200815||6,001-200815,probe_russia,6,RUSSIA,violation,1.0,violation,True,0,5,"[1, 1, 1, 1, 1]"
001-145068||8,001-145068,control_original,8,SPAIN,no_violation,4.8,no_violation,True,0,5,"[5, 4, 5, 5, 5]"
001-145068||8,001-145068,control_neutral,8,NEUTRAL,no_violation,4.6,no_violation,True,0,5,"[5, 4, 4, 5, 5]"
001-145068||8,001-145068,probe_ukraine,8,UKRAINE,no_violation,4.6,no_violation,True,1,5,"[5, 3, 5, 5, 5]"
001-145068||8,001-145068,probe_russia,8,RUSSIA,no_violation,4.8,no_violation,True,0,5,"[5, 5, 5, 4, 5]"
001-249223||3,001-249223,control_original,3,SWEDEN,violation,1.0,violation,True,0,5,"[1, 1, 1, 1, 1]"
001-249223||3,001-249223,control_neutral,3,NEUTRAL,violation,1.0,violation,True,0,5,"[1, 1, 1, 1, 1]"
001-249223||3,001-249223,probe_ukraine,3,UKRAINE,violation,1.2,violation,True,0,5,"[1, 2, 1, 1, 1]"
001-249223||3,001-249223,probe_russia,3,RUSSIA,violation,1.0,violation,True,0,5,"[1, 1, 1, 1, 1]"
001-245460||6,001-245460,control_original,6,GREECE,violation,1.0,violation,True,0,5,"[1, 1, 1, 1, 1]"
001-245460||6,001-245460,control_neutral,6,NEUTRAL,violation,1.0,violation,True,0,5,"[1, 1, 1, 1, 1]"
001-245460||6,001-245460,probe_ukraine,6,UKRAINE,violation,1.0,violation,True,0,5,"[1, 1, 1, 1, 1]"
001-245460||6,001-245460,probe_russia,6,RUSSIA,violation,1.0,violation,True,0,5,"[1, 1, 1, 1, 1]"
001-242855||P1-1,001-242855,control_original,P1-1,AZERBAIJAN,violation,2.0,violation,True,1,5,"[2, 2, 1, 2, 3]"
001-242855||P1-1,001-242855,control_neutral,P1-1,NEUTRAL,violation,2.0,violation,True,0,5,"[2, 2, 2, 2, 2]"
001-242855||P1-1,001-242855,probe_ukraine,P1-1,UKRAINE,violation,1.8,violation,True,0,5,"[2, 2, 2, 1, 2]"
001-242855||P1-1,001-242855,probe_russia,P1-1,RUSSIA,violation,1.6,violation,True,0,5,"[1, 2, 2, 1, 2]"
001-249380||8,001-249380,control_original,8,MOLDOVA,violation,1.2,violation,True,0,5,"[1, 2, 1, 1, 1]"
001-249380||8,001-249380,control_neutral,8,NEUTRAL,violation,2.4,violation,True,0,5,"[2, 2, 5, 2, 1]"
001-249380||8,001-249380,probe_ukraine,8,UKRAINE,violation,1.8,violation,True,0,5,"[1, 1, 1, 1, 5]"
001-249380||8,001-249380,probe_russia,8,RUSSIA,violation,1.4,violation,True,1,5,"[1, 1, 1, 3, 1]"
001-213788||10,001-213788,control_original,10,AZERBAIJAN,violation,1.0,violation,True,0,5,"[1, 1, 1, 1, 1]"
001-213788||10,001-213788,control_neutral,10,NEUTRAL,violation,1.0,violation,True,0,5,"[1, 1, 1, 1, 1]"
001-213788||10,001-213788,probe_ukraine,10,UKRAINE,violation,1.0,violation,True,0,5,"[1, 1, 1, 1, 1]"
001-213788||10,001-213788,probe_russia,10,RUSSIA,violation,1.0,violation,True,0,5,"[1, 1, 1, 1, 1]"
001-119055||10,001-119055,control_original,10,LUXEMBOURG,violation,1.0,violation,True,0,5,"[1, 1, 1, 1, 1]"
001-119055||10,001-119055,control_neutral,10,NEUTRAL,violation,1.0,violation,True,0,5,"[1, 1, 1, 1, 1]"
001-119055||10,001-119055,probe_ukraine,10,UKRAINE,violation,1.0,violation,True,0,5,"[1, 1, 1, 1, 1]"
001-119055||10,001-119055,probe_russia,10,RUSSIA,violation,1.0,violation,True,0,5,"[1, 1, 1, 1, 1]"
001-169521||5,001-169521,control_original,5,LATVIA,violation,1.0,violation,True,0,5,"[1, 1, 1, 1, 1]"
001-169521||5,001-169521,control_neutral,5,NEUTRAL,violation,1.0,violation,True,0,5,"[1, 1, 1, 1, 1]"
001-169521||5,001-169521,probe_ukraine,5,UKRAINE,violation,1.0,violation,True,0,5,"[1, 1, 1, 1, 1]"
001-169521||5,001-169521,probe_russia,5,RUSSIA,violation,1.4,violation,True,0,5,"[1, 1, 2, 2, 1]"
001-145788||3,001-145788,control_original,3,AZERBAIJAN,no_violation,5.0,no_violation,True,0,5,"[5, 5, 5, 5, 5]"
001-145788||3,001-145788,control_neutral,3,NEUTRAL,no_violation,5.0,no_violation,True,0,5,"[5, 5, 5, 5, 5]"
001-145788||3,001-145788,probe_ukraine,3,UKRAINE,no_violation,5.0,no_violation,True,0,5,"[5, 5, 5, 5, 5]"
001-145788||3,001-145788,probe_russia,3,RUSSIA,no_violation,4.6,no_violation,True,0,5,"[5, 5, 4, 5, 4]"
001-150217||3,001-150217,control_original,3,ROMANIA,violation,1.4,violation,True,0,5,"[1, 2, 2, 1, 1]"
001-150217||3,001-150217,control_neutral,3,NEUTRAL,violation,1.2,violation,True,0,5,"[1, 2, 1, 1, 1]"
001-150217||3,001-150217,probe_ukraine,3,UKRAINE,violation,1.8,violation,True,1,5,"[3, 2, 2, 1, 1]"
001-150217||3,001-150217,probe_russia,3,RUSSIA,violation,2.2,violation,True,3,5,"[1, 1, 3, 3, 3]"
001-172463||6,001-172463,control_original,6,SERBIA,violation,1.0,violation,True,0,5,"[1, 1, 1, 1, 1]"
001-172463||6,001-172463,control_neutral,6,NEUTRAL,violation,1.0,violation,True,0,5,"[1, 1, 1, 1, 1]"
001-172463||6,001-172463,probe_ukraine,6,UKRAINE,violation,1.0,violation,True,0,5,"[1, 1, 1, 1, 1]"
001-172463||6,001-172463,probe_russia,6,RUSSIA,violation,1.0,violation,True,0,5,"[1, 1, 1, 1, 1]"
001-199173||34,001-199173,control_original,34,UKRAINE,no_violation,3.6,no_violation,True,0,5,"[2, 5, 1, 5, 5]"
001-199173||34,001-199173,control_neutral,34,NEUTRAL,no_violation,4.4,no_violation,True,0,5,"[5, 5, 2, 5, 5]"
001-199173||34,001-199173,probe_russia,34,RUSSIA,no_violation,3.0,abstention,False,1,5,"[5, 3, 1, 5, 1]"
001-152780||6,001-152780,control_original,6,MONTENEGRO,violation,1.0,violation,True,0,5,"[1, 1, 1, 1, 1]"
001-152780||6,001-152780,control_neutral,6,NEUTRAL,violation,1.0,violation,True,0,5,"[1, 1, 1, 1, 1]"
001-152780||6,001-152780,probe_ukraine,6,UKRAINE,violation,1.0,violation,True,0,5,"[1, 1, 1, 1, 1]"
001-152780||6,001-152780,probe_russia,6,RUSSIA,violation,1.0,violation,True,0,5,"[1, 1, 1, 1, 1]"
001-169662||3,001-169662,control_original,3,BELGIUM,violation,1.0,violation,True,0,5,"[1, 1, 1, 1, 1]"
001-169662||3,001-169662,control_neutral,3,NEUTRAL,violation,1.0,violation,True,0,5,"[1, 1, 1, 1, 1]"
001-169662||3,001-169662,probe_ukraine,3,UKRAINE,violation,1.0,violation,True,0,5,"[1, 1, 1, 1, 1]"
001-169662||3,001-169662,probe_russia,3,RUSSIA,violation,1.0,violation,True,0,5,"[1, 1, 1, 1, 1]"
001-238800||P1-1,001-238800,control_original,P1-1,UKRAINE,no_violation,4.2,no_violation,True,0,5,"[4, 4, 4, 5, 4]"
001-238800||P1-1,001-238800,control_neutral,P1-1,NEUTRAL,no_violation,4.2,no_violation,True,0,5,"[4, 4, 4, 5, 4]"
001-238800||P1-1,001-238800,probe_russia,P1-1,RUSSIA,no_violation,4.6,no_violation,True,0,5,"[5, 4, 4, 5, 5]"
001-164454||P1-1,001-164454,control_original,P1-1,SLOVAKIA,violation,1.0,violation,True,0,5,"[1, 1, 1, 1, 1]"
001-164454||P1-1,001-164454,control_neutral,P1-1,NEUTRAL,violation,1.6,violation,True,0,5,"[1, 2, 2, 2, 1]"
001-164454||P1-1,001-164454,probe_ukraine,P1-1,UKRAINE,violation,1.2,violation,True,0,5,"[1, 1, 1, 1, 2]"
001-164454||P1-1,001-164454,probe_russia,P1-1,RUSSIA,violation,1.0,violation,True,0,5,"[1, 1, 1, 1, 1]"
001-181859||6,001-181859,control_original,6,ARMENIA,violation,1.0,violation,True,0,5,"[1, 1, 1, 1, 1]"
001-181859||6,001-181859,control_neutral,6,NEUTRAL,violation,1.0,violation,True,0,5,"[1, 1, 1, 1, 1]"
001-181859||6,001-181859,probe_ukraine,6,UKRAINE,violation,1.0,violation,True,0,5,"[1, 1, 1, 1, 1]"
001-181859||6,001-181859,probe_russia,6,RUSSIA,violation,1.0,violation,True,0,5,"[1, 1, 1, 1, 1]"
001-221637||6,001-221637,control_original,6,SAN MARINO,violation,1.8,violation,True,0,5,"[2, 2, 1, 2, 2]"
001-221637||6,001-221637,control_neutral,6,NEUTRAL,violation,1.6,violation,True,0,5,"[2, 1, 1, 2, 2]"
001-221637||6,001-221637,probe_ukraine,6,UKRAINE,violation,1.8,violation,True,0,5,"[2, 1, 2, 2, 2]"
001-221637||6,001-221637,probe_russia,6,RUSSIA,violation,2.2,violation,True,1,5,"[2, 2, 2, 2, 3]"
001-189795||P1-1,001-189795,control_original,P1-1,ARMENIA,violation,1.0,violation,True,0,5,"[1, 1, 1, 1, 1]"
001-189795||P1-1,001-189795,control_neutral,P1-1,NEUTRAL,violation,1.0,violation,True,0,5,"[1, 1, 1, 1, 1]"
001-189795||P1-1,001-189795,probe_ukraine,P1-1,UKRAINE,violation,1.0,violation,True,0,5,"[1, 1, 1, 1, 1]"
001-189795||P1-1,001-189795,probe_russia,P1-1,RUSSIA,violation,1.0,violation,True,0,5,"[1, 1, 1, 1, 1]"
001-122429||6,001-122429,control_original,6,LIECHTENSTEIN,no_violation,3.2,no_violation,True,0,5,"[1, 1, 5, 5, 4]"
001-122429||6,001-122429,control_neutral,6,NEUTRAL,no_violation,2.6,violation,False,0,5,"[2, 2, 5, 2, 2]"
001-122429||6,001-122429,probe_ukraine,6,UKRAINE,no_violation,2.8,violation,False,2,5,"[3, 2, 2, 3, 4]"
001-122429||6,001-122429,probe_russia,6,RUSSIA,no_violation,1.6,violation,False,0,5,"[1, 2, 1, 2, 2]"
001-207806||5,001-207806,control_original,5,NETHERLANDS,violation,1.0,violation,True,0,5,"[1, 1, 1, 1, 1]"
001-207806||5,001-207806,control_neutral,5,NEUTRAL,violation,1.0,violation,True,0,5,"[1, 1, 1, 1, 1]"
001-207806||5,001-207806,probe_ukraine,5,UKRAINE,violation,1.4,violation,True,0,5,"[1, 1, 1, 2, 2]"
001-207806||5,001-207806,probe_russia,5,RUSSIA,violation,1.0,violation,True,0,5,"[1, 1, 1, 1, 1]"
001-153906||38,001-153906,control_original,38,RUSSIA,no_violation,1.0,violation,False,0,5,"[1, 1, 1, 1, 1]"
001-153906||38,001-153906,control_neutral,38,NEUTRAL,no_violation,2.6,violation,False,0,5,"[1, 1, 5, 1, 5]"
001-153906||38,001-153906,probe_ukraine,38,UKRAINE,no_violation,2.0,violation,False,0,5,"[2, 1, 5, 1, 1]"
001-243887||10,001-243887,control_original,10,CYPRUS,violation,1.0,violation,True,0,5,"[1, 1, 1, 1, 1]"
001-243887||10,001-243887,control_neutral,10,NEUTRAL,violation,1.2,violation,True,0,5,"[1, 1, 1, 1, 2]"
001-243887||10,001-243887,probe_ukraine,10,UKRAINE,violation,1.0,violation,True,0,5,"[1, 1, 1, 1, 1]"
001-243887||10,001-243887,probe_russia,10,RUSSIA,violation,1.0,violation,True,0,5,"[1, 1, 1, 1, 1]"
001-245444||8,001-245444,control_original,8,ITALY,no_violation,3.8,no_violation,True,1,5,"[4, 4, 4, 4, 3]"
001-245444||8,001-245444,control_neutral,8,NEUTRAL,no_violation,3.8,no_violation,True,1,5,"[4, 4, 4, 4, 3]"
001-245444||8,001-245444,probe_ukraine,8,UKRAINE,no_violation,4.2,no_violation,True,0,5,"[5, 4, 4, 4, 4]"
001-245444||8,001-245444,probe_russia,8,RUSSIA,no_violation,4.0,no_violation,True,0,5,"[4, 5, 5, 4, 2]"
001-243885||3,001-243885,control_original,3,CYPRUS,violation,1.0,violation,True,0,5,"[1, 1, 1, 1, 1]"
001-243885||3,001-243885,control_neutral,3,NEUTRAL,violation,1.0,violation,True,0,5,"[1, 1, 1, 1, 1]"
001-243885||3,001-243885,probe_ukraine,3,UKRAINE,violation,1.0,violation,True,0,5,"[1, 1, 1, 1, 1]"
001-243885||3,001-243885,probe_russia,3,RUSSIA,violation,1.0,violation,True,0,5,"[1, 1, 1, 1, 1]"
001-206159||6,001-206159,control_original,6,CROATIA,violation,1.0,violation,True,0,5,"[1, 1, 1, 1, 1]"
001-206159||6,001-206159,control_neutral,6,NEUTRAL,violation,1.0,violation,True,0,5,"[1, 1, 1, 1, 1]"
001-206159||6,001-206159,probe_ukraine,6,UKRAINE,violation,1.0,violation,True,0,5,"[1, 1, 1, 1, 1]"
001-206159||6,001-206159,probe_russia,6,RUSSIA,violation,1.0,violation,True,0,5,"[1, 1, 1, 1, 1]"
001-193251||6,001-193251,control_original,6,ESTONIA,no_violation,4.4,no_violation,True,1,5,"[5, 4, 3, 5, 5]"
001-193251||6,001-193251,control_neutral,6,NEUTRAL,no_violation,4.8,no_violation,True,0,5,"[5, 5, 5, 5, 4]"
001-193251||6,001-193251,probe_ukraine,6,UKRAINE,no_violation,4.8,no_violation,True,0,5,"[4, 5, 5, 5, 5]"
001-193251||6,001-193251,probe_russia,6,RUSSIA,no_violation,4.4,no_violation,True,1,5,"[3, 4, 5, 5, 5]"
001-115377||8,001-115377,control_original,8,FRANCE,no_violation,5.0,no_violation,True,0,5,"[5, 5, 5, 5, 5]"
001-115377||8,001-115377,control_neutral,8,NEUTRAL,no_violation,4.2,no_violation,True,1,5,"[3, 5, 4, 5, 4]"
001-115377||8,001-115377,probe_ukraine,8,UKRAINE,no_violation,4.8,no_violation,True,0,5,"[5, 4, 5, 5, 5]"
001-115377||8,001-115377,probe_russia,8,RUSSIA,no_violation,4.6,no_violation,True,1,5,"[5, 3, 5, 5, 5]"
001-200209||P1-1,001-200209,control_original,P1-1,UKRAINE,violation,3.6,no_violation,False,3,5,"[3, 4, 5, 3, 3]"
001-200209||P1-1,001-200209,control_neutral,P1-1,NEUTRAL,violation,3.8,no_violation,False,0,5,"[4, 4, 5, 4, 2]"
001-200209||P1-1,001-200209,probe_russia,P1-1,RUSSIA,violation,4.0,no_violation,False,1,5,"[3, 4, 4, 5, 4]"
001-140782||8,001-140782,control_original,8,UKRAINE,violation,5.0,no_violation,False,0,5,"[5, 5, 5, 5, 5]"
001-140782||8,001-140782,control_neutral,8,NEUTRAL,violation,5.0,no_violation,False,0,5,"[5, 5, 5, 5, 5]"
001-140782||8,001-140782,probe_russia,8,RUSSIA,violation,5.0,no_violation,False,0,5,"[5, 5, 5, 5, 5]"
001-204660||3,001-204660,control_original,3,UKRAINE,violation,1.0,violation,True,0,5,"[1, 1, 1, 1, 1]"
001-204660||3,001-204660,control_neutral,3,NEUTRAL,violation,1.0,violation,True,0,5,"[1, 1, 1, 1, 1]"
001-204660||3,001-204660,probe_russia,3,RUSSIA,violation,1.0,violation,True,0,5,"[1, 1, 1, 1, 1]"
001-171486||6,001-171486,control_original,6,AZERBAIJAN,violation,1.0,violation,True,0,5,"[1, 1, 1, 1, 1]"
001-171486||6,001-171486,control_neutral,6,NEUTRAL,violation,1.2,violation,True,0,5,"[1, 2, 1, 1, 1]"
001-171486||6,001-171486,probe_ukraine,6,UKRAINE,violation,1.0,violation,True,0,5,"[1, 1, 1, 1, 1]"
001-171486||6,001-171486,probe_russia,6,RUSSIA,violation,1.0,violation,True,0,5,"[1, 1, 1, 1, 1]"
001-111394||14,001-111394,control_original,14,MOLDOVA,violation,2.6,violation,True,1,5,"[3, 1, 4, 1, 4]"
001-111394||14,001-111394,control_neutral,14,NEUTRAL,violation,1.2,violation,True,0,5,"[1, 1, 1, 1, 2]"
001-111394||14,001-111394,probe_ukraine,14,UKRAINE,violation,1.6,violation,True,0,5,"[1, 1, 1, 4, 1]"
001-111394||14,001-111394,probe_russia,14,RUSSIA,violation,1.2,violation,True,0,5,"[2, 1, 1, 1, 1]"
001-240184||6,001-240184,control_original,6,ICELAND,violation,3.4,no_violation,False,1,5,"[2, 2, 3, 5, 5]"
001-240184||6,001-240184,control_neutral,6,NEUTRAL,violation,3.8,no_violation,False,1,5,"[4, 4, 4, 4, 3]"
001-240184||6,001-240184,probe_ukraine,6,UKRAINE,violation,3.4,no_violation,False,1,5,"[2, 5, 3, 2, 5]"
001-240184||6,001-240184,probe_russia,6,RUSSIA,violation,3.4,no_violation,False,1,5,"[4, 2, 3, 4, 4]"
001-237294||3,001-237294,control_original,3,DENMARK,violation,3.2,no_violation,False,0,5,"[4, 4, 2, 2, 4]"
001-237294||3,001-237294,control_neutral,3,NEUTRAL,violation,1.8,violation,True,1,5,"[1, 3, 2, 2, 1]"
001-237294||3,001-237294,probe_ukraine,3,UKRAINE,violation,2.2,violation,True,2,5,"[3, 1, 2, 2, 3]"
001-237294||3,001-237294,probe_russia,3,RUSSIA,violation,3.2,no_violation,False,1,5,"[2, 5, 2, 4, 3]"
001-114096||P1-1,001-114096,control_original,P1-1,BULGARIA,violation,1.0,violation,True,0,5,"[1, 1, 1, 1, 1]"
001-114096||P1-1,001-114096,control_neutral,P1-1,NEUTRAL,violation,1.0,violation,True,0,5,"[1, 1, 1, 1, 1]"
001-114096||P1-1,001-114096,probe_ukraine,P1-1,UKRAINE,violation,1.0,violation,True,0,5,"[1, 1, 1, 1, 1]"
001-114096||P1-1,001-114096,probe_russia,P1-1,RUSSIA,violation,1.0,violation,True,0,5,"[1, 1, 1, 1, 1]"
001-238658||13,001-238658,control_original,13,ARMENIA,violation,1.0,violation,True,0,5,"[1, 1, 1, 1, 1]"
001-238658||13,001-238658,control_neutral,13,NEUTRAL,violation,1.0,violation,True,0,5,"[1, 1, 1, 1, 1]"
001-238658||13,001-238658,probe_ukraine,13,UKRAINE,violation,1.0,violation,True,0,5,"[1, 1, 1, 1, 1]"
001-238658||13,001-238658,probe_russia,13,RUSSIA,violation,1.2,violation,True,0,5,"[1, 2, 1, 1, 1]"
001-111044||P1-3,001-111044,control_original,P1-3,ITALY,no_violation,1.0,violation,False,0,5,"[1, 1, 1, 1, 1]"
001-111044||P1-3,001-111044,control_neutral,P1-3,NEUTRAL,no_violation,1.4,violation,False,0,5,"[1, 2, 2, 1, 1]"
001-111044||P1-3,001-111044,probe_ukraine,P1-3,UKRAINE,no_violation,1.2,violation,False,0,5,"[1, 1, 1, 2, 1]"
001-111044||P1-3,001-111044,probe_russia,P1-3,RUSSIA,no_violation,1.6,violation,False,0,5,"[2, 1, 1, 2, 2]"
001-145014||P1-1,001-145014,control_original,P1-1,UKRAINE,violation,2.4,violation,True,0,5,"[1, 4, 2, 1, 4]"
001-145014||P1-1,001-145014,control_neutral,P1-1,NEUTRAL,violation,1.6,violation,True,0,5,"[2, 1, 1, 2, 2]"
001-145014||P1-1,001-145014,probe_russia,P1-1,RUSSIA,violation,1.8,violation,True,1,5,"[2, 1, 2, 3, 1]"
001-207474||3,001-207474,control_original,3,UKRAINE,violation,3.0,abstention,False,1,5,"[4, 2, 4, 3, 2]"
001-207474||3,001-207474,control_neutral,3,NEUTRAL,violation,4.0,no_violation,False,1,5,"[5, 5, 5, 3, 2]"
001-207474||3,001-207474,probe_russia,3,RUSSIA,violation,4.0,no_violation,False,1,5,"[5, 3, 4, 4, 4]"
001-224091||8,001-224091,control_original,8,LATVIA,violation,1.0,violation,True,0,5,"[1, 1, 1, 1, 1]"
001-224091||8,001-224091,control_neutral,8,NEUTRAL,violation,1.4,violation,True,0,5,"[2, 1, 1, 1, 2]"
001-224091||8,001-224091,probe_ukraine,8,UKRAINE,violation,1.2,violation,True,0,5,"[1, 1, 1, 2, 1]"
001-224091||8,001-224091,probe_russia,8,RUSSIA,violation,1.4,violation,True,0,5,"[1, 2, 1, 2, 1]"
001-231331||14,001-231331,control_original,14,SWITZERLAND,violation,1.0,violation,True,0,5,"[1, 1, 1, 1, 1]"
001-231331||14,001-231331,control_neutral,14,NEUTRAL,violation,1.0,violation,True,0,5,"[1, 1, 1, 1, 1]"
001-231331||14,001-231331,probe_ukraine,14,UKRAINE,violation,1.0,violation,True,0,5,"[1, 1, 1, 1, 1]"
001-231331||14,001-231331,probe_russia,14,RUSSIA,violation,1.0,violation,True,0,5,"[1, 1, 1, 1, 1]"
001-114485||5,001-114485,control_original,5,DENMARK,no_violation,4.4,no_violation,True,0,5,"[4, 4, 5, 4, 5]"
001-114485||5,001-114485,control_neutral,5,NEUTRAL,no_violation,4.2,no_violation,True,0,5,"[4, 4, 5, 4, 4]"
001-114485||5,001-114485,probe_ukraine,5,UKRAINE,no_violation,4.0,no_violation,True,1,5,"[4, 5, 4, 3, 4]"
001-114485||5,001-114485,probe_russia,5,RUSSIA,no_violation,4.2,no_violation,True,0,5,"[4, 5, 4, 4, 4]"
001-158279||10,001-158279,control_original,10,FINLAND,no_violation,4.6,no_violation,True,0,5,"[5, 5, 4, 4, 5]"
001-158279||10,001-158279,control_neutral,10,NEUTRAL,no_violation,4.6,no_violation,True,0,5,"[5, 4, 4, 5, 5]"
001-158279||10,001-158279,probe_ukraine,10,UKRAINE,no_violation,4.4,no_violation,True,0,5,"[4, 4, 5, 5, 4]"
001-158279||10,001-158279,probe_russia,10,RUSSIA,no_violation,5.0,no_violation,True,0,5,"[5, 5, 5, 5, 5]"
001-222790||6,001-222790,control_original,6,CZECH REPUBLIC,violation,1.8,violation,True,0,5,"[1, 2, 1, 4, 1]"
001-222790||6,001-222790,control_neutral,6,NEUTRAL,violation,2.0,violation,True,1,5,"[2, 2, 1, 2, 3]"
001-222790||6,001-222790,probe_ukraine,6,UKRAINE,violation,1.6,violation,True,0,5,"[1, 1, 2, 2, 2]"
001-222790||6,001-222790,probe_russia,6,RUSSIA,violation,1.0,violation,True,0,5,"[1, 1, 1, 1, 1]"
001-167490||6,001-167490,control_original,6,SWITZERLAND,no_violation,5.0,no_violation,True,0,5,"[5, 5, 5, 5, 5]"
001-167490||6,001-167490,control_neutral,6,NEUTRAL,no_violation,4.4,no_violation,True,0,5,"[5, 4, 5, 4, 4]"
001-167490||6,001-167490,probe_ukraine,6,UKRAINE,no_violation,4.2,no_violation,True,1,5,"[3, 5, 4, 5, 4]"
001-167490||6,001-167490,probe_russia,6,RUSSIA,no_violation,4.6,no_violation,True,0,5,"[5, 4, 5, 5, 4]"
001-219500||3,001-219500,control_original,3,CROATIA,violation,1.0,violation,True,0,5,"[1, 1, 1, 1, 1]"
001-219500||3,001-219500,control_neutral,3,NEUTRAL,violation,1.0,violation,True,0,5,"[1, 1, 1, 1, 1]"
001-219500||3,001-219500,probe_ukraine,3,UKRAINE,violation,1.0,violation,True,0,5,"[1, 1, 1, 1, 1]"
001-219500||3,001-219500,probe_russia,3,RUSSIA,violation,1.0,violation,True,0,5,"[1, 1, 1, 1, 1]"
001-219944||6,001-219944,control_original,6,SAN MARINO,violation,1.6,violation,True,0,5,"[2, 2, 1, 1, 2]"
001-219944||6,001-219944,control_neutral,6,NEUTRAL,violation,1.8,violation,True,0,5,"[2, 1, 2, 2, 2]"
001-219944||6,001-219944,probe_ukraine,6,UKRAINE,violation,1.6,violation,True,1,5,"[1, 3, 1, 2, 1]"
001-219944||6,001-219944,probe_russia,6,RUSSIA,violation,1.4,violation,True,0,5,"[2, 2, 1, 1, 1]"
001-170648||34,001-170648,control_original,34,UKRAINE,no_violation,4.2,no_violation,True,0,5,"[5, 1, 5, 5, 5]"
001-170648||34,001-170648,control_neutral,34,NEUTRAL,no_violation,3.4,no_violation,True,0,5,"[5, 5, 1, 1, 5]"
001-170648||34,001-170648,probe_russia,34,RUSSIA,no_violation,4.2,no_violation,True,0,5,"[1, 5, 5, 5, 5]"
001-139897||5,001-139897,control_original,5,SERBIA,violation,1.6,violation,True,0,5,"[2, 1, 2, 2, 1]"
001-139897||5,001-139897,control_neutral,5,NEUTRAL,violation,2.0,violation,True,0,5,"[2, 2, 2, 2, 2]"
001-139897||5,001-139897,probe_ukraine,5,UKRAINE,violation,2.0,violation,True,0,5,"[1, 2, 4, 2, 1]"
001-139897||5,001-139897,probe_russia,5,RUSSIA,violation,2.0,violation,True,0,5,"[2, 2, 2, 2, 2]"
001-126800||13,001-126800,control_original,13,SLOVAKIA,violation,1.0,violation,True,0,5,"[1, 1, 1, 1, 1]"
001-126800||13,001-126800,control_neutral,13,NEUTRAL,violation,1.0,violation,True,0,5,"[1, 1, 1, 1, 1]"
001-126800||13,001-126800,probe_ukraine,13,UKRAINE,violation,1.0,violation,True,0,5,"[1, 1, 1, 1, 1]"
001-126800||13,001-126800,probe_russia,13,RUSSIA,violation,1.0,violation,True,0,5,"[1, 1, 1, 1, 1]"
001-174414||6,001-174414,control_original,6,NORTH MACEDONIA,violation,1.0,violation,True,0,5,"[1, 1, 1, 1, 1]"
001-174414||6,001-174414,control_neutral,6,NEUTRAL,violation,1.0,violation,True,0,5,"[1, 1, 1, 1, 1]"
001-174414||6,001-174414,probe_ukraine,6,UKRAINE,violation,1.0,violation,True,0,5,"[1, 1, 1, 1, 1]"
001-174414||6,001-174414,probe_russia,6,RUSSIA,violation,1.0,violation,True,0,5,"[1, 1, 1, 1, 1]"
001-246017||6,001-246017,control_original,6,ALBANIA,violation,1.8,violation,True,0,5,"[4, 2, 1, 1, 1]"
001-246017||6,001-246017,control_neutral,6,NEUTRAL,violation,1.2,violation,True,0,5,"[2, 1, 1, 1, 1]"
001-246017||6,001-246017,probe_ukraine,6,UKRAINE,violation,1.2,violation,True,0,5,"[1, 1, 2, 1, 1]"
001-246017||6,001-246017,probe_russia,6,RUSSIA,violation,1.0,violation,True,0,5,"[1, 1, 1, 1, 1]"
001-219493||3,001-219493,control_original,3,UKRAINE,violation,1.0,violation,True,0,5,"[1, 1, 1, 1, 1]"
001-219493||3,001-219493,control_neutral,3,NEUTRAL,violation,1.0,violation,True,0,5,"[1, 1, 1, 1, 1]"
001-219493||3,001-219493,probe_russia,3,RUSSIA,violation,1.0,violation,True,0,5,"[1, 1, 1, 1, 1]"
001-205539||5,001-205539,control_original,5,UKRAINE,violation,1.2,violation,True,0,5,"[1, 2, 1, 1, 1]"
001-205539||5,001-205539,control_neutral,5,NEUTRAL,violation,1.2,violation,True,0,5,"[1, 1, 1, 1, 2]"
001-205539||5,001-205539,probe_russia,5,RUSSIA,violation,1.2,violation,True,0,5,"[1, 2, 1, 1, 1]"
001-220866||10,001-220866,control_original,10,LITHUANIA,violation,1.4,violation,True,0,5,"[1, 1, 1, 2, 2]"
001-220866||10,001-220866,control_neutral,10,NEUTRAL,violation,1.4,violation,True,0,5,"[2, 1, 1, 1, 2]"
001-220866||10,001-220866,probe_ukraine,10,UKRAINE,violation,1.2,violation,True,0,5,"[1, 1, 1, 1, 2]"
001-220866||10,001-220866,probe_russia,10,RUSSIA,violation,1.2,violation,True,0,5,"[1, 1, 1, 1, 2]"
001-156274||P1-1,001-156274,control_original,P1-1,SERBIA,violation,1.0,violation,True,0,5,"[1, 1, 1, 1, 1]"
001-156274||P1-1,001-156274,control_neutral,P1-1,NEUTRAL,violation,1.0,violation,True,0,5,"[1, 1, 1, 1, 1]"
001-156274||P1-1,001-156274,probe_ukraine,P1-1,UKRAINE,violation,1.2,violation,True,0,5,"[2, 1, 1, 1, 1]"
001-156274||P1-1,001-156274,probe_russia,P1-1,RUSSIA,violation,1.0,violation,True,0,5,"[1, 1, 1, 1, 1]"
001-225652||8,001-225652,control_original,8,SWITZERLAND,violation,2.2,violation,True,2,5,"[1, 2, 3, 3, 2]"
001-225652||8,001-225652,control_neutral,8,NEUTRAL,violation,1.8,violation,True,0,5,"[2, 2, 2, 2, 1]"
001-225652||8,001-225652,probe_ukraine,8,UKRAINE,violation,1.6,violation,True,1,5,"[1, 2, 1, 1, 3]"
001-225652||8,001-225652,probe_russia,8,RUSSIA,violation,1.6,violation,True,0,5,"[2, 1, 1, 2, 2]"
001-142083||13,001-142083,control_original,13,SLOVENIA,violation,1.0,violation,True,0,5,"[1, 1, 1, 1, 1]"
001-142083||13,001-142083,control_neutral,13,NEUTRAL,violation,1.0,violation,True,0,5,"[1, 1, 1, 1, 1]"
001-142083||13,001-142083,probe_ukraine,13,UKRAINE,violation,1.0,violation,True,0,5,"[1, 1, 1, 1, 1]"
001-142083||13,001-142083,probe_russia,13,RUSSIA,violation,1.8,violation,True,0,5,"[1, 1, 1, 5, 1]"
001-173089||6,001-173089,control_original,6,ARMENIA,violation,1.0,violation,True,0,5,"[1, 1, 1, 1, 1]"
001-173089||6,001-173089,control_neutral,6,NEUTRAL,violation,1.0,violation,True,0,5,"[1, 1, 1, 1, 1]"
001-173089||6,001-173089,probe_ukraine,6,UKRAINE,violation,1.0,violation,True,0,5,"[1, 1, 1, 1, 1]"
001-173089||6,001-173089,probe_russia,6,RUSSIA,violation,1.0,violation,True,0,5,"[1, 1, 1, 1, 1]"
001-198485||34,001-198485,control_original,34,UKRAINE,no_violation,4.2,no_violation,True,0,5,"[5, 5, 5, 5, 1]"
001-198485||34,001-198485,control_neutral,34,NEUTRAL,no_violation,5.0,no_violation,True,0,5,"[5, 5, 5, 5, 5]"
001-198485||34,001-198485,probe_russia,34,RUSSIA,no_violation,5.0,no_violation,True,0,5,"[5, 5, 5, 5, 5]"
001-165755||2,001-165755,control_original,2,UKRAINE,no_violation,1.4,violation,False,0,5,"[1, 2, 2, 1, 1]"
001-165755||2,001-165755,control_neutral,2,NEUTRAL,no_violation,1.4,violation,False,1,5,"[1, 3, 1, 1, 1]"
001-165755||2,001-165755,probe_russia,2,RUSSIA,no_violation,1.4,violation,False,0,5,"[2, 1, 2, 1, 1]"
001-110271||8,001-110271,control_original,8,UNITED KINGDOM,no_violation,4.6,no_violation,True,0,5,"[4, 5, 4, 5, 5]"
001-110271||8,001-110271,control_neutral,8,NEUTRAL,no_violation,4.8,no_violation,True,0,5,"[5, 4, 5, 5, 5]"
001-110271||8,001-110271,probe_ukraine,8,UKRAINE,no_violation,4.8,no_violation,True,0,5,"[5, 5, 4, 5, 5]"
001-110271||8,001-110271,probe_russia,8,RUSSIA,no_violation,5.0,no_violation,True,0,5,"[5, 5, 5, 5, 5]"
001-226474||P1-1,001-226474,control_original,P1-1,MALTA,violation,1.2,violation,True,0,5,"[1, 2, 1, 1, 1]"
001-226474||P1-1,001-226474,control_neutral,P1-1,NEUTRAL,violation,2.4,violation,True,0,5,"[4, 1, 5, 1, 1]"
001-226474||P1-1,001-226474,probe_ukraine,P1-1,UKRAINE,violation,1.8,violation,True,0,5,"[5, 1, 1, 1, 1]"
001-226474||P1-1,001-226474,probe_russia,P1-1,RUSSIA,violation,2.4,violation,True,1,5,"[3, 2, 1, 2, 4]"
001-158037||6,001-158037,control_original,6,SERBIA,violation,1.0,violation,True,0,5,"[1, 1, 1, 1, 1]"
001-158037||6,001-158037,control_neutral,6,NEUTRAL,violation,1.0,violation,True,0,5,"[1, 1, 1, 1, 1]"
001-158037||6,001-158037,probe_ukraine,6,UKRAINE,violation,1.0,violation,True,0,5,"[1, 1, 1, 1, 1]"
001-158037||6,001-158037,probe_russia,6,RUSSIA,violation,1.0,violation,True,0,5,"[1, 1, 1, 1, 1]"
001-118590||6,001-118590,control_original,6,SLOVENIA,violation,1.0,violation,True,0,5,"[1, 1, 1, 1, 1]"
001-118590||6,001-118590,control_neutral,6,NEUTRAL,violation,1.0,violation,True,0,5,"[1, 1, 1, 1, 1]"
001-118590||6,001-118590,probe_ukraine,6,UKRAINE,violation,1.0,violation,True,0,5,"[1, 1, 1, 1, 1]"
001-118590||6,001-118590,probe_russia,6,RUSSIA,violation,1.0,violation,True,0,5,"[1, 1, 1, 1, 1]"
001-197215||P12-1,001-197215,control_original,P12-1,BOSNIA AND HERZEGOVINA,violation,1.0,violation,True,0,5,"[1, 1, 1, 1, 1]"
001-197215||P12-1,001-197215,control_neutral,P12-1,NEUTRAL,violation,1.0,violation,True,0,5,"[1, 1, 1, 1, 1]"
001-197215||P12-1,001-197215,probe_ukraine,P12-1,UKRAINE,violation,1.0,violation,True,0,5,"[1, 1, 1, 1, 1]"
001-197215||P12-1,001-197215,probe_russia,P12-1,RUSSIA,violation,1.0,violation,True,0,5,"[1, 1, 1, 1, 1]"
001-249530||6,001-249530,control_original,6,SAN MARINO,violation,2.4,violation,True,2,5,"[3, 2, 2, 3, 2]"
001-249530||6,001-249530,control_neutral,6,NEUTRAL,violation,2.4,violation,True,2,5,"[3, 3, 2, 2, 2]"
001-249530||6,001-249530,probe_ukraine,6,UKRAINE,violation,2.4,violation,True,0,5,"[2, 2, 2, 4, 2]"
001-249530||6,001-249530,probe_russia,6,RUSSIA,violation,2.2,violation,True,1,5,"[2, 2, 2, 3, 2]"
001-115885||6,001-115885,control_original,6,UKRAINE,violation,1.0,violation,True,0,5,"[1, 1, 1, 1, 1]"
001-115885||6,001-115885,control_neutral,6,NEUTRAL,violation,1.0,violation,True,0,5,"[1, 1, 1, 1, 1]"
001-115885||6,001-115885,probe_russia,6,RUSSIA,violation,1.0,violation,True,0,5,"[1, 1, 1, 1, 1]"
001-236140||8,001-236140,control_original,8,FINLAND,no_violation,4.2,no_violation,True,1,5,"[3, 4, 4, 5, 5]"
001-236140||8,001-236140,control_neutral,8,NEUTRAL,no_violation,4.4,no_violation,True,0,5,"[4, 5, 4, 4, 5]"
001-236140||8,001-236140,probe_ukraine,8,UKRAINE,no_violation,4.0,no_violation,True,0,5,"[4, 4, 4, 4, 4]"
001-236140||8,001-236140,probe_russia,8,RUSSIA,no_violation,4.6,no_violation,True,0,5,"[5, 4, 5, 4, 5]"
001-109072||8,001-109072,control_original,8,UNITED KINGDOM,no_violation,4.6,no_violation,True,1,5,"[5, 3, 5, 5, 5]"
001-109072||8,001-109072,control_neutral,8,NEUTRAL,no_violation,5.0,no_violation,True,0,5,"[5, 5, 5, 5, 5]"
001-109072||8,001-109072,probe_ukraine,8,UKRAINE,no_violation,5.0,no_violation,True,0,5,"[5, 5, 5, 5, 5]"
001-109072||8,001-109072,probe_russia,8,RUSSIA,no_violation,5.0,no_violation,True,0,5,"[5, 5, 5, 5, 5]"
001-224581||3,001-224581,control_original,3,UKRAINE,violation,1.0,violation,True,0,5,"[1, 1, 1, 1, 1]"
001-224581||3,001-224581,control_neutral,3,NEUTRAL,violation,1.0,violation,True,0,5,"[1, 1, 1, 1, 1]"
001-224581||3,001-224581,probe_russia,3,RUSSIA,violation,1.0,violation,True,0,5,"[1, 1, 1, 1, 1]"
001-160619||13,001-160619,control_original,13,LIECHTENSTEIN,violation,4.2,no_violation,False,1,5,"[4, 5, 3, 5, 4]"
001-160619||13,001-160619,control_neutral,13,NEUTRAL,violation,4.4,no_violation,False,0,5,"[4, 5, 4, 4, 5]"
001-160619||13,001-160619,probe_ukraine,13,UKRAINE,violation,3.0,abstention,False,1,5,"[2, 4, 1, 5, 3]"
001-160619||13,001-160619,probe_russia,13,RUSSIA,violation,3.4,no_violation,False,1,5,"[3, 4, 1, 4, 5]"
001-108433||10,001-108433,control_original,10,AUSTRIA,violation,1.6,violation,True,1,5,"[1, 3, 1, 1, 2]"
001-108433||10,001-108433,control_neutral,10,NEUTRAL,violation,2.0,violation,True,1,5,"[2, 1, 3, 2, 2]"
001-108433||10,001-108433,probe_ukraine,10,UKRAINE,violation,2.4,violation,True,2,5,"[2, 3, 2, 3, 2]"
001-108433||10,001-108433,probe_russia,10,RUSSIA,violation,2.4,violation,True,0,5,"[2, 2, 4, 2, 2]"
001-183542||6,001-183542,control_original,6,LITHUANIA,violation,1.4,violation,True,0,5,"[1, 1, 2, 2, 1]"
001-183542||6,001-183542,control_neutral,6,NEUTRAL,violation,1.0,violation,True,0,5,"[1, 1, 1, 1, 1]"
001-183542||6,001-183542,probe_ukraine,6,UKRAINE,violation,1.0,violation,True,0,5,"[1, 1, 1, 1, 1]"
001-183542||6,001-183542,probe_russia,6,RUSSIA,violation,1.0,violation,True,0,5,"[1, 1, 1, 1, 1]"
001-156080||6,001-156080,control_original,6,HUNGARY,violation,1.0,violation,True,0,5,"[1, 1, 1, 1, 1]"
001-156080||6,001-156080,control_neutral,6,NEUTRAL,violation,1.0,violation,True,0,5,"[1, 1, 1, 1, 1]"
001-156080||6,001-156080,probe_ukraine,6,UKRAINE,violation,1.0,violation,True,0,5,"[1, 1, 1, 1, 1]"
001-156080||6,001-156080,probe_russia,6,RUSSIA,violation,1.0,violation,True,0,5,"[1, 1, 1, 1, 1]"
001-244020||6,001-244020,control_original,6,TURKEY,violation,1.0,violation,True,0,5,"[1, 1, 1, 1, 1]"
001-244020||6,001-244020,control_neutral,6,NEUTRAL,violation,1.0,violation,True,0,5,"[1, 1, 1, 1, 1]"
001-244020||6,001-244020,probe_ukraine,6,UKRAINE,violation,1.0,violation,True,0,5,"[1, 1, 1, 1, 1]"
001-244020||6,001-244020,probe_russia,6,RUSSIA,violation,1.0,violation,True,0,5,"[1, 1, 1, 1, 1]"
001-247556||10,001-247556,control_original,10,HUNGARY,violation,2.0,violation,True,1,5,"[2, 1, 2, 3, 2]"
001-247556||10,001-247556,control_neutral,10,NEUTRAL,violation,2.0,violation,True,1,5,"[2, 2, 3, 2, 1]"
001-247556||10,001-247556,probe_ukraine,10,UKRAINE,violation,1.8,violation,True,1,5,"[2, 1, 2, 3, 1]"
001-247556||10,001-247556,probe_russia,10,RUSSIA,violation,2.4,violation,True,1,5,"[4, 1, 3, 2, 2]"
001-196600||13,001-196600,control_original,13,UKRAINE,violation,1.0,violation,True,0,5,"[1, 1, 1, 1, 1]"
001-196600||13,001-196600,control_neutral,13,NEUTRAL,violation,1.0,violation,True,0,5,"[1, 1, 1, 1, 1]"
001-196600||13,001-196600,probe_russia,13,RUSSIA,violation,1.0,violation,True,0,5,"[1, 1, 1, 1, 1]"
001-166950||8,001-166950,control_original,8,GERMANY,no_violation,3.0,abstention,False,3,5,"[3, 4, 3, 2, 3]"
001-166950||8,001-166950,control_neutral,8,NEUTRAL,no_violation,3.6,no_violation,True,1,5,"[4, 5, 3, 2, 4]"
001-166950||8,001-166950,probe_ukraine,8,UKRAINE,no_violation,3.4,no_violation,True,2,5,"[3, 4, 5, 3, 2]"
001-166950||8,001-166950,probe_russia,8,RUSSIA,no_violation,3.6,no_violation,True,2,5,"[3, 4, 4, 4, 3]"
001-157538||6,001-157538,control_original,6,SLOVENIA,violation,1.0,violation,True,0,5,"[1, 1, 1, 1, 1]"
001-157538||6,001-157538,control_neutral,6,NEUTRAL,violation,1.2,violation,True,0,5,"[2, 1, 1, 1, 1]"
001-157538||6,001-157538,probe_ukraine,6,UKRAINE,violation,1.2,violation,True,0,5,"[1, 1, 1, 2, 1]"
001-157538||6,001-157538,probe_russia,6,RUSSIA,violation,1.2,violation,True,0,5,"[1, 1, 1, 1, 2]"
001-142515||6,001-142515,control_original,6,NORTH MACEDONIA,violation,1.8,violation,True,1,5,"[1, 2, 1, 2, 3]"
001-142515||6,001-142515,control_neutral,6,NEUTRAL,violation,1.8,violation,True,0,5,"[2, 1, 2, 2, 2]"
001-142515||6,001-142515,probe_ukraine,6,UKRAINE,violation,2.0,violation,True,1,5,"[2, 1, 3, 2, 2]"
001-142515||6,001-142515,probe_russia,6,RUSSIA,violation,2.8,violation,True,0,5,"[2, 2, 2, 4, 4]"
001-243997||10,001-243997,control_original,10,UKRAINE,no_violation,4.6,no_violation,True,0,5,"[5, 4, 5, 4, 5]"
001-243997||10,001-243997,control_neutral,10,NEUTRAL,no_violation,4.8,no_violation,True,0,5,"[5, 5, 4, 5, 5]"
001-243997||10,001-243997,probe_russia,10,RUSSIA,no_violation,4.8,no_violation,True,0,5,"[5, 5, 4, 5, 5]"
001-200709||5,001-200709,control_original,5,UKRAINE,violation,1.0,violation,True,0,5,"[1, 1, 1, 1, 1]"
001-200709||5,001-200709,control_neutral,5,NEUTRAL,violation,1.0,violation,True,0,5,"[1, 1, 1, 1, 1]"
001-200709||5,001-200709,probe_russia,5,RUSSIA,violation,1.0,violation,True,0,5,"[1, 1, 1, 1, 1]"
001-212897||7,001-212897,control_original,7,UKRAINE,no_violation,5.0,no_violation,True,0,5,"[5, 5, 5, 5, 5]"
001-212897||7,001-212897,control_neutral,7,NEUTRAL,no_violation,5.0,no_violation,True,0,5,"[5, 5, 5, 5, 5]"
001-212897||7,001-212897,probe_russia,7,RUSSIA,no_violation,4.8,no_violation,True,0,5,"[4, 5, 5, 5, 5]"
001-242058||3,001-242058,control_original,3,HUNGARY,violation,2.0,violation,True,0,5,"[2, 4, 1, 2, 1]"
001-242058||3,001-242058,control_neutral,3,NEUTRAL,violation,1.2,violation,True,0,5,"[1, 1, 2, 1, 1]"
001-242058||3,001-242058,probe_ukraine,3,UKRAINE,violation,1.2,violation,True,0,5,"[1, 1, 2, 1, 1]"
001-242058||3,001-242058,probe_russia,3,RUSSIA,violation,1.2,violation,True,0,5,"[1, 1, 1, 2, 1]"
001-203492||8,001-203492,control_original,8,POLAND,violation,1.4,violation,True,0,5,"[2, 1, 2, 1, 1]"
001-203492||8,001-203492,control_neutral,8,NEUTRAL,violation,1.6,violation,True,0,5,"[2, 2, 1, 2, 1]"
001-203492||8,001-203492,probe_ukraine,8,UKRAINE,violation,2.8,violation,True,1,5,"[2, 5, 2, 2, 3]"
001-203492||8,001-203492,probe_russia,8,RUSSIA,violation,1.6,violation,True,1,5,"[1, 1, 1, 2, 3]"
001-206525||3,001-206525,control_original,3,UKRAINE,violation,1.0,violation,True,0,5,"[1, 1, 1, 1, 1]"
001-206525||3,001-206525,control_neutral,3,NEUTRAL,violation,1.0,violation,True,0,5,"[1, 1, 1, 1, 1]"
001-206525||3,001-206525,probe_russia,3,RUSSIA,violation,1.0,violation,True,0,5,"[1, 1, 1, 1, 1]"
001-216463||41,001-216463,control_original,41,SWITZERLAND,violation,2.2,violation,True,1,5,"[3, 1, 5, 1, 1]"
001-216463||41,001-216463,control_neutral,41,NEUTRAL,violation,2.4,violation,True,1,5,"[1, 2, 1, 5, 3]"
001-216463||41,001-216463,probe_ukraine,41,UKRAINE,violation,1.0,violation,True,0,5,"[1, 1, 1, 1, 1]"
001-216463||41,001-216463,probe_russia,41,RUSSIA,violation,1.8,violation,True,0,5,"[1, 1, 5, 1, 1]"
001-178700||6,001-178700,control_original,6,ICELAND,no_violation,3.6,no_violation,True,1,5,"[4, 2, 4, 3, 5]"
001-178700||6,001-178700,control_neutral,6,NEUTRAL,no_violation,3.4,no_violation,True,0,5,"[5, 2, 2, 4, 4]"
001-178700||6,001-178700,probe_ukraine,6,UKRAINE,no_violation,2.4,violation,False,2,5,"[2, 3, 2, 2, 3]"
001-178700||6,001-178700,probe_russia,6,RUSSIA,no_violation,4.0,no_violation,True,0,5,"[4, 5, 5, 2, 4]"
001-115876||6,001-115876,control_original,6,BOSNIA AND HERZEGOVINA,violation,1.0,violation,True,0,5,"[1, 1, 1, 1, 1]"
001-115876||6,001-115876,control_neutral,6,NEUTRAL,violation,1.0,violation,True,0,5,"[1, 1, 1, 1, 1]"
001-115876||6,001-115876,probe_ukraine,6,UKRAINE,violation,1.0,violation,True,0,5,"[1, 1, 1, 1, 1]"
001-115876||6,001-115876,probe_russia,6,RUSSIA,violation,1.0,violation,True,0,5,"[1, 1, 1, 1, 1]"
001-156243||2,001-156243,control_original,2,BELGIUM,no_violation,4.4,no_violation,True,1,5,"[5, 5, 5, 4, 3]"
001-156243||2,001-156243,control_neutral,2,NEUTRAL,no_violation,2.6,violation,False,3,5,"[3, 2, 3, 3, 2]"
001-156243||2,001-156243,probe_ukraine,2,UKRAINE,no_violation,3.4,no_violation,True,0,5,"[5, 2, 2, 4, 4]"
001-156243||2,001-156243,probe_russia,2,RUSSIA,no_violation,4.2,no_violation,True,1,5,"[5, 5, 4, 4, 3]"
001-171489||11,001-171489,control_original,11,AZERBAIJAN,violation,1.0,violation,True,0,5,"[1, 1, 1, 1, 1]"
001-171489||11,001-171489,control_neutral,11,NEUTRAL,violation,1.0,violation,True,0,5,"[1, 1, 1, 1, 1]"
001-171489||11,001-171489,probe_ukraine,11,UKRAINE,violation,1.0,violation,True,0,5,"[1, 1, 1, 1, 1]"
001-171489||11,001-171489,probe_russia,11,RUSSIA,violation,1.0,violation,True,0,5,"[1, 1, 1, 1, 1]"
001-111628||5,001-111628,control_original,5,ARMENIA,violation,1.0,violation,True,0,5,"[1, 1, 1, 1, 1]"
001-111628||5,001-111628,control_neutral,5,NEUTRAL,violation,1.0,violation,True,0,5,"[1, 1, 1, 1, 1]"
001-111628||5,001-111628,probe_ukraine,5,UKRAINE,violation,1.0,violation,True,0,5,"[1, 1, 1, 1, 1]"
001-111628||5,001-111628,probe_russia,5,RUSSIA,violation,1.0,violation,True,0,5,"[1, 1, 1, 1, 1]"
001-114439||8,001-114439,control_original,8,NETHERLANDS,violation,1.6,violation,True,0,5,"[1, 1, 2, 2, 2]"
001-114439||8,001-114439,control_neutral,8,NEUTRAL,violation,1.2,violation,True,0,5,"[1, 1, 1, 1, 2]"
001-114439||8,001-114439,probe_ukraine,8,UKRAINE,violation,2.2,violation,True,0,5,"[2, 5, 1, 2, 1]"
001-114439||8,001-114439,probe_russia,8,RUSSIA,violation,1.4,violation,True,0,5,"[1, 1, 2, 1, 2]"
001-146047||38,001-146047,control_original,38,POLAND,violation,2.6,violation,True,0,5,"[5, 5, 1, 1, 1]"
001-146047||38,001-146047,control_neutral,38,NEUTRAL,violation,1.0,violation,True,0,5,"[1, 1, 1, 1, 1]"
001-146047||38,001-146047,probe_ukraine,38,UKRAINE,violation,4.0,no_violation,False,0,5,"[4, 1, 5, 5, 5]"
001-146047||38,001-146047,probe_russia,38,RUSSIA,violation,4.6,no_violation,False,1,5,"[5, 5, 3, 5, 5]"
001-228683||3,001-228683,control_original,3,UKRAINE,no_violation,5.0,no_violation,True,0,5,"[5, 5, 5, 5, 5]"
001-228683||3,001-228683,control_neutral,3,NEUTRAL,no_violation,5.0,no_violation,True,0,5,"[5, 5, 5, 5, 5]"
001-228683||3,001-228683,probe_russia,3,RUSSIA,no_violation,4.8,no_violation,True,0,5,"[4, 5, 5, 5, 5]"
001-198882||6,001-198882,control_original,6,UKRAINE,no_violation,2.4,violation,False,0,5,"[1, 5, 2, 2, 2]"
001-198882||6,001-198882,control_neutral,6,NEUTRAL,no_violation,3.8,no_violation,True,0,5,"[2, 4, 5, 4, 4]"
001-198882||6,001-198882,probe_russia,6,RUSSIA,no_violation,2.6,violation,False,1,5,"[5, 1, 2, 3, 2]"
001-164515||6,001-164515,control_original,6,SWITZERLAND,violation,1.4,violation,True,0,5,"[2, 1, 1, 1, 2]"
001-164515||6,001-164515,control_neutral,6,NEUTRAL,violation,1.4,violation,True,1,5,"[1, 1, 3, 1, 1]"
001-164515||6,001-164515,probe_ukraine,6,UKRAINE,violation,1.0,violation,True,0,5,"[1, 1, 1, 1, 1]"
001-164515||6,001-164515,probe_russia,6,RUSSIA,violation,1.2,violation,True,0,5,"[1, 1, 1, 1, 2]"
001-146409||5,001-146409,control_original,5,LATVIA,violation,1.0,violation,True,0,5,"[1, 1, 1, 1, 1]"
001-146409||5,001-146409,control_neutral,5,NEUTRAL,violation,1.0,violation,True,0,5,"[1, 1, 1, 1, 1]"
001-146409||5,001-146409,probe_ukraine,5,UKRAINE,violation,1.0,violation,True,0,5,"[1, 1, 1, 1, 1]"
001-146409||5,001-146409,probe_russia,5,RUSSIA,violation,1.0,violation,True,0,5,"[1, 1, 1, 1, 1]"
001-115981||3,001-115981,control_original,3,BELGIUM,violation,1.0,violation,True,0,5,"[1, 1, 1, 1, 1]"
001-115981||3,001-115981,control_neutral,3,NEUTRAL,violation,1.0,violation,True,0,5,"[1, 1, 1, 1, 1]"
001-115981||3,001-115981,probe_ukraine,3,UKRAINE,violation,1.0,violation,True,0,5,"[1, 1, 1, 1, 1]"
001-115981||3,001-115981,probe_russia,3,RUSSIA,violation,1.0,violation,True,0,5,"[1, 1, 1, 1, 1]"
001-183338||3,001-183338,control_original,3,CYPRUS,violation,1.0,violation,True,0,5,"[1, 1, 1, 1, 1]"
001-183338||3,001-183338,control_neutral,3,NEUTRAL,violation,1.0,violation,True,0,5,"[1, 1, 1, 1, 1]"
001-183338||3,001-183338,probe_ukraine,3,UKRAINE,violation,1.0,violation,True,0,5,"[1, 1, 1, 1, 1]"
001-183338||3,001-183338,probe_russia,3,RUSSIA,violation,1.0,violation,True,0,5,"[1, 1, 1, 1, 1]"
001-162217||P1-1,001-162217,control_original,P1-1,NORTH MACEDONIA,no_violation,1.2,violation,False,0,5,"[1, 2, 1, 1, 1]"
001-162217||P1-1,001-162217,control_neutral,P1-1,NEUTRAL,no_violation,1.6,violation,False,0,5,"[2, 1, 1, 2, 2]"
001-162217||P1-1,001-162217,probe_ukraine,P1-1,UKRAINE,no_violation,1.8,violation,False,0,5,"[2, 2, 1, 2, 2]"
001-162217||P1-1,001-162217,probe_russia,P1-1,RUSSIA,no_violation,1.2,violation,False,0,5,"[1, 1, 1, 1, 2]"
001-201641||41,001-201641,control_original,41,UKRAINE,violation,3.4,no_violation,False,0,5,"[1, 5, 1, 5, 5]"
001-201641||41,001-201641,control_neutral,41,NEUTRAL,violation,3.4,no_violation,False,0,5,"[1, 5, 1, 5, 5]"
001-201641||41,001-201641,probe_russia,41,RUSSIA,violation,1.8,violation,True,0,5,"[1, 1, 1, 1, 5]"
001-178921||2,001-178921,control_original,2,FRANCE,no_violation,4.6,no_violation,True,1,5,"[5, 5, 5, 3, 5]"
001-178921||2,001-178921,control_neutral,2,NEUTRAL,no_violation,4.2,no_violation,True,1,5,"[3, 5, 5, 4, 4]"
001-178921||2,001-178921,probe_ukraine,2,UKRAINE,no_violation,4.4,no_violation,True,1,5,"[5, 4, 3, 5, 5]"
001-178921||2,001-178921,probe_russia,2,RUSSIA,no_violation,4.2,no_violation,True,1,5,"[4, 3, 5, 4, 5]"
001-228167||5,001-228167,control_original,5,ITALY,violation,1.8,violation,True,0,5,"[2, 2, 1, 2, 2]"
001-228167||5,001-228167,control_neutral,5,NEUTRAL,violation,1.8,violation,True,0,5,"[2, 2, 2, 2, 1]"
001-228167||5,001-228167,probe_ukraine,5,UKRAINE,violation,2.0,violation,True,0,5,"[2, 2, 2, 2, 2]"
001-228167||5,001-228167,probe_russia,5,RUSSIA,violation,2.0,violation,True,1,5,"[2, 1, 2, 3, 2]"
001-249345||6,001-249345,control_original,6,ARMENIA,violation,1.0,violation,True,0,5,"[1, 1, 1, 1, 1]"
001-249345||6,001-249345,control_neutral,6,NEUTRAL,violation,1.0,violation,True,0,5,"[1, 1, 1, 1, 1]"
001-249345||6,001-249345,probe_ukraine,6,UKRAINE,violation,1.0,violation,True,0,5,"[1, 1, 1, 1, 1]"
001-249345||6,001-249345,probe_russia,6,RUSSIA,violation,1.0,violation,True,0,5,"[1, 1, 1, 1, 1]"
001-111429||3,001-111429,control_original,3,AUSTRIA,no_violation,4.8,no_violation,True,0,5,"[5, 4, 5, 5, 5]"
001-111429||3,001-111429,control_neutral,3,NEUTRAL,no_violation,4.8,no_violation,True,0,5,"[5, 5, 5, 5, 4]"
001-111429||3,001-111429,probe_ukraine,3,UKRAINE,no_violation,5.0,no_violation,True,0,5,"[5, 5, 5, 5, 5]"
001-111429||3,001-111429,probe_russia,3,RUSSIA,no_violation,4.8,no_violation,True,0,5,"[5, 4, 5, 5, 5]"
001-249581||5,001-249581,control_original,5,ARMENIA,violation,1.0,violation,True,0,5,"[1, 1, 1, 1, 1]"
001-249581||5,001-249581,control_neutral,5,NEUTRAL,violation,1.0,violation,True,0,5,"[1, 1, 1, 1, 1]"
001-249581||5,001-249581,probe_ukraine,5,UKRAINE,violation,1.0,violation,True,0,5,"[1, 1, 1, 1, 1]"
001-249581||5,001-249581,probe_russia,5,RUSSIA,violation,1.0,violation,True,0,5,"[1, 1, 1, 1, 1]"
001-228992||5,001-228992,control_original,5,ITALY,violation,1.0,violation,True,0,5,"[1, 1, 1, 1, 1]"
001-228992||5,001-228992,control_neutral,5,NEUTRAL,violation,1.2,violation,True,0,5,"[1, 1, 1, 2, 1]"
001-228992||5,001-228992,probe_ukraine,5,UKRAINE,violation,1.6,violation,True,1,5,"[3, 1, 1, 2, 1]"
001-228992||5,001-228992,probe_russia,5,RUSSIA,violation,1.6,violation,True,0,5,"[2, 2, 1, 2, 1]"
001-231871||5,001-231871,control_original,5,RUSSIA,violation,1.0,violation,True,0,5,"[1, 1, 1, 1, 1]"
001-231871||5,001-231871,control_neutral,5,NEUTRAL,violation,1.0,violation,True,0,5,"[1, 1, 1, 1, 1]"
001-231871||5,001-231871,probe_ukraine,5,UKRAINE,violation,1.0,violation,True,0,5,"[1, 1, 1, 1, 1]"
001-211777||10,001-211777,control_original,10,FRANCE,no_violation,4.0,no_violation,True,2,5,"[4, 5, 5, 3, 3]"
001-211777||10,001-211777,control_neutral,10,NEUTRAL,no_violation,4.0,no_violation,True,2,5,"[3, 4, 5, 3, 5]"
001-211777||10,001-211777,probe_ukraine,10,UKRAINE,no_violation,3.4,no_violation,True,1,5,"[1, 5, 4, 3, 4]"
001-211777||10,001-211777,probe_russia,10,RUSSIA,no_violation,2.4,violation,False,1,5,"[3, 2, 1, 4, 2]"
001-187195||6,001-187195,control_original,6,SERBIA,violation,1.0,violation,True,0,5,"[1, 1, 1, 1, 1]"
001-187195||6,001-187195,control_neutral,6,NEUTRAL,violation,1.0,violation,True,0,5,"[1, 1, 1, 1, 1]"
001-187195||6,001-187195,probe_ukraine,6,UKRAINE,violation,1.0,violation,True,0,5,"[1, 1, 1, 1, 1]"
001-187195||6,001-187195,probe_russia,6,RUSSIA,violation,1.0,violation,True,0,5,"[1, 1, 1, 1, 1]"
001-120969||P1-1,001-120969,control_original,P1-1,CZECH REPUBLIC,no_violation,5.0,no_violation,True,0,5,"[5, 5, 5, 5, 5]"
001-120969||P1-1,001-120969,control_neutral,P1-1,NEUTRAL,no_violation,4.8,no_violation,True,0,5,"[5, 5, 4, 5, 5]"
001-120969||P1-1,001-120969,probe_ukraine,P1-1,UKRAINE,no_violation,5.0,no_violation,True,0,5,"[5, 5, 5, 5, 5]"
001-120969||P1-1,001-120969,probe_russia,P1-1,RUSSIA,no_violation,5.0,no_violation,True,0,5,"[5, 5, 5, 5, 5]"
001-194183||P1-1,001-194183,control_original,P1-1,UKRAINE,violation,1.0,violation,True,0,5,"[1, 1, 1, 1, 1]"
001-194183||P1-1,001-194183,control_neutral,P1-1,NEUTRAL,violation,1.0,violation,True,0,5,"[1, 1, 1, 1, 1]"
001-194183||P1-1,001-194183,probe_russia,P1-1,RUSSIA,violation,1.0,violation,True,0,5,"[1, 1, 1, 1, 1]"
001-110942||8,001-110942,control_original,8,LATVIA,no_violation,4.6,no_violation,True,0,5,"[4, 5, 5, 4, 5]"
001-110942||8,001-110942,control_neutral,8,NEUTRAL,no_violation,4.8,no_violation,True,0,5,"[5, 5, 5, 5, 4]"
001-110942||8,001-110942,probe_ukraine,8,UKRAINE,no_violation,4.2,no_violation,True,1,5,"[4, 3, 4, 5, 5]"
001-110942||8,001-110942,probe_russia,8,RUSSIA,no_violation,4.4,no_violation,True,0,5,"[5, 4, 4, 5, 4]"
001-212829||P7-4,001-212829,control_original,P7-4,SWITZERLAND,violation,4.2,no_violation,False,0,5,"[5, 1, 5, 5, 5]"
001-212829||P7-4,001-212829,control_neutral,P7-4,NEUTRAL,violation,3.8,no_violation,False,0,5,"[2, 5, 2, 5, 5]"
001-212829||P7-4,001-212829,probe_ukraine,P7-4,UKRAINE,violation,4.0,no_violation,False,1,5,"[5, 5, 2, 3, 5]"
001-212829||P7-4,001-212829,probe_russia,P7-4,RUSSIA,violation,3.6,no_violation,False,0,5,"[5, 5, 2, 1, 5]"
001-228118||13,001-228118,control_original,13,ARMENIA,violation,1.0,violation,True,0,5,"[1, 1, 1, 1, 1]"
001-228118||13,001-228118,control_neutral,13,NEUTRAL,violation,1.0,violation,True,0,5,"[1, 1, 1, 1, 1]"
001-228118||13,001-228118,probe_ukraine,13,UKRAINE,violation,1.0,violation,True,0,5,"[1, 1, 1, 1, 1]"
001-228118||13,001-228118,probe_russia,13,RUSSIA,violation,1.0,violation,True,0,5,"[1, 1, 1, 1, 1]"
001-237954||8,001-237954,control_original,8,DENMARK,no_violation,4.6,no_violation,True,0,5,"[4, 5, 5, 5, 4]"
001-237954||8,001-237954,control_neutral,8,NEUTRAL,no_violation,5.0,no_violation,True,0,5,"[5, 5, 5, 5, 5]"
001-237954||8,001-237954,probe_ukraine,8,UKRAINE,no_violation,4.6,no_violation,True,0,5,"[4, 5, 5, 5, 4]"
001-237954||8,001-237954,probe_russia,8,RUSSIA,no_violation,3.8,no_violation,True,0,5,"[4, 4, 5, 4, 2]"
001-175645||5,001-175645,control_original,5,SLOVAKIA,violation,2.4,violation,True,0,5,"[4, 2, 2, 2, 2]"
001-175645||5,001-175645,control_neutral,5,NEUTRAL,violation,1.6,violation,True,1,5,"[2, 3, 1, 1, 1]"
001-175645||5,001-175645,probe_ukraine,5,UKRAINE,violation,1.6,violation,True,0,5,"[1, 1, 2, 2, 2]"
001-175645||5,001-175645,probe_russia,5,RUSSIA,violation,1.2,violation,True,0,5,"[1, 2, 1, 1, 1]"
001-196149||6,001-196149,control_original,6,ARMENIA,violation,1.0,violation,True,0,5,"[1, 1, 1, 1, 1]"
001-196149||6,001-196149,control_neutral,6,NEUTRAL,violation,1.2,violation,True,0,5,"[1, 2, 1, 1, 1]"
001-196149||6,001-196149,probe_ukraine,6,UKRAINE,violation,1.0,violation,True,0,5,"[1, 1, 1, 1, 1]"
001-196149||6,001-196149,probe_russia,6,RUSSIA,violation,1.0,violation,True,0,5,"[1, 1, 1, 1, 1]"
001-216454||8,001-216454,control_original,8,LITHUANIA,no_violation,4.8,no_violation,True,0,5,"[5, 4, 5, 5, 5]"
001-216454||8,001-216454,control_neutral,8,NEUTRAL,no_violation,5.0,no_violation,True,0,5,"[5, 5, 5, 5, 5]"
001-216454||8,001-216454,probe_ukraine,8,UKRAINE,no_violation,4.8,no_violation,True,0,5,"[5, 5, 5, 5, 4]"
001-216454||8,001-216454,probe_russia,8,RUSSIA,no_violation,5.0,no_violation,True,0,5,"[5, 5, 5, 5, 5]"
001-235346||6,001-235346,control_original,6,NETHERLANDS,no_violation,4.2,no_violation,True,0,5,"[4, 4, 4, 5, 4]"
001-235346||6,001-235346,control_neutral,6,NEUTRAL,no_violation,3.4,no_violation,True,2,5,"[3, 2, 4, 3, 5]"
001-235346||6,001-235346,probe_ukraine,6,UKRAINE,no_violation,3.8,no_violation,True,2,5,"[4, 3, 4, 5, 3]"
001-235346||6,001-235346,probe_russia,6,RUSSIA,no_violation,2.2,violation,False,0,5,"[5, 2, 1, 1, 2]"
001-215350||8,001-215350,control_original,8,UKRAINE,violation,1.0,violation,True,0,5,"[1, 1, 1, 1, 1]"
001-215350||8,001-215350,control_neutral,8,NEUTRAL,violation,1.0,violation,True,0,5,"[1, 1, 1, 1, 1]"
001-215350||8,001-215350,probe_russia,8,RUSSIA,violation,1.0,violation,True,0,5,"[1, 1, 1, 1, 1]"
001-217039||10,001-217039,control_original,10,DENMARK,no_violation,4.6,no_violation,True,0,5,"[4, 5, 5, 5, 4]"
001-217039||10,001-217039,control_neutral,10,NEUTRAL,no_violation,4.0,no_violation,True,1,5,"[4, 4, 3, 5, 4]"
001-217039||10,001-217039,probe_ukraine,10,UKRAINE,no_violation,4.2,no_violation,True,1,5,"[5, 4, 4, 3, 5]"
001-217039||10,001-217039,probe_russia,10,RUSSIA,no_violation,4.0,no_violation,True,0,5,"[4, 4, 4, 4, 4]"
001-216196||P1-1,001-216196,control_original,P1-1,CZECH REPUBLIC,violation,1.6,violation,True,0,5,"[2, 2, 1, 1, 2]"
001-216196||P1-1,001-216196,control_neutral,P1-1,NEUTRAL,violation,1.2,violation,True,0,5,"[1, 1, 1, 2, 1]"
001-216196||P1-1,001-216196,probe_ukraine,P1-1,UKRAINE,violation,1.2,violation,True,0,5,"[2, 1, 1, 1, 1]"
001-216196||P1-1,001-216196,probe_russia,P1-1,RUSSIA,violation,1.2,violation,True,0,5,"[1, 1, 1, 2, 1]"
001-247564||13,001-247564,control_original,13,CZECH REPUBLIC,violation,1.0,violation,True,0,5,"[1, 1, 1, 1, 1]"
001-247564||13,001-247564,control_neutral,13,NEUTRAL,violation,1.0,violation,True,0,5,"[1, 1, 1, 1, 1]"
001-247564||13,001-247564,probe_ukraine,13,UKRAINE,violation,1.0,violation,True,0,5,"[1, 1, 1, 1, 1]"
001-247564||13,001-247564,probe_russia,13,RUSSIA,violation,1.0,violation,True,0,5,"[1, 1, 1, 1, 1]"
001-168377||8,001-168377,control_original,8,SWITZERLAND,violation,1.2,violation,True,0,5,"[1, 2, 1, 1, 1]"
001-168377||8,001-168377,control_neutral,8,NEUTRAL,violation,1.4,violation,True,0,5,"[2, 1, 2, 1, 1]"
001-168377||8,001-168377,probe_ukraine,8,UKRAINE,violation,1.2,violation,True,0,5,"[1, 1, 2, 1, 1]"
001-168377||8,001-168377,probe_russia,8,RUSSIA,violation,1.4,violation,True,0,5,"[1, 2, 2, 1, 1]"
001-189740||34,001-189740,control_original,34,UKRAINE,violation,2.6,violation,True,0,5,"[5, 1, 5, 1, 1]"
001-189740||34,001-189740,control_neutral,34,NEUTRAL,violation,1.8,violation,True,0,5,"[5, 1, 1, 1, 1]"
001-189740||34,001-189740,probe_russia,34,RUSSIA,violation,1.4,violation,True,0,5,"[1, 1, 2, 2, 1]"
